Created by PLY version 3.11 (http://www.dabeaz.com/ply)

Unused terminals:

    UNARY_OP

Grammar

Rule 0     S' -> program
Rule 1     program -> decl_list TOKEN_EOF
Rule 2     expr_stmt -> expr TOKEN_SEMICOLON
Rule 3     assignment -> unary TOKEN_LSHIFT_ASSIGN assignment
Rule 4     enum_member_list -> enum_member_list TOKEN_COMMA TOKEN_IDENTIFIER
Rule 5     enum_member_list -> TOKEN_IDENTIFIER
Rule 6     union_decl -> TOKEN_KW_UNION TOKEN_IDENTIFIER TOKEN_LBRACE union_member_list TOKEN_RBRACE TOKEN_SEMICOLON
Rule 7     union_decl -> TOKEN_KW_UNION TOKEN_IDENTIFIER TOKEN_IDENTIFIER TOKEN_SEMICOLON
Rule 8     union_member_list -> union_member_list var_decl
Rule 9     union_member_list -> var_decl
Rule 10    decl_list -> decl_list decl
Rule 11    decl_list -> <empty>
Rule 12    var_decl -> type TOKEN_IDENTIFIER TOKEN_ASSIGN expr TOKEN_SEMICOLON
Rule 13    var_decl -> type TOKEN_IDENTIFIER TOKEN_SEMICOLON
Rule 14    assignment -> unary TOKEN_RSHIFT_ASSIGN assignment
Rule 15    var_decl -> type TOKEN_IDENTIFIER array_struct TOKEN_ASSIGN array_init TOKEN_SEMICOLON
Rule 16    var_decl -> type TOKEN_IDENTIFIER array_struct TOKEN_SEMICOLON
Rule 17    func_decl -> TOKEN_KW_FUNCTION type TOKEN_IDENTIFIER TOKEN_LPAREN param_list TOKEN_RPAREN func_suffix
Rule 18    func_decl -> TOKEN_KW_ASYNC TOKEN_KW_FUNCTION type TOKEN_IDENTIFIER TOKEN_LPAREN param_list TOKEN_RPAREN func_suffix
Rule 19    typealias_decl -> TOKEN_KW_TYPEALIAS TOKEN_IDENTIFIER TOKEN_ASSIGN type TOKEN_SEMICOLON
Rule 20    modifier -> TOKEN_KW_CONST
Rule 21    modifier -> TOKEN_KW_MUT
Rule 22    modifier -> TOKEN_KW_STATIC
Rule 23    modifier -> TOKEN_KW_VOLATILE
Rule 24    modifier -> TOKEN_KW_ATOMIC
Rule 25    ternary -> logical_or
Rule 26    modifier -> TOKEN_KW_SHARED
Rule 27    modifier -> TOKEN_KW_PRIVATE
Rule 28    modifier -> TOKEN_KW_PUBLIC
Rule 29    modifier_list -> modifier_list modifier
Rule 30    modifier_list -> modifier
Rule 31    type -> channel_type
Rule 32    type -> pointer_type
Rule 33    pointer_type -> pointer_type TOKEN_STAR
Rule 34    pointer_type -> pointer_type TOKEN_AMPERSAND
Rule 35    pointer_type -> base_type
Rule 36    ternary -> logical_or TOKEN_QUESTION expr TOKEN_COLON ternary
Rule 37    channel_type -> TOKEN_KW_CHAN type
Rule 38    base_type -> modifier_list TOKEN_KW_INT
Rule 39    base_type -> modifier_list TOKEN_KW_SHORT
Rule 40    base_type -> modifier_list TOKEN_KW_LONG
Rule 41    base_type -> modifier_list TOKEN_KW_BYTE
Rule 42    base_type -> modifier_list TOKEN_KW_FLOAT
Rule 43    base_type -> modifier_list TOKEN_KW_DOUBLE
Rule 44    base_type -> modifier_list TOKEN_KW_CHAR
Rule 45    base_type -> modifier_list TOKEN_KW_STRING
Rule 46    base_type -> modifier_list TOKEN_KW_BOOL
Rule 47    logical_or -> logical_and
Rule 48    base_type -> modifier_list TOKEN_KW_STRUCT
Rule 49    base_type -> modifier_list TOKEN_KW_ENUM
Rule 50    base_type -> modifier_list TOKEN_KW_UNION
Rule 51    base_type -> modifier_list TOKEN_KW_VOID
Rule 52    base_type -> TOKEN_KW_MUTEX
Rule 53    base_type -> modifier_list TOKEN_IDENTIFIER
Rule 54    factor -> TOKEN_INT_LITERAL
Rule 55    factor -> TOKEN_FLOAT_LITERAL
Rule 56    factor -> TOKEN_CHAR_LITERAL
Rule 57    factor -> TOKEN_STRING_LITERAL
Rule 58    logical_or -> logical_or TOKEN_OR logical_and
Rule 59    factor -> TOKEN_BOOL_LITERAL
Rule 60    func_suffix -> TOKEN_SEMICOLON
Rule 61    func_suffix -> func_body
Rule 62    func_body -> TOKEN_LBRACE stmt_list TOKEN_RBRACE
Rule 63    param -> type TOKEN_IDENTIFIER
Rule 64    param_list -> param_list_nonempty
Rule 65    param_list -> <empty>
Rule 66    param_list_nonempty -> param
Rule 67    param_list_nonempty -> param_list_nonempty TOKEN_COMMA param
Rule 68    block -> TOKEN_LBRACE stmt_list TOKEN_RBRACE
Rule 69    logical_and -> bit_or
Rule 70    block -> TOKEN_LBRACE TOKEN_RBRACE
Rule 71    case_block -> TOKEN_LBRACE case_list default_stmt TOKEN_RBRACE
Rule 72    case_block -> TOKEN_LBRACE case_list TOKEN_RBRACE
Rule 73    match_block -> TOKEN_LBRACE match_list default_match_stmt TOKEN_RBRACE
Rule 74    match_block -> TOKEN_LBRACE match_list TOKEN_RBRACE
Rule 75    match_list -> match_list match_arm
Rule 76    match_list -> match_arm
Rule 77    match_arm -> expr TOKEN_FAT_ARROW block TOKEN_SEMICOLON
Rule 78    array_struct -> array_struct TOKEN_LBRACKET expr TOKEN_RBRACKET
Rule 79    array_struct -> TOKEN_LBRACKET expr TOKEN_RBRACKET
Rule 80    logical_and -> logical_and TOKEN_AND bit_or
Rule 81    array_struct -> TOKEN_LBRACKET TOKEN_RBRACKET
Rule 82    array_init -> TOKEN_LBRACE init_list TOKEN_RBRACE
Rule 83    init_list -> init_list TOKEN_COMMA initializer
Rule 84    init_list -> initializer
Rule 85    initializer -> expr
Rule 86    initializer -> array_init
Rule 87    if_stmt -> TOKEN_KW_IF TOKEN_LPAREN expr TOKEN_RPAREN block else
Rule 88    else -> TOKEN_KW_ELSE block
Rule 89    else -> lower_than_else
Rule 90    lower_than_else -> TOKEN_KW_ELSE if_stmt
Rule 91    bit_or -> xor
Rule 92    lower_than_else -> <empty>
Rule 93    while_stmt -> TOKEN_KW_WHILE TOKEN_LPAREN expr TOKEN_RPAREN stmt
Rule 94    do_stmt -> TOKEN_KW_DO block TOKEN_KW_WHILE TOKEN_LPAREN expr TOKEN_RPAREN TOKEN_SEMICOLON
Rule 95    for_stmt -> TOKEN_KW_FOR TOKEN_LPAREN for_init TOKEN_RPAREN stmt
Rule 96    for_init -> type TOKEN_IDENTIFIER TOKEN_ASSIGN expr TOKEN_COMMA expr TOKEN_COMMA expr
Rule 97    switch_stmt -> TOKEN_KW_SWITCH TOKEN_LPAREN expr TOKEN_RPAREN case_block
Rule 98    case_stmt -> TOKEN_KW_CASE expr TOKEN_COLON block TOKEN_KW_BREAK TOKEN_SEMICOLON
Rule 99    default_stmt -> TOKEN_KW_DEFAULT TOKEN_COLON block TOKEN_KW_BREAK TOKEN_SEMICOLON
Rule 100   continue_stmt -> TOKEN_KW_CONTINUE TOKEN_SEMICOLON
Rule 101   break_stmt -> TOKEN_KW_BREAK TOKEN_SEMICOLON
Rule 102   bit_or -> bit_or TOKEN_BIT_OR xor
Rule 103   case_list -> case_list case_stmt
Rule 104   case_list -> case_stmt
Rule 105   return_stmt -> TOKEN_KW_RETURN expr TOKEN_SEMICOLON
Rule 106   return_stmt -> TOKEN_KW_RETURN TOKEN_SEMICOLON
Rule 107   match_stmt -> TOKEN_KW_MATCH TOKEN_LPAREN expr TOKEN_RPAREN TOKEN_COLON match_block
Rule 108   default_match_stmt -> TOKEN_KW_DEFAULT TOKEN_FAT_ARROW block TOKEN_SEMICOLON
Rule 109   defer_stmt -> TOKEN_KW_DEFER TOKEN_LPAREN expr TOKEN_RPAREN TOKEN_SEMICOLON
Rule 110   import_stmt -> TOKEN_GT TOKEN_KW_IMPORT TOKEN_IDENTIFIER
Rule 111   module_stmt -> TOKEN_KW_MODULE module_list TOKEN_SEMICOLON
Rule 112   module_list -> module_list TOKEN_SCOPE_RES TOKEN_IDENTIFIER
Rule 113   expr -> assignment
Rule 114   xor -> bit_and
Rule 115   module_list -> TOKEN_IDENTIFIER
Rule 116   try_stmt -> TOKEN_KW_TRY TOKEN_COLON TOKEN_LBRACE stmt_list TOKEN_RBRACE catch_stmt
Rule 117   catch_stmt -> TOKEN_KW_CATCH TOKEN_LPAREN TOKEN_IDENTIFIER TOKEN_RPAREN TOKEN_COLON TOKEN_LBRACE stmt_list TOKEN_RBRACE
Rule 118   raise_stmt -> TOKEN_KW_RAISE expr TOKEN_SEMICOLON
Rule 119   spawn_stmt -> TOKEN_KW_SPAWN expr TOKEN_SEMICOLON
Rule 120   select_stmt -> TOKEN_KW_SELECT case_block
Rule 121   lock_stmt -> TOKEN_KW_LOCK TOKEN_LPAREN expr TOKEN_RPAREN block
Rule 122   xor -> xor TOKEN_XOR bit_and
Rule 123   bit_and -> equality
Rule 124   bit_and -> bit_and TOKEN_AMPERSAND equality
Rule 125   bit_and -> bit_and TOKEN_NAND equality
Rule 126   equality -> relational
Rule 127   equality -> equality TOKEN_EQ relational
Rule 128   equality -> equality TOKEN_NEQ relational
Rule 129   relational -> additive
Rule 130   relational -> relational TOKEN_LT additive
Rule 131   assignment -> ternary
Rule 132   relational -> relational TOKEN_GT additive
Rule 133   relational -> relational TOKEN_LE additive
Rule 134   relational -> relational TOKEN_GE additive
Rule 135   additive -> multiplicative
Rule 136   additive -> additive TOKEN_PLUS multiplicative
Rule 137   additive -> additive TOKEN_MINUS multiplicative
Rule 138   multiplicative -> unary
Rule 139   multiplicative -> multiplicative TOKEN_STAR unary
Rule 140   multiplicative -> multiplicative TOKEN_SLASH unary
Rule 141   multiplicative -> multiplicative TOKEN_MOD unary
Rule 142   assignment -> unary TOKEN_ASSIGN assignment
Rule 143   unary -> TOKEN_PLUS unary
Rule 144   unary -> TOKEN_MINUS unary
Rule 145   unary -> TOKEN_NOT unary
Rule 146   unary -> TOKEN_BIT_NOT unary
Rule 147   unary -> TOKEN_AMPERSAND unary
Rule 148   unary -> TOKEN_STAR unary
Rule 149   unary -> TOKEN_KW_AWAIT unary
Rule 150   unary -> postfix
Rule 151   postfix -> primary
Rule 152   postfix -> postfix TOKEN_LPAREN arg_list TOKEN_RPAREN
Rule 153   assignment -> unary TOKEN_PLUS_EQ assignment
Rule 154   postfix -> postfix TOKEN_LBRACKET expr TOKEN_RBRACKET
Rule 155   postfix -> postfix TOKEN_DOT TOKEN_IDENTIFIER
Rule 156   postfix -> postfix TOKEN_SCOPE_RES TOKEN_IDENTIFIER
Rule 157   postfix -> postfix TOKEN_ARROW TOKEN_IDENTIFIER
Rule 158   postfix -> postfix TOKEN_LEFT_ARROW TOKEN_IDENTIFIER
Rule 159   expr -> TOKEN_KW_CAST type TOKEN_ARROW expr
Rule 160   primary -> TOKEN_IDENTIFIER
Rule 161   primary -> factor
Rule 162   primary -> TOKEN_LPAREN expr TOKEN_RPAREN
Rule 163   primary -> TOKEN_KW_NULL
Rule 164   assignment -> unary TOKEN_MINUS_EQ assignment
Rule 165   arg_list -> arg_list_nonempty
Rule 166   arg_list -> <empty>
Rule 167   arg_list_nonempty -> expr
Rule 168   arg_list_nonempty -> arg_list_nonempty TOKEN_COMMA expr
Rule 169   stmt -> var_decl
Rule 170   stmt -> expr_stmt
Rule 171   stmt -> if_stmt
Rule 172   stmt -> while_stmt
Rule 173   stmt -> do_stmt
Rule 174   stmt -> for_stmt
Rule 175   assignment -> unary TOKEN_STAR_EQ assignment
Rule 176   stmt -> switch_stmt
Rule 177   stmt -> return_stmt
Rule 178   stmt -> break_stmt
Rule 179   stmt -> continue_stmt
Rule 180   stmt -> match_stmt
Rule 181   stmt -> defer_stmt
Rule 182   stmt -> import_stmt
Rule 183   stmt -> module_stmt
Rule 184   stmt -> try_stmt
Rule 185   stmt -> catch_stmt
Rule 186   assignment -> unary TOKEN_SLASH_EQ assignment
Rule 187   stmt -> raise_stmt
Rule 188   stmt -> spawn_stmt
Rule 189   stmt -> select_stmt
Rule 190   stmt -> lock_stmt
Rule 191   stmt -> block
Rule 192   stmt_list -> stmt_list stmt
Rule 193   stmt_list -> stmt
Rule 194   decl -> var_decl
Rule 195   decl -> func_decl
Rule 196   decl -> struct_decl
Rule 197   assignment -> unary TOKEN_MOD_EQ assignment
Rule 198   decl -> typealias_decl
Rule 199   decl -> enum_decl
Rule 200   decl -> union_decl
Rule 201   struct_decl -> TOKEN_KW_STRUCT TOKEN_IDENTIFIER struct_body
Rule 202   struct_body -> TOKEN_LBRACE struct_member_list TOKEN_RBRACE TOKEN_SEMICOLON
Rule 203   struct_body -> TOKEN_IDENTIFIER TOKEN_SEMICOLON
Rule 204   struct_member_list -> struct_member_list var_decl
Rule 205   struct_member_list -> var_decl
Rule 206   enum_decl -> TOKEN_KW_ENUM TOKEN_IDENTIFIER TOKEN_LBRACE enum_member_list TOKEN_RBRACE TOKEN_SEMICOLON
Rule 207   enum_decl -> TOKEN_KW_ENUM TOKEN_IDENTIFIER TOKEN_IDENTIFIER TOKEN_SEMICOLON

Terminals, with rules where they appear

TOKEN_AMPERSAND      : 34 124 147
TOKEN_AND            : 80
TOKEN_ARROW          : 157 159
TOKEN_ASSIGN         : 12 15 19 96 142
TOKEN_BIT_NOT        : 146
TOKEN_BIT_OR         : 102
TOKEN_BOOL_LITERAL   : 59
TOKEN_CHAR_LITERAL   : 56
TOKEN_COLON          : 36 98 99 107 116 117
TOKEN_COMMA          : 4 67 83 96 96 168
TOKEN_DOT            : 155
TOKEN_EOF            : 1
TOKEN_EQ             : 127
TOKEN_FAT_ARROW      : 77 108
TOKEN_FLOAT_LITERAL  : 55
TOKEN_GE             : 134
TOKEN_GT             : 110 132
TOKEN_IDENTIFIER     : 4 5 6 7 7 12 13 15 16 17 18 19 53 63 96 110 112 115 117 155 156 157 158 160 201 203 206 207 207
TOKEN_INT_LITERAL    : 54
TOKEN_KW_ASYNC       : 18
TOKEN_KW_ATOMIC      : 24
TOKEN_KW_AWAIT       : 149
TOKEN_KW_BOOL        : 46
TOKEN_KW_BREAK       : 98 99 101
TOKEN_KW_BYTE        : 41
TOKEN_KW_CASE        : 98
TOKEN_KW_CAST        : 159
TOKEN_KW_CATCH       : 117
TOKEN_KW_CHAN        : 37
TOKEN_KW_CHAR        : 44
TOKEN_KW_CONST       : 20
TOKEN_KW_CONTINUE    : 100
TOKEN_KW_DEFAULT     : 99 108
TOKEN_KW_DEFER       : 109
TOKEN_KW_DO          : 94
TOKEN_KW_DOUBLE      : 43
TOKEN_KW_ELSE        : 88 90
TOKEN_KW_ENUM        : 49 206 207
TOKEN_KW_FLOAT       : 42
TOKEN_KW_FOR         : 95
TOKEN_KW_FUNCTION    : 17 18
TOKEN_KW_IF          : 87
TOKEN_KW_IMPORT      : 110
TOKEN_KW_INT         : 38
TOKEN_KW_LOCK        : 121
TOKEN_KW_LONG        : 40
TOKEN_KW_MATCH       : 107
TOKEN_KW_MODULE      : 111
TOKEN_KW_MUT         : 21
TOKEN_KW_MUTEX       : 52
TOKEN_KW_NULL        : 163
TOKEN_KW_PRIVATE     : 27
TOKEN_KW_PUBLIC      : 28
TOKEN_KW_RAISE       : 118
TOKEN_KW_RETURN      : 105 106
TOKEN_KW_SELECT      : 120
TOKEN_KW_SHARED      : 26
TOKEN_KW_SHORT       : 39
TOKEN_KW_SPAWN       : 119
TOKEN_KW_STATIC      : 22
TOKEN_KW_STRING      : 45
TOKEN_KW_STRUCT      : 48 201
TOKEN_KW_SWITCH      : 97
TOKEN_KW_TRY         : 116
TOKEN_KW_TYPEALIAS   : 19
TOKEN_KW_UNION       : 6 7 50
TOKEN_KW_VOID        : 51
TOKEN_KW_VOLATILE    : 23
TOKEN_KW_WHILE       : 93 94
TOKEN_LBRACE         : 6 62 68 70 71 72 73 74 82 116 117 202 206
TOKEN_LBRACKET       : 78 79 81 154
TOKEN_LE             : 133
TOKEN_LEFT_ARROW     : 158
TOKEN_LPAREN         : 17 18 87 93 94 95 97 107 109 117 121 152 162
TOKEN_LSHIFT_ASSIGN  : 3
TOKEN_LT             : 130
TOKEN_MINUS          : 137 144
TOKEN_MINUS_EQ       : 164
TOKEN_MOD            : 141
TOKEN_MOD_EQ         : 197
TOKEN_NAND           : 125
TOKEN_NEQ            : 128
TOKEN_NOT            : 145
TOKEN_OR             : 58
TOKEN_PLUS           : 136 143
TOKEN_PLUS_EQ        : 153
TOKEN_QUESTION       : 36
TOKEN_RBRACE         : 6 62 68 70 71 72 73 74 82 116 117 202 206
TOKEN_RBRACKET       : 78 79 81 154
TOKEN_RPAREN         : 17 18 87 93 94 95 97 107 109 117 121 152 162
TOKEN_RSHIFT_ASSIGN  : 14
TOKEN_SCOPE_RES      : 112 156
TOKEN_SEMICOLON      : 2 6 7 12 13 15 16 19 60 77 94 98 99 100 101 105 106 108 109 111 118 119 202 203 206 207
TOKEN_SLASH          : 140
TOKEN_SLASH_EQ       : 186
TOKEN_STAR           : 33 139 148
TOKEN_STAR_EQ        : 175
TOKEN_STRING_LITERAL : 57
TOKEN_XOR            : 122
UNARY_OP             : 
error                : 

Nonterminals, with rules where they appear

additive             : 129 130 132 133 134 136 137
arg_list             : 152
arg_list_nonempty    : 165 168
array_init           : 15 86
array_struct         : 15 16 78
assignment           : 3 14 113 142 153 164 175 186 197
base_type            : 35
bit_and              : 114 122 124 125
bit_or               : 69 80 102
block                : 77 87 88 94 98 99 108 121 191
break_stmt           : 178
case_block           : 97 120
case_list            : 71 72 103
case_stmt            : 103 104
catch_stmt           : 116 185
channel_type         : 31
continue_stmt        : 179
decl                 : 10
decl_list            : 1 10
default_match_stmt   : 73
default_stmt         : 71
defer_stmt           : 181
do_stmt              : 173
else                 : 87
enum_decl            : 199
enum_member_list     : 4 206
equality             : 123 124 125 127 128
expr                 : 2 12 36 77 78 79 85 87 93 94 96 96 96 97 98 105 107 109 118 119 121 154 159 162 167 168
expr_stmt            : 170
factor               : 161
for_init             : 95
for_stmt             : 174
func_body            : 61
func_decl            : 195
func_suffix          : 17 18
if_stmt              : 90 171
import_stmt          : 182
init_list            : 82 83
initializer          : 83 84
lock_stmt            : 190
logical_and          : 47 58 80
logical_or           : 25 36 58
lower_than_else      : 89
match_arm            : 75 76
match_block          : 107
match_list           : 73 74 75
match_stmt           : 180
modifier             : 29 30
modifier_list        : 29 38 39 40 41 42 43 44 45 46 48 49 50 51 53
module_list          : 111 112
module_stmt          : 183
multiplicative       : 135 136 137 139 140 141
param                : 66 67
param_list           : 17 18
param_list_nonempty  : 64 67
pointer_type         : 32 33 34
postfix              : 150 152 154 155 156 157 158
primary              : 151
program              : 0
raise_stmt           : 187
relational           : 126 127 128 130 132 133 134
return_stmt          : 177
select_stmt          : 189
spawn_stmt           : 188
stmt                 : 93 95 192 193
stmt_list            : 62 68 116 117 192
struct_body          : 201
struct_decl          : 196
struct_member_list   : 202 204
switch_stmt          : 176
ternary              : 36 131
try_stmt             : 184
type                 : 12 13 15 16 17 18 19 37 63 96 159
typealias_decl       : 198
unary                : 3 14 138 139 140 141 142 143 144 145 146 147 148 149 153 164 175 186 197
union_decl           : 200
union_member_list    : 6 8
var_decl             : 8 9 169 194 204 205
while_stmt           : 172
xor                  : 91 102 122

Parsing method: LALR

state 0

    (0) S' -> . program
    (1) program -> . decl_list TOKEN_EOF
    (10) decl_list -> . decl_list decl
    (11) decl_list -> .

    TOKEN_EOF       reduce using rule 11 (decl_list -> .)
    TOKEN_KW_FUNCTION reduce using rule 11 (decl_list -> .)
    TOKEN_KW_ASYNC  reduce using rule 11 (decl_list -> .)
    TOKEN_KW_STRUCT reduce using rule 11 (decl_list -> .)
    TOKEN_KW_TYPEALIAS reduce using rule 11 (decl_list -> .)
    TOKEN_KW_ENUM   reduce using rule 11 (decl_list -> .)
    TOKEN_KW_UNION  reduce using rule 11 (decl_list -> .)
    TOKEN_KW_CHAN   reduce using rule 11 (decl_list -> .)
    TOKEN_KW_MUTEX  reduce using rule 11 (decl_list -> .)
    TOKEN_KW_CONST  reduce using rule 11 (decl_list -> .)
    TOKEN_KW_MUT    reduce using rule 11 (decl_list -> .)
    TOKEN_KW_STATIC reduce using rule 11 (decl_list -> .)
    TOKEN_KW_VOLATILE reduce using rule 11 (decl_list -> .)
    TOKEN_KW_ATOMIC reduce using rule 11 (decl_list -> .)
    TOKEN_KW_SHARED reduce using rule 11 (decl_list -> .)
    TOKEN_KW_PRIVATE reduce using rule 11 (decl_list -> .)
    TOKEN_KW_PUBLIC reduce using rule 11 (decl_list -> .)

    program                        shift and go to state 1
    decl_list                      shift and go to state 2

state 1

    (0) S' -> program .



state 2

    (1) program -> decl_list . TOKEN_EOF
    (10) decl_list -> decl_list . decl
    (194) decl -> . var_decl
    (195) decl -> . func_decl
    (196) decl -> . struct_decl
    (198) decl -> . typealias_decl
    (199) decl -> . enum_decl
    (200) decl -> . union_decl
    (12) var_decl -> . type TOKEN_IDENTIFIER TOKEN_ASSIGN expr TOKEN_SEMICOLON
    (13) var_decl -> . type TOKEN_IDENTIFIER TOKEN_SEMICOLON
    (15) var_decl -> . type TOKEN_IDENTIFIER array_struct TOKEN_ASSIGN array_init TOKEN_SEMICOLON
    (16) var_decl -> . type TOKEN_IDENTIFIER array_struct TOKEN_SEMICOLON
    (17) func_decl -> . TOKEN_KW_FUNCTION type TOKEN_IDENTIFIER TOKEN_LPAREN param_list TOKEN_RPAREN func_suffix
    (18) func_decl -> . TOKEN_KW_ASYNC TOKEN_KW_FUNCTION type TOKEN_IDENTIFIER TOKEN_LPAREN param_list TOKEN_RPAREN func_suffix
    (201) struct_decl -> . TOKEN_KW_STRUCT TOKEN_IDENTIFIER struct_body
    (19) typealias_decl -> . TOKEN_KW_TYPEALIAS TOKEN_IDENTIFIER TOKEN_ASSIGN type TOKEN_SEMICOLON
    (206) enum_decl -> . TOKEN_KW_ENUM TOKEN_IDENTIFIER TOKEN_LBRACE enum_member_list TOKEN_RBRACE TOKEN_SEMICOLON
    (207) enum_decl -> . TOKEN_KW_ENUM TOKEN_IDENTIFIER TOKEN_IDENTIFIER TOKEN_SEMICOLON
    (6) union_decl -> . TOKEN_KW_UNION TOKEN_IDENTIFIER TOKEN_LBRACE union_member_list TOKEN_RBRACE TOKEN_SEMICOLON
    (7) union_decl -> . TOKEN_KW_UNION TOKEN_IDENTIFIER TOKEN_IDENTIFIER TOKEN_SEMICOLON
    (31) type -> . channel_type
    (32) type -> . pointer_type
    (37) channel_type -> . TOKEN_KW_CHAN type
    (33) pointer_type -> . pointer_type TOKEN_STAR
    (34) pointer_type -> . pointer_type TOKEN_AMPERSAND
    (35) pointer_type -> . base_type
    (38) base_type -> . modifier_list TOKEN_KW_INT
    (39) base_type -> . modifier_list TOKEN_KW_SHORT
    (40) base_type -> . modifier_list TOKEN_KW_LONG
    (41) base_type -> . modifier_list TOKEN_KW_BYTE
    (42) base_type -> . modifier_list TOKEN_KW_FLOAT
    (43) base_type -> . modifier_list TOKEN_KW_DOUBLE
    (44) base_type -> . modifier_list TOKEN_KW_CHAR
    (45) base_type -> . modifier_list TOKEN_KW_STRING
    (46) base_type -> . modifier_list TOKEN_KW_BOOL
    (48) base_type -> . modifier_list TOKEN_KW_STRUCT
    (49) base_type -> . modifier_list TOKEN_KW_ENUM
    (50) base_type -> . modifier_list TOKEN_KW_UNION
    (51) base_type -> . modifier_list TOKEN_KW_VOID
    (52) base_type -> . TOKEN_KW_MUTEX
    (53) base_type -> . modifier_list TOKEN_IDENTIFIER
    (29) modifier_list -> . modifier_list modifier
    (30) modifier_list -> . modifier
    (20) modifier -> . TOKEN_KW_CONST
    (21) modifier -> . TOKEN_KW_MUT
    (22) modifier -> . TOKEN_KW_STATIC
    (23) modifier -> . TOKEN_KW_VOLATILE
    (24) modifier -> . TOKEN_KW_ATOMIC
    (26) modifier -> . TOKEN_KW_SHARED
    (27) modifier -> . TOKEN_KW_PRIVATE
    (28) modifier -> . TOKEN_KW_PUBLIC

    TOKEN_EOF       shift and go to state 3
    TOKEN_KW_FUNCTION shift and go to state 12
    TOKEN_KW_ASYNC  shift and go to state 13
    TOKEN_KW_STRUCT shift and go to state 14
    TOKEN_KW_TYPEALIAS shift and go to state 15
    TOKEN_KW_ENUM   shift and go to state 16
    TOKEN_KW_UNION  shift and go to state 17
    TOKEN_KW_CHAN   shift and go to state 20
    TOKEN_KW_MUTEX  shift and go to state 23
    TOKEN_KW_CONST  shift and go to state 25
    TOKEN_KW_MUT    shift and go to state 26
    TOKEN_KW_STATIC shift and go to state 27
    TOKEN_KW_VOLATILE shift and go to state 28
    TOKEN_KW_ATOMIC shift and go to state 29
    TOKEN_KW_SHARED shift and go to state 30
    TOKEN_KW_PRIVATE shift and go to state 31
    TOKEN_KW_PUBLIC shift and go to state 32

    decl                           shift and go to state 4
    var_decl                       shift and go to state 5
    func_decl                      shift and go to state 6
    struct_decl                    shift and go to state 7
    typealias_decl                 shift and go to state 8
    enum_decl                      shift and go to state 9
    union_decl                     shift and go to state 10
    type                           shift and go to state 11
    channel_type                   shift and go to state 18
    pointer_type                   shift and go to state 19
    base_type                      shift and go to state 21
    modifier_list                  shift and go to state 22
    modifier                       shift and go to state 24

state 3

    (1) program -> decl_list TOKEN_EOF .

    $end            reduce using rule 1 (program -> decl_list TOKEN_EOF .)


state 4

    (10) decl_list -> decl_list decl .

    TOKEN_EOF       reduce using rule 10 (decl_list -> decl_list decl .)
    TOKEN_KW_FUNCTION reduce using rule 10 (decl_list -> decl_list decl .)
    TOKEN_KW_ASYNC  reduce using rule 10 (decl_list -> decl_list decl .)
    TOKEN_KW_STRUCT reduce using rule 10 (decl_list -> decl_list decl .)
    TOKEN_KW_TYPEALIAS reduce using rule 10 (decl_list -> decl_list decl .)
    TOKEN_KW_ENUM   reduce using rule 10 (decl_list -> decl_list decl .)
    TOKEN_KW_UNION  reduce using rule 10 (decl_list -> decl_list decl .)
    TOKEN_KW_CHAN   reduce using rule 10 (decl_list -> decl_list decl .)
    TOKEN_KW_MUTEX  reduce using rule 10 (decl_list -> decl_list decl .)
    TOKEN_KW_CONST  reduce using rule 10 (decl_list -> decl_list decl .)
    TOKEN_KW_MUT    reduce using rule 10 (decl_list -> decl_list decl .)
    TOKEN_KW_STATIC reduce using rule 10 (decl_list -> decl_list decl .)
    TOKEN_KW_VOLATILE reduce using rule 10 (decl_list -> decl_list decl .)
    TOKEN_KW_ATOMIC reduce using rule 10 (decl_list -> decl_list decl .)
    TOKEN_KW_SHARED reduce using rule 10 (decl_list -> decl_list decl .)
    TOKEN_KW_PRIVATE reduce using rule 10 (decl_list -> decl_list decl .)
    TOKEN_KW_PUBLIC reduce using rule 10 (decl_list -> decl_list decl .)


state 5

    (194) decl -> var_decl .

    TOKEN_EOF       reduce using rule 194 (decl -> var_decl .)
    TOKEN_KW_FUNCTION reduce using rule 194 (decl -> var_decl .)
    TOKEN_KW_ASYNC  reduce using rule 194 (decl -> var_decl .)
    TOKEN_KW_STRUCT reduce using rule 194 (decl -> var_decl .)
    TOKEN_KW_TYPEALIAS reduce using rule 194 (decl -> var_decl .)
    TOKEN_KW_ENUM   reduce using rule 194 (decl -> var_decl .)
    TOKEN_KW_UNION  reduce using rule 194 (decl -> var_decl .)
    TOKEN_KW_CHAN   reduce using rule 194 (decl -> var_decl .)
    TOKEN_KW_MUTEX  reduce using rule 194 (decl -> var_decl .)
    TOKEN_KW_CONST  reduce using rule 194 (decl -> var_decl .)
    TOKEN_KW_MUT    reduce using rule 194 (decl -> var_decl .)
    TOKEN_KW_STATIC reduce using rule 194 (decl -> var_decl .)
    TOKEN_KW_VOLATILE reduce using rule 194 (decl -> var_decl .)
    TOKEN_KW_ATOMIC reduce using rule 194 (decl -> var_decl .)
    TOKEN_KW_SHARED reduce using rule 194 (decl -> var_decl .)
    TOKEN_KW_PRIVATE reduce using rule 194 (decl -> var_decl .)
    TOKEN_KW_PUBLIC reduce using rule 194 (decl -> var_decl .)


state 6

    (195) decl -> func_decl .

    TOKEN_EOF       reduce using rule 195 (decl -> func_decl .)
    TOKEN_KW_FUNCTION reduce using rule 195 (decl -> func_decl .)
    TOKEN_KW_ASYNC  reduce using rule 195 (decl -> func_decl .)
    TOKEN_KW_STRUCT reduce using rule 195 (decl -> func_decl .)
    TOKEN_KW_TYPEALIAS reduce using rule 195 (decl -> func_decl .)
    TOKEN_KW_ENUM   reduce using rule 195 (decl -> func_decl .)
    TOKEN_KW_UNION  reduce using rule 195 (decl -> func_decl .)
    TOKEN_KW_CHAN   reduce using rule 195 (decl -> func_decl .)
    TOKEN_KW_MUTEX  reduce using rule 195 (decl -> func_decl .)
    TOKEN_KW_CONST  reduce using rule 195 (decl -> func_decl .)
    TOKEN_KW_MUT    reduce using rule 195 (decl -> func_decl .)
    TOKEN_KW_STATIC reduce using rule 195 (decl -> func_decl .)
    TOKEN_KW_VOLATILE reduce using rule 195 (decl -> func_decl .)
    TOKEN_KW_ATOMIC reduce using rule 195 (decl -> func_decl .)
    TOKEN_KW_SHARED reduce using rule 195 (decl -> func_decl .)
    TOKEN_KW_PRIVATE reduce using rule 195 (decl -> func_decl .)
    TOKEN_KW_PUBLIC reduce using rule 195 (decl -> func_decl .)


state 7

    (196) decl -> struct_decl .

    TOKEN_EOF       reduce using rule 196 (decl -> struct_decl .)
    TOKEN_KW_FUNCTION reduce using rule 196 (decl -> struct_decl .)
    TOKEN_KW_ASYNC  reduce using rule 196 (decl -> struct_decl .)
    TOKEN_KW_STRUCT reduce using rule 196 (decl -> struct_decl .)
    TOKEN_KW_TYPEALIAS reduce using rule 196 (decl -> struct_decl .)
    TOKEN_KW_ENUM   reduce using rule 196 (decl -> struct_decl .)
    TOKEN_KW_UNION  reduce using rule 196 (decl -> struct_decl .)
    TOKEN_KW_CHAN   reduce using rule 196 (decl -> struct_decl .)
    TOKEN_KW_MUTEX  reduce using rule 196 (decl -> struct_decl .)
    TOKEN_KW_CONST  reduce using rule 196 (decl -> struct_decl .)
    TOKEN_KW_MUT    reduce using rule 196 (decl -> struct_decl .)
    TOKEN_KW_STATIC reduce using rule 196 (decl -> struct_decl .)
    TOKEN_KW_VOLATILE reduce using rule 196 (decl -> struct_decl .)
    TOKEN_KW_ATOMIC reduce using rule 196 (decl -> struct_decl .)
    TOKEN_KW_SHARED reduce using rule 196 (decl -> struct_decl .)
    TOKEN_KW_PRIVATE reduce using rule 196 (decl -> struct_decl .)
    TOKEN_KW_PUBLIC reduce using rule 196 (decl -> struct_decl .)


state 8

    (198) decl -> typealias_decl .

    TOKEN_EOF       reduce using rule 198 (decl -> typealias_decl .)
    TOKEN_KW_FUNCTION reduce using rule 198 (decl -> typealias_decl .)
    TOKEN_KW_ASYNC  reduce using rule 198 (decl -> typealias_decl .)
    TOKEN_KW_STRUCT reduce using rule 198 (decl -> typealias_decl .)
    TOKEN_KW_TYPEALIAS reduce using rule 198 (decl -> typealias_decl .)
    TOKEN_KW_ENUM   reduce using rule 198 (decl -> typealias_decl .)
    TOKEN_KW_UNION  reduce using rule 198 (decl -> typealias_decl .)
    TOKEN_KW_CHAN   reduce using rule 198 (decl -> typealias_decl .)
    TOKEN_KW_MUTEX  reduce using rule 198 (decl -> typealias_decl .)
    TOKEN_KW_CONST  reduce using rule 198 (decl -> typealias_decl .)
    TOKEN_KW_MUT    reduce using rule 198 (decl -> typealias_decl .)
    TOKEN_KW_STATIC reduce using rule 198 (decl -> typealias_decl .)
    TOKEN_KW_VOLATILE reduce using rule 198 (decl -> typealias_decl .)
    TOKEN_KW_ATOMIC reduce using rule 198 (decl -> typealias_decl .)
    TOKEN_KW_SHARED reduce using rule 198 (decl -> typealias_decl .)
    TOKEN_KW_PRIVATE reduce using rule 198 (decl -> typealias_decl .)
    TOKEN_KW_PUBLIC reduce using rule 198 (decl -> typealias_decl .)


state 9

    (199) decl -> enum_decl .

    TOKEN_EOF       reduce using rule 199 (decl -> enum_decl .)
    TOKEN_KW_FUNCTION reduce using rule 199 (decl -> enum_decl .)
    TOKEN_KW_ASYNC  reduce using rule 199 (decl -> enum_decl .)
    TOKEN_KW_STRUCT reduce using rule 199 (decl -> enum_decl .)
    TOKEN_KW_TYPEALIAS reduce using rule 199 (decl -> enum_decl .)
    TOKEN_KW_ENUM   reduce using rule 199 (decl -> enum_decl .)
    TOKEN_KW_UNION  reduce using rule 199 (decl -> enum_decl .)
    TOKEN_KW_CHAN   reduce using rule 199 (decl -> enum_decl .)
    TOKEN_KW_MUTEX  reduce using rule 199 (decl -> enum_decl .)
    TOKEN_KW_CONST  reduce using rule 199 (decl -> enum_decl .)
    TOKEN_KW_MUT    reduce using rule 199 (decl -> enum_decl .)
    TOKEN_KW_STATIC reduce using rule 199 (decl -> enum_decl .)
    TOKEN_KW_VOLATILE reduce using rule 199 (decl -> enum_decl .)
    TOKEN_KW_ATOMIC reduce using rule 199 (decl -> enum_decl .)
    TOKEN_KW_SHARED reduce using rule 199 (decl -> enum_decl .)
    TOKEN_KW_PRIVATE reduce using rule 199 (decl -> enum_decl .)
    TOKEN_KW_PUBLIC reduce using rule 199 (decl -> enum_decl .)


state 10

    (200) decl -> union_decl .

    TOKEN_EOF       reduce using rule 200 (decl -> union_decl .)
    TOKEN_KW_FUNCTION reduce using rule 200 (decl -> union_decl .)
    TOKEN_KW_ASYNC  reduce using rule 200 (decl -> union_decl .)
    TOKEN_KW_STRUCT reduce using rule 200 (decl -> union_decl .)
    TOKEN_KW_TYPEALIAS reduce using rule 200 (decl -> union_decl .)
    TOKEN_KW_ENUM   reduce using rule 200 (decl -> union_decl .)
    TOKEN_KW_UNION  reduce using rule 200 (decl -> union_decl .)
    TOKEN_KW_CHAN   reduce using rule 200 (decl -> union_decl .)
    TOKEN_KW_MUTEX  reduce using rule 200 (decl -> union_decl .)
    TOKEN_KW_CONST  reduce using rule 200 (decl -> union_decl .)
    TOKEN_KW_MUT    reduce using rule 200 (decl -> union_decl .)
    TOKEN_KW_STATIC reduce using rule 200 (decl -> union_decl .)
    TOKEN_KW_VOLATILE reduce using rule 200 (decl -> union_decl .)
    TOKEN_KW_ATOMIC reduce using rule 200 (decl -> union_decl .)
    TOKEN_KW_SHARED reduce using rule 200 (decl -> union_decl .)
    TOKEN_KW_PRIVATE reduce using rule 200 (decl -> union_decl .)
    TOKEN_KW_PUBLIC reduce using rule 200 (decl -> union_decl .)


state 11

    (12) var_decl -> type . TOKEN_IDENTIFIER TOKEN_ASSIGN expr TOKEN_SEMICOLON
    (13) var_decl -> type . TOKEN_IDENTIFIER TOKEN_SEMICOLON
    (15) var_decl -> type . TOKEN_IDENTIFIER array_struct TOKEN_ASSIGN array_init TOKEN_SEMICOLON
    (16) var_decl -> type . TOKEN_IDENTIFIER array_struct TOKEN_SEMICOLON

    TOKEN_IDENTIFIER shift and go to state 33


state 12

    (17) func_decl -> TOKEN_KW_FUNCTION . type TOKEN_IDENTIFIER TOKEN_LPAREN param_list TOKEN_RPAREN func_suffix
    (31) type -> . channel_type
    (32) type -> . pointer_type
    (37) channel_type -> . TOKEN_KW_CHAN type
    (33) pointer_type -> . pointer_type TOKEN_STAR
    (34) pointer_type -> . pointer_type TOKEN_AMPERSAND
    (35) pointer_type -> . base_type
    (38) base_type -> . modifier_list TOKEN_KW_INT
    (39) base_type -> . modifier_list TOKEN_KW_SHORT
    (40) base_type -> . modifier_list TOKEN_KW_LONG
    (41) base_type -> . modifier_list TOKEN_KW_BYTE
    (42) base_type -> . modifier_list TOKEN_KW_FLOAT
    (43) base_type -> . modifier_list TOKEN_KW_DOUBLE
    (44) base_type -> . modifier_list TOKEN_KW_CHAR
    (45) base_type -> . modifier_list TOKEN_KW_STRING
    (46) base_type -> . modifier_list TOKEN_KW_BOOL
    (48) base_type -> . modifier_list TOKEN_KW_STRUCT
    (49) base_type -> . modifier_list TOKEN_KW_ENUM
    (50) base_type -> . modifier_list TOKEN_KW_UNION
    (51) base_type -> . modifier_list TOKEN_KW_VOID
    (52) base_type -> . TOKEN_KW_MUTEX
    (53) base_type -> . modifier_list TOKEN_IDENTIFIER
    (29) modifier_list -> . modifier_list modifier
    (30) modifier_list -> . modifier
    (20) modifier -> . TOKEN_KW_CONST
    (21) modifier -> . TOKEN_KW_MUT
    (22) modifier -> . TOKEN_KW_STATIC
    (23) modifier -> . TOKEN_KW_VOLATILE
    (24) modifier -> . TOKEN_KW_ATOMIC
    (26) modifier -> . TOKEN_KW_SHARED
    (27) modifier -> . TOKEN_KW_PRIVATE
    (28) modifier -> . TOKEN_KW_PUBLIC

    TOKEN_KW_CHAN   shift and go to state 20
    TOKEN_KW_MUTEX  shift and go to state 23
    TOKEN_KW_CONST  shift and go to state 25
    TOKEN_KW_MUT    shift and go to state 26
    TOKEN_KW_STATIC shift and go to state 27
    TOKEN_KW_VOLATILE shift and go to state 28
    TOKEN_KW_ATOMIC shift and go to state 29
    TOKEN_KW_SHARED shift and go to state 30
    TOKEN_KW_PRIVATE shift and go to state 31
    TOKEN_KW_PUBLIC shift and go to state 32

    type                           shift and go to state 34
    channel_type                   shift and go to state 18
    pointer_type                   shift and go to state 19
    base_type                      shift and go to state 21
    modifier_list                  shift and go to state 22
    modifier                       shift and go to state 24

state 13

    (18) func_decl -> TOKEN_KW_ASYNC . TOKEN_KW_FUNCTION type TOKEN_IDENTIFIER TOKEN_LPAREN param_list TOKEN_RPAREN func_suffix

    TOKEN_KW_FUNCTION shift and go to state 35


state 14

    (201) struct_decl -> TOKEN_KW_STRUCT . TOKEN_IDENTIFIER struct_body

    TOKEN_IDENTIFIER shift and go to state 36


state 15

    (19) typealias_decl -> TOKEN_KW_TYPEALIAS . TOKEN_IDENTIFIER TOKEN_ASSIGN type TOKEN_SEMICOLON

    TOKEN_IDENTIFIER shift and go to state 37


state 16

    (206) enum_decl -> TOKEN_KW_ENUM . TOKEN_IDENTIFIER TOKEN_LBRACE enum_member_list TOKEN_RBRACE TOKEN_SEMICOLON
    (207) enum_decl -> TOKEN_KW_ENUM . TOKEN_IDENTIFIER TOKEN_IDENTIFIER TOKEN_SEMICOLON

    TOKEN_IDENTIFIER shift and go to state 38


state 17

    (6) union_decl -> TOKEN_KW_UNION . TOKEN_IDENTIFIER TOKEN_LBRACE union_member_list TOKEN_RBRACE TOKEN_SEMICOLON
    (7) union_decl -> TOKEN_KW_UNION . TOKEN_IDENTIFIER TOKEN_IDENTIFIER TOKEN_SEMICOLON

    TOKEN_IDENTIFIER shift and go to state 39


state 18

    (31) type -> channel_type .

    TOKEN_IDENTIFIER reduce using rule 31 (type -> channel_type .)
    TOKEN_SEMICOLON reduce using rule 31 (type -> channel_type .)
    TOKEN_ARROW     reduce using rule 31 (type -> channel_type .)


state 19

    (32) type -> pointer_type .
    (33) pointer_type -> pointer_type . TOKEN_STAR
    (34) pointer_type -> pointer_type . TOKEN_AMPERSAND

    TOKEN_IDENTIFIER reduce using rule 32 (type -> pointer_type .)
    TOKEN_SEMICOLON reduce using rule 32 (type -> pointer_type .)
    TOKEN_ARROW     reduce using rule 32 (type -> pointer_type .)
    TOKEN_STAR      shift and go to state 40
    TOKEN_AMPERSAND shift and go to state 41


state 20

    (37) channel_type -> TOKEN_KW_CHAN . type
    (31) type -> . channel_type
    (32) type -> . pointer_type
    (37) channel_type -> . TOKEN_KW_CHAN type
    (33) pointer_type -> . pointer_type TOKEN_STAR
    (34) pointer_type -> . pointer_type TOKEN_AMPERSAND
    (35) pointer_type -> . base_type
    (38) base_type -> . modifier_list TOKEN_KW_INT
    (39) base_type -> . modifier_list TOKEN_KW_SHORT
    (40) base_type -> . modifier_list TOKEN_KW_LONG
    (41) base_type -> . modifier_list TOKEN_KW_BYTE
    (42) base_type -> . modifier_list TOKEN_KW_FLOAT
    (43) base_type -> . modifier_list TOKEN_KW_DOUBLE
    (44) base_type -> . modifier_list TOKEN_KW_CHAR
    (45) base_type -> . modifier_list TOKEN_KW_STRING
    (46) base_type -> . modifier_list TOKEN_KW_BOOL
    (48) base_type -> . modifier_list TOKEN_KW_STRUCT
    (49) base_type -> . modifier_list TOKEN_KW_ENUM
    (50) base_type -> . modifier_list TOKEN_KW_UNION
    (51) base_type -> . modifier_list TOKEN_KW_VOID
    (52) base_type -> . TOKEN_KW_MUTEX
    (53) base_type -> . modifier_list TOKEN_IDENTIFIER
    (29) modifier_list -> . modifier_list modifier
    (30) modifier_list -> . modifier
    (20) modifier -> . TOKEN_KW_CONST
    (21) modifier -> . TOKEN_KW_MUT
    (22) modifier -> . TOKEN_KW_STATIC
    (23) modifier -> . TOKEN_KW_VOLATILE
    (24) modifier -> . TOKEN_KW_ATOMIC
    (26) modifier -> . TOKEN_KW_SHARED
    (27) modifier -> . TOKEN_KW_PRIVATE
    (28) modifier -> . TOKEN_KW_PUBLIC

    TOKEN_KW_CHAN   shift and go to state 20
    TOKEN_KW_MUTEX  shift and go to state 23
    TOKEN_KW_CONST  shift and go to state 25
    TOKEN_KW_MUT    shift and go to state 26
    TOKEN_KW_STATIC shift and go to state 27
    TOKEN_KW_VOLATILE shift and go to state 28
    TOKEN_KW_ATOMIC shift and go to state 29
    TOKEN_KW_SHARED shift and go to state 30
    TOKEN_KW_PRIVATE shift and go to state 31
    TOKEN_KW_PUBLIC shift and go to state 32

    type                           shift and go to state 42
    channel_type                   shift and go to state 18
    pointer_type                   shift and go to state 19
    base_type                      shift and go to state 21
    modifier_list                  shift and go to state 22
    modifier                       shift and go to state 24

state 21

    (35) pointer_type -> base_type .

    TOKEN_STAR      reduce using rule 35 (pointer_type -> base_type .)
    TOKEN_AMPERSAND reduce using rule 35 (pointer_type -> base_type .)
    TOKEN_IDENTIFIER reduce using rule 35 (pointer_type -> base_type .)
    TOKEN_SEMICOLON reduce using rule 35 (pointer_type -> base_type .)
    TOKEN_ARROW     reduce using rule 35 (pointer_type -> base_type .)


state 22

    (38) base_type -> modifier_list . TOKEN_KW_INT
    (39) base_type -> modifier_list . TOKEN_KW_SHORT
    (40) base_type -> modifier_list . TOKEN_KW_LONG
    (41) base_type -> modifier_list . TOKEN_KW_BYTE
    (42) base_type -> modifier_list . TOKEN_KW_FLOAT
    (43) base_type -> modifier_list . TOKEN_KW_DOUBLE
    (44) base_type -> modifier_list . TOKEN_KW_CHAR
    (45) base_type -> modifier_list . TOKEN_KW_STRING
    (46) base_type -> modifier_list . TOKEN_KW_BOOL
    (48) base_type -> modifier_list . TOKEN_KW_STRUCT
    (49) base_type -> modifier_list . TOKEN_KW_ENUM
    (50) base_type -> modifier_list . TOKEN_KW_UNION
    (51) base_type -> modifier_list . TOKEN_KW_VOID
    (53) base_type -> modifier_list . TOKEN_IDENTIFIER
    (29) modifier_list -> modifier_list . modifier
    (20) modifier -> . TOKEN_KW_CONST
    (21) modifier -> . TOKEN_KW_MUT
    (22) modifier -> . TOKEN_KW_STATIC
    (23) modifier -> . TOKEN_KW_VOLATILE
    (24) modifier -> . TOKEN_KW_ATOMIC
    (26) modifier -> . TOKEN_KW_SHARED
    (27) modifier -> . TOKEN_KW_PRIVATE
    (28) modifier -> . TOKEN_KW_PUBLIC

    TOKEN_KW_INT    shift and go to state 43
    TOKEN_KW_SHORT  shift and go to state 44
    TOKEN_KW_LONG   shift and go to state 45
    TOKEN_KW_BYTE   shift and go to state 46
    TOKEN_KW_FLOAT  shift and go to state 47
    TOKEN_KW_DOUBLE shift and go to state 48
    TOKEN_KW_CHAR   shift and go to state 49
    TOKEN_KW_STRING shift and go to state 50
    TOKEN_KW_BOOL   shift and go to state 51
    TOKEN_KW_STRUCT shift and go to state 52
    TOKEN_KW_ENUM   shift and go to state 53
    TOKEN_KW_UNION  shift and go to state 54
    TOKEN_KW_VOID   shift and go to state 55
    TOKEN_IDENTIFIER shift and go to state 56
    TOKEN_KW_CONST  shift and go to state 25
    TOKEN_KW_MUT    shift and go to state 26
    TOKEN_KW_STATIC shift and go to state 27
    TOKEN_KW_VOLATILE shift and go to state 28
    TOKEN_KW_ATOMIC shift and go to state 29
    TOKEN_KW_SHARED shift and go to state 30
    TOKEN_KW_PRIVATE shift and go to state 31
    TOKEN_KW_PUBLIC shift and go to state 32

    modifier                       shift and go to state 57

state 23

    (52) base_type -> TOKEN_KW_MUTEX .

    TOKEN_STAR      reduce using rule 52 (base_type -> TOKEN_KW_MUTEX .)
    TOKEN_AMPERSAND reduce using rule 52 (base_type -> TOKEN_KW_MUTEX .)
    TOKEN_IDENTIFIER reduce using rule 52 (base_type -> TOKEN_KW_MUTEX .)
    TOKEN_SEMICOLON reduce using rule 52 (base_type -> TOKEN_KW_MUTEX .)
    TOKEN_ARROW     reduce using rule 52 (base_type -> TOKEN_KW_MUTEX .)


state 24

    (30) modifier_list -> modifier .

    TOKEN_KW_INT    reduce using rule 30 (modifier_list -> modifier .)
    TOKEN_KW_SHORT  reduce using rule 30 (modifier_list -> modifier .)
    TOKEN_KW_LONG   reduce using rule 30 (modifier_list -> modifier .)
    TOKEN_KW_BYTE   reduce using rule 30 (modifier_list -> modifier .)
    TOKEN_KW_FLOAT  reduce using rule 30 (modifier_list -> modifier .)
    TOKEN_KW_DOUBLE reduce using rule 30 (modifier_list -> modifier .)
    TOKEN_KW_CHAR   reduce using rule 30 (modifier_list -> modifier .)
    TOKEN_KW_STRING reduce using rule 30 (modifier_list -> modifier .)
    TOKEN_KW_BOOL   reduce using rule 30 (modifier_list -> modifier .)
    TOKEN_KW_STRUCT reduce using rule 30 (modifier_list -> modifier .)
    TOKEN_KW_ENUM   reduce using rule 30 (modifier_list -> modifier .)
    TOKEN_KW_UNION  reduce using rule 30 (modifier_list -> modifier .)
    TOKEN_KW_VOID   reduce using rule 30 (modifier_list -> modifier .)
    TOKEN_IDENTIFIER reduce using rule 30 (modifier_list -> modifier .)
    TOKEN_KW_CONST  reduce using rule 30 (modifier_list -> modifier .)
    TOKEN_KW_MUT    reduce using rule 30 (modifier_list -> modifier .)
    TOKEN_KW_STATIC reduce using rule 30 (modifier_list -> modifier .)
    TOKEN_KW_VOLATILE reduce using rule 30 (modifier_list -> modifier .)
    TOKEN_KW_ATOMIC reduce using rule 30 (modifier_list -> modifier .)
    TOKEN_KW_SHARED reduce using rule 30 (modifier_list -> modifier .)
    TOKEN_KW_PRIVATE reduce using rule 30 (modifier_list -> modifier .)
    TOKEN_KW_PUBLIC reduce using rule 30 (modifier_list -> modifier .)


state 25

    (20) modifier -> TOKEN_KW_CONST .

    TOKEN_KW_INT    reduce using rule 20 (modifier -> TOKEN_KW_CONST .)
    TOKEN_KW_SHORT  reduce using rule 20 (modifier -> TOKEN_KW_CONST .)
    TOKEN_KW_LONG   reduce using rule 20 (modifier -> TOKEN_KW_CONST .)
    TOKEN_KW_BYTE   reduce using rule 20 (modifier -> TOKEN_KW_CONST .)
    TOKEN_KW_FLOAT  reduce using rule 20 (modifier -> TOKEN_KW_CONST .)
    TOKEN_KW_DOUBLE reduce using rule 20 (modifier -> TOKEN_KW_CONST .)
    TOKEN_KW_CHAR   reduce using rule 20 (modifier -> TOKEN_KW_CONST .)
    TOKEN_KW_STRING reduce using rule 20 (modifier -> TOKEN_KW_CONST .)
    TOKEN_KW_BOOL   reduce using rule 20 (modifier -> TOKEN_KW_CONST .)
    TOKEN_KW_STRUCT reduce using rule 20 (modifier -> TOKEN_KW_CONST .)
    TOKEN_KW_ENUM   reduce using rule 20 (modifier -> TOKEN_KW_CONST .)
    TOKEN_KW_UNION  reduce using rule 20 (modifier -> TOKEN_KW_CONST .)
    TOKEN_KW_VOID   reduce using rule 20 (modifier -> TOKEN_KW_CONST .)
    TOKEN_IDENTIFIER reduce using rule 20 (modifier -> TOKEN_KW_CONST .)
    TOKEN_KW_CONST  reduce using rule 20 (modifier -> TOKEN_KW_CONST .)
    TOKEN_KW_MUT    reduce using rule 20 (modifier -> TOKEN_KW_CONST .)
    TOKEN_KW_STATIC reduce using rule 20 (modifier -> TOKEN_KW_CONST .)
    TOKEN_KW_VOLATILE reduce using rule 20 (modifier -> TOKEN_KW_CONST .)
    TOKEN_KW_ATOMIC reduce using rule 20 (modifier -> TOKEN_KW_CONST .)
    TOKEN_KW_SHARED reduce using rule 20 (modifier -> TOKEN_KW_CONST .)
    TOKEN_KW_PRIVATE reduce using rule 20 (modifier -> TOKEN_KW_CONST .)
    TOKEN_KW_PUBLIC reduce using rule 20 (modifier -> TOKEN_KW_CONST .)


state 26

    (21) modifier -> TOKEN_KW_MUT .

    TOKEN_KW_INT    reduce using rule 21 (modifier -> TOKEN_KW_MUT .)
    TOKEN_KW_SHORT  reduce using rule 21 (modifier -> TOKEN_KW_MUT .)
    TOKEN_KW_LONG   reduce using rule 21 (modifier -> TOKEN_KW_MUT .)
    TOKEN_KW_BYTE   reduce using rule 21 (modifier -> TOKEN_KW_MUT .)
    TOKEN_KW_FLOAT  reduce using rule 21 (modifier -> TOKEN_KW_MUT .)
    TOKEN_KW_DOUBLE reduce using rule 21 (modifier -> TOKEN_KW_MUT .)
    TOKEN_KW_CHAR   reduce using rule 21 (modifier -> TOKEN_KW_MUT .)
    TOKEN_KW_STRING reduce using rule 21 (modifier -> TOKEN_KW_MUT .)
    TOKEN_KW_BOOL   reduce using rule 21 (modifier -> TOKEN_KW_MUT .)
    TOKEN_KW_STRUCT reduce using rule 21 (modifier -> TOKEN_KW_MUT .)
    TOKEN_KW_ENUM   reduce using rule 21 (modifier -> TOKEN_KW_MUT .)
    TOKEN_KW_UNION  reduce using rule 21 (modifier -> TOKEN_KW_MUT .)
    TOKEN_KW_VOID   reduce using rule 21 (modifier -> TOKEN_KW_MUT .)
    TOKEN_IDENTIFIER reduce using rule 21 (modifier -> TOKEN_KW_MUT .)
    TOKEN_KW_CONST  reduce using rule 21 (modifier -> TOKEN_KW_MUT .)
    TOKEN_KW_MUT    reduce using rule 21 (modifier -> TOKEN_KW_MUT .)
    TOKEN_KW_STATIC reduce using rule 21 (modifier -> TOKEN_KW_MUT .)
    TOKEN_KW_VOLATILE reduce using rule 21 (modifier -> TOKEN_KW_MUT .)
    TOKEN_KW_ATOMIC reduce using rule 21 (modifier -> TOKEN_KW_MUT .)
    TOKEN_KW_SHARED reduce using rule 21 (modifier -> TOKEN_KW_MUT .)
    TOKEN_KW_PRIVATE reduce using rule 21 (modifier -> TOKEN_KW_MUT .)
    TOKEN_KW_PUBLIC reduce using rule 21 (modifier -> TOKEN_KW_MUT .)


state 27

    (22) modifier -> TOKEN_KW_STATIC .

    TOKEN_KW_INT    reduce using rule 22 (modifier -> TOKEN_KW_STATIC .)
    TOKEN_KW_SHORT  reduce using rule 22 (modifier -> TOKEN_KW_STATIC .)
    TOKEN_KW_LONG   reduce using rule 22 (modifier -> TOKEN_KW_STATIC .)
    TOKEN_KW_BYTE   reduce using rule 22 (modifier -> TOKEN_KW_STATIC .)
    TOKEN_KW_FLOAT  reduce using rule 22 (modifier -> TOKEN_KW_STATIC .)
    TOKEN_KW_DOUBLE reduce using rule 22 (modifier -> TOKEN_KW_STATIC .)
    TOKEN_KW_CHAR   reduce using rule 22 (modifier -> TOKEN_KW_STATIC .)
    TOKEN_KW_STRING reduce using rule 22 (modifier -> TOKEN_KW_STATIC .)
    TOKEN_KW_BOOL   reduce using rule 22 (modifier -> TOKEN_KW_STATIC .)
    TOKEN_KW_STRUCT reduce using rule 22 (modifier -> TOKEN_KW_STATIC .)
    TOKEN_KW_ENUM   reduce using rule 22 (modifier -> TOKEN_KW_STATIC .)
    TOKEN_KW_UNION  reduce using rule 22 (modifier -> TOKEN_KW_STATIC .)
    TOKEN_KW_VOID   reduce using rule 22 (modifier -> TOKEN_KW_STATIC .)
    TOKEN_IDENTIFIER reduce using rule 22 (modifier -> TOKEN_KW_STATIC .)
    TOKEN_KW_CONST  reduce using rule 22 (modifier -> TOKEN_KW_STATIC .)
    TOKEN_KW_MUT    reduce using rule 22 (modifier -> TOKEN_KW_STATIC .)
    TOKEN_KW_STATIC reduce using rule 22 (modifier -> TOKEN_KW_STATIC .)
    TOKEN_KW_VOLATILE reduce using rule 22 (modifier -> TOKEN_KW_STATIC .)
    TOKEN_KW_ATOMIC reduce using rule 22 (modifier -> TOKEN_KW_STATIC .)
    TOKEN_KW_SHARED reduce using rule 22 (modifier -> TOKEN_KW_STATIC .)
    TOKEN_KW_PRIVATE reduce using rule 22 (modifier -> TOKEN_KW_STATIC .)
    TOKEN_KW_PUBLIC reduce using rule 22 (modifier -> TOKEN_KW_STATIC .)


state 28

    (23) modifier -> TOKEN_KW_VOLATILE .

    TOKEN_KW_INT    reduce using rule 23 (modifier -> TOKEN_KW_VOLATILE .)
    TOKEN_KW_SHORT  reduce using rule 23 (modifier -> TOKEN_KW_VOLATILE .)
    TOKEN_KW_LONG   reduce using rule 23 (modifier -> TOKEN_KW_VOLATILE .)
    TOKEN_KW_BYTE   reduce using rule 23 (modifier -> TOKEN_KW_VOLATILE .)
    TOKEN_KW_FLOAT  reduce using rule 23 (modifier -> TOKEN_KW_VOLATILE .)
    TOKEN_KW_DOUBLE reduce using rule 23 (modifier -> TOKEN_KW_VOLATILE .)
    TOKEN_KW_CHAR   reduce using rule 23 (modifier -> TOKEN_KW_VOLATILE .)
    TOKEN_KW_STRING reduce using rule 23 (modifier -> TOKEN_KW_VOLATILE .)
    TOKEN_KW_BOOL   reduce using rule 23 (modifier -> TOKEN_KW_VOLATILE .)
    TOKEN_KW_STRUCT reduce using rule 23 (modifier -> TOKEN_KW_VOLATILE .)
    TOKEN_KW_ENUM   reduce using rule 23 (modifier -> TOKEN_KW_VOLATILE .)
    TOKEN_KW_UNION  reduce using rule 23 (modifier -> TOKEN_KW_VOLATILE .)
    TOKEN_KW_VOID   reduce using rule 23 (modifier -> TOKEN_KW_VOLATILE .)
    TOKEN_IDENTIFIER reduce using rule 23 (modifier -> TOKEN_KW_VOLATILE .)
    TOKEN_KW_CONST  reduce using rule 23 (modifier -> TOKEN_KW_VOLATILE .)
    TOKEN_KW_MUT    reduce using rule 23 (modifier -> TOKEN_KW_VOLATILE .)
    TOKEN_KW_STATIC reduce using rule 23 (modifier -> TOKEN_KW_VOLATILE .)
    TOKEN_KW_VOLATILE reduce using rule 23 (modifier -> TOKEN_KW_VOLATILE .)
    TOKEN_KW_ATOMIC reduce using rule 23 (modifier -> TOKEN_KW_VOLATILE .)
    TOKEN_KW_SHARED reduce using rule 23 (modifier -> TOKEN_KW_VOLATILE .)
    TOKEN_KW_PRIVATE reduce using rule 23 (modifier -> TOKEN_KW_VOLATILE .)
    TOKEN_KW_PUBLIC reduce using rule 23 (modifier -> TOKEN_KW_VOLATILE .)


state 29

    (24) modifier -> TOKEN_KW_ATOMIC .

    TOKEN_KW_INT    reduce using rule 24 (modifier -> TOKEN_KW_ATOMIC .)
    TOKEN_KW_SHORT  reduce using rule 24 (modifier -> TOKEN_KW_ATOMIC .)
    TOKEN_KW_LONG   reduce using rule 24 (modifier -> TOKEN_KW_ATOMIC .)
    TOKEN_KW_BYTE   reduce using rule 24 (modifier -> TOKEN_KW_ATOMIC .)
    TOKEN_KW_FLOAT  reduce using rule 24 (modifier -> TOKEN_KW_ATOMIC .)
    TOKEN_KW_DOUBLE reduce using rule 24 (modifier -> TOKEN_KW_ATOMIC .)
    TOKEN_KW_CHAR   reduce using rule 24 (modifier -> TOKEN_KW_ATOMIC .)
    TOKEN_KW_STRING reduce using rule 24 (modifier -> TOKEN_KW_ATOMIC .)
    TOKEN_KW_BOOL   reduce using rule 24 (modifier -> TOKEN_KW_ATOMIC .)
    TOKEN_KW_STRUCT reduce using rule 24 (modifier -> TOKEN_KW_ATOMIC .)
    TOKEN_KW_ENUM   reduce using rule 24 (modifier -> TOKEN_KW_ATOMIC .)
    TOKEN_KW_UNION  reduce using rule 24 (modifier -> TOKEN_KW_ATOMIC .)
    TOKEN_KW_VOID   reduce using rule 24 (modifier -> TOKEN_KW_ATOMIC .)
    TOKEN_IDENTIFIER reduce using rule 24 (modifier -> TOKEN_KW_ATOMIC .)
    TOKEN_KW_CONST  reduce using rule 24 (modifier -> TOKEN_KW_ATOMIC .)
    TOKEN_KW_MUT    reduce using rule 24 (modifier -> TOKEN_KW_ATOMIC .)
    TOKEN_KW_STATIC reduce using rule 24 (modifier -> TOKEN_KW_ATOMIC .)
    TOKEN_KW_VOLATILE reduce using rule 24 (modifier -> TOKEN_KW_ATOMIC .)
    TOKEN_KW_ATOMIC reduce using rule 24 (modifier -> TOKEN_KW_ATOMIC .)
    TOKEN_KW_SHARED reduce using rule 24 (modifier -> TOKEN_KW_ATOMIC .)
    TOKEN_KW_PRIVATE reduce using rule 24 (modifier -> TOKEN_KW_ATOMIC .)
    TOKEN_KW_PUBLIC reduce using rule 24 (modifier -> TOKEN_KW_ATOMIC .)


state 30

    (26) modifier -> TOKEN_KW_SHARED .

    TOKEN_KW_INT    reduce using rule 26 (modifier -> TOKEN_KW_SHARED .)
    TOKEN_KW_SHORT  reduce using rule 26 (modifier -> TOKEN_KW_SHARED .)
    TOKEN_KW_LONG   reduce using rule 26 (modifier -> TOKEN_KW_SHARED .)
    TOKEN_KW_BYTE   reduce using rule 26 (modifier -> TOKEN_KW_SHARED .)
    TOKEN_KW_FLOAT  reduce using rule 26 (modifier -> TOKEN_KW_SHARED .)
    TOKEN_KW_DOUBLE reduce using rule 26 (modifier -> TOKEN_KW_SHARED .)
    TOKEN_KW_CHAR   reduce using rule 26 (modifier -> TOKEN_KW_SHARED .)
    TOKEN_KW_STRING reduce using rule 26 (modifier -> TOKEN_KW_SHARED .)
    TOKEN_KW_BOOL   reduce using rule 26 (modifier -> TOKEN_KW_SHARED .)
    TOKEN_KW_STRUCT reduce using rule 26 (modifier -> TOKEN_KW_SHARED .)
    TOKEN_KW_ENUM   reduce using rule 26 (modifier -> TOKEN_KW_SHARED .)
    TOKEN_KW_UNION  reduce using rule 26 (modifier -> TOKEN_KW_SHARED .)
    TOKEN_KW_VOID   reduce using rule 26 (modifier -> TOKEN_KW_SHARED .)
    TOKEN_IDENTIFIER reduce using rule 26 (modifier -> TOKEN_KW_SHARED .)
    TOKEN_KW_CONST  reduce using rule 26 (modifier -> TOKEN_KW_SHARED .)
    TOKEN_KW_MUT    reduce using rule 26 (modifier -> TOKEN_KW_SHARED .)
    TOKEN_KW_STATIC reduce using rule 26 (modifier -> TOKEN_KW_SHARED .)
    TOKEN_KW_VOLATILE reduce using rule 26 (modifier -> TOKEN_KW_SHARED .)
    TOKEN_KW_ATOMIC reduce using rule 26 (modifier -> TOKEN_KW_SHARED .)
    TOKEN_KW_SHARED reduce using rule 26 (modifier -> TOKEN_KW_SHARED .)
    TOKEN_KW_PRIVATE reduce using rule 26 (modifier -> TOKEN_KW_SHARED .)
    TOKEN_KW_PUBLIC reduce using rule 26 (modifier -> TOKEN_KW_SHARED .)


state 31

    (27) modifier -> TOKEN_KW_PRIVATE .

    TOKEN_KW_INT    reduce using rule 27 (modifier -> TOKEN_KW_PRIVATE .)
    TOKEN_KW_SHORT  reduce using rule 27 (modifier -> TOKEN_KW_PRIVATE .)
    TOKEN_KW_LONG   reduce using rule 27 (modifier -> TOKEN_KW_PRIVATE .)
    TOKEN_KW_BYTE   reduce using rule 27 (modifier -> TOKEN_KW_PRIVATE .)
    TOKEN_KW_FLOAT  reduce using rule 27 (modifier -> TOKEN_KW_PRIVATE .)
    TOKEN_KW_DOUBLE reduce using rule 27 (modifier -> TOKEN_KW_PRIVATE .)
    TOKEN_KW_CHAR   reduce using rule 27 (modifier -> TOKEN_KW_PRIVATE .)
    TOKEN_KW_STRING reduce using rule 27 (modifier -> TOKEN_KW_PRIVATE .)
    TOKEN_KW_BOOL   reduce using rule 27 (modifier -> TOKEN_KW_PRIVATE .)
    TOKEN_KW_STRUCT reduce using rule 27 (modifier -> TOKEN_KW_PRIVATE .)
    TOKEN_KW_ENUM   reduce using rule 27 (modifier -> TOKEN_KW_PRIVATE .)
    TOKEN_KW_UNION  reduce using rule 27 (modifier -> TOKEN_KW_PRIVATE .)
    TOKEN_KW_VOID   reduce using rule 27 (modifier -> TOKEN_KW_PRIVATE .)
    TOKEN_IDENTIFIER reduce using rule 27 (modifier -> TOKEN_KW_PRIVATE .)
    TOKEN_KW_CONST  reduce using rule 27 (modifier -> TOKEN_KW_PRIVATE .)
    TOKEN_KW_MUT    reduce using rule 27 (modifier -> TOKEN_KW_PRIVATE .)
    TOKEN_KW_STATIC reduce using rule 27 (modifier -> TOKEN_KW_PRIVATE .)
    TOKEN_KW_VOLATILE reduce using rule 27 (modifier -> TOKEN_KW_PRIVATE .)
    TOKEN_KW_ATOMIC reduce using rule 27 (modifier -> TOKEN_KW_PRIVATE .)
    TOKEN_KW_SHARED reduce using rule 27 (modifier -> TOKEN_KW_PRIVATE .)
    TOKEN_KW_PRIVATE reduce using rule 27 (modifier -> TOKEN_KW_PRIVATE .)
    TOKEN_KW_PUBLIC reduce using rule 27 (modifier -> TOKEN_KW_PRIVATE .)


state 32

    (28) modifier -> TOKEN_KW_PUBLIC .

    TOKEN_KW_INT    reduce using rule 28 (modifier -> TOKEN_KW_PUBLIC .)
    TOKEN_KW_SHORT  reduce using rule 28 (modifier -> TOKEN_KW_PUBLIC .)
    TOKEN_KW_LONG   reduce using rule 28 (modifier -> TOKEN_KW_PUBLIC .)
    TOKEN_KW_BYTE   reduce using rule 28 (modifier -> TOKEN_KW_PUBLIC .)
    TOKEN_KW_FLOAT  reduce using rule 28 (modifier -> TOKEN_KW_PUBLIC .)
    TOKEN_KW_DOUBLE reduce using rule 28 (modifier -> TOKEN_KW_PUBLIC .)
    TOKEN_KW_CHAR   reduce using rule 28 (modifier -> TOKEN_KW_PUBLIC .)
    TOKEN_KW_STRING reduce using rule 28 (modifier -> TOKEN_KW_PUBLIC .)
    TOKEN_KW_BOOL   reduce using rule 28 (modifier -> TOKEN_KW_PUBLIC .)
    TOKEN_KW_STRUCT reduce using rule 28 (modifier -> TOKEN_KW_PUBLIC .)
    TOKEN_KW_ENUM   reduce using rule 28 (modifier -> TOKEN_KW_PUBLIC .)
    TOKEN_KW_UNION  reduce using rule 28 (modifier -> TOKEN_KW_PUBLIC .)
    TOKEN_KW_VOID   reduce using rule 28 (modifier -> TOKEN_KW_PUBLIC .)
    TOKEN_IDENTIFIER reduce using rule 28 (modifier -> TOKEN_KW_PUBLIC .)
    TOKEN_KW_CONST  reduce using rule 28 (modifier -> TOKEN_KW_PUBLIC .)
    TOKEN_KW_MUT    reduce using rule 28 (modifier -> TOKEN_KW_PUBLIC .)
    TOKEN_KW_STATIC reduce using rule 28 (modifier -> TOKEN_KW_PUBLIC .)
    TOKEN_KW_VOLATILE reduce using rule 28 (modifier -> TOKEN_KW_PUBLIC .)
    TOKEN_KW_ATOMIC reduce using rule 28 (modifier -> TOKEN_KW_PUBLIC .)
    TOKEN_KW_SHARED reduce using rule 28 (modifier -> TOKEN_KW_PUBLIC .)
    TOKEN_KW_PRIVATE reduce using rule 28 (modifier -> TOKEN_KW_PUBLIC .)
    TOKEN_KW_PUBLIC reduce using rule 28 (modifier -> TOKEN_KW_PUBLIC .)


state 33

    (12) var_decl -> type TOKEN_IDENTIFIER . TOKEN_ASSIGN expr TOKEN_SEMICOLON
    (13) var_decl -> type TOKEN_IDENTIFIER . TOKEN_SEMICOLON
    (15) var_decl -> type TOKEN_IDENTIFIER . array_struct TOKEN_ASSIGN array_init TOKEN_SEMICOLON
    (16) var_decl -> type TOKEN_IDENTIFIER . array_struct TOKEN_SEMICOLON
    (78) array_struct -> . array_struct TOKEN_LBRACKET expr TOKEN_RBRACKET
    (79) array_struct -> . TOKEN_LBRACKET expr TOKEN_RBRACKET
    (81) array_struct -> . TOKEN_LBRACKET TOKEN_RBRACKET

    TOKEN_ASSIGN    shift and go to state 58
    TOKEN_SEMICOLON shift and go to state 59
    TOKEN_LBRACKET  shift and go to state 61

    array_struct                   shift and go to state 60

state 34

    (17) func_decl -> TOKEN_KW_FUNCTION type . TOKEN_IDENTIFIER TOKEN_LPAREN param_list TOKEN_RPAREN func_suffix

    TOKEN_IDENTIFIER shift and go to state 62


state 35

    (18) func_decl -> TOKEN_KW_ASYNC TOKEN_KW_FUNCTION . type TOKEN_IDENTIFIER TOKEN_LPAREN param_list TOKEN_RPAREN func_suffix
    (31) type -> . channel_type
    (32) type -> . pointer_type
    (37) channel_type -> . TOKEN_KW_CHAN type
    (33) pointer_type -> . pointer_type TOKEN_STAR
    (34) pointer_type -> . pointer_type TOKEN_AMPERSAND
    (35) pointer_type -> . base_type
    (38) base_type -> . modifier_list TOKEN_KW_INT
    (39) base_type -> . modifier_list TOKEN_KW_SHORT
    (40) base_type -> . modifier_list TOKEN_KW_LONG
    (41) base_type -> . modifier_list TOKEN_KW_BYTE
    (42) base_type -> . modifier_list TOKEN_KW_FLOAT
    (43) base_type -> . modifier_list TOKEN_KW_DOUBLE
    (44) base_type -> . modifier_list TOKEN_KW_CHAR
    (45) base_type -> . modifier_list TOKEN_KW_STRING
    (46) base_type -> . modifier_list TOKEN_KW_BOOL
    (48) base_type -> . modifier_list TOKEN_KW_STRUCT
    (49) base_type -> . modifier_list TOKEN_KW_ENUM
    (50) base_type -> . modifier_list TOKEN_KW_UNION
    (51) base_type -> . modifier_list TOKEN_KW_VOID
    (52) base_type -> . TOKEN_KW_MUTEX
    (53) base_type -> . modifier_list TOKEN_IDENTIFIER
    (29) modifier_list -> . modifier_list modifier
    (30) modifier_list -> . modifier
    (20) modifier -> . TOKEN_KW_CONST
    (21) modifier -> . TOKEN_KW_MUT
    (22) modifier -> . TOKEN_KW_STATIC
    (23) modifier -> . TOKEN_KW_VOLATILE
    (24) modifier -> . TOKEN_KW_ATOMIC
    (26) modifier -> . TOKEN_KW_SHARED
    (27) modifier -> . TOKEN_KW_PRIVATE
    (28) modifier -> . TOKEN_KW_PUBLIC

    TOKEN_KW_CHAN   shift and go to state 20
    TOKEN_KW_MUTEX  shift and go to state 23
    TOKEN_KW_CONST  shift and go to state 25
    TOKEN_KW_MUT    shift and go to state 26
    TOKEN_KW_STATIC shift and go to state 27
    TOKEN_KW_VOLATILE shift and go to state 28
    TOKEN_KW_ATOMIC shift and go to state 29
    TOKEN_KW_SHARED shift and go to state 30
    TOKEN_KW_PRIVATE shift and go to state 31
    TOKEN_KW_PUBLIC shift and go to state 32

    type                           shift and go to state 63
    channel_type                   shift and go to state 18
    pointer_type                   shift and go to state 19
    base_type                      shift and go to state 21
    modifier_list                  shift and go to state 22
    modifier                       shift and go to state 24

state 36

    (201) struct_decl -> TOKEN_KW_STRUCT TOKEN_IDENTIFIER . struct_body
    (202) struct_body -> . TOKEN_LBRACE struct_member_list TOKEN_RBRACE TOKEN_SEMICOLON
    (203) struct_body -> . TOKEN_IDENTIFIER TOKEN_SEMICOLON

    TOKEN_LBRACE    shift and go to state 66
    TOKEN_IDENTIFIER shift and go to state 64

    struct_body                    shift and go to state 65

state 37

    (19) typealias_decl -> TOKEN_KW_TYPEALIAS TOKEN_IDENTIFIER . TOKEN_ASSIGN type TOKEN_SEMICOLON

    TOKEN_ASSIGN    shift and go to state 67


state 38

    (206) enum_decl -> TOKEN_KW_ENUM TOKEN_IDENTIFIER . TOKEN_LBRACE enum_member_list TOKEN_RBRACE TOKEN_SEMICOLON
    (207) enum_decl -> TOKEN_KW_ENUM TOKEN_IDENTIFIER . TOKEN_IDENTIFIER TOKEN_SEMICOLON

    TOKEN_LBRACE    shift and go to state 69
    TOKEN_IDENTIFIER shift and go to state 68


state 39

    (6) union_decl -> TOKEN_KW_UNION TOKEN_IDENTIFIER . TOKEN_LBRACE union_member_list TOKEN_RBRACE TOKEN_SEMICOLON
    (7) union_decl -> TOKEN_KW_UNION TOKEN_IDENTIFIER . TOKEN_IDENTIFIER TOKEN_SEMICOLON

    TOKEN_LBRACE    shift and go to state 71
    TOKEN_IDENTIFIER shift and go to state 70


state 40

    (33) pointer_type -> pointer_type TOKEN_STAR .

    TOKEN_STAR      reduce using rule 33 (pointer_type -> pointer_type TOKEN_STAR .)
    TOKEN_AMPERSAND reduce using rule 33 (pointer_type -> pointer_type TOKEN_STAR .)
    TOKEN_IDENTIFIER reduce using rule 33 (pointer_type -> pointer_type TOKEN_STAR .)
    TOKEN_SEMICOLON reduce using rule 33 (pointer_type -> pointer_type TOKEN_STAR .)
    TOKEN_ARROW     reduce using rule 33 (pointer_type -> pointer_type TOKEN_STAR .)


state 41

    (34) pointer_type -> pointer_type TOKEN_AMPERSAND .

    TOKEN_STAR      reduce using rule 34 (pointer_type -> pointer_type TOKEN_AMPERSAND .)
    TOKEN_AMPERSAND reduce using rule 34 (pointer_type -> pointer_type TOKEN_AMPERSAND .)
    TOKEN_IDENTIFIER reduce using rule 34 (pointer_type -> pointer_type TOKEN_AMPERSAND .)
    TOKEN_SEMICOLON reduce using rule 34 (pointer_type -> pointer_type TOKEN_AMPERSAND .)
    TOKEN_ARROW     reduce using rule 34 (pointer_type -> pointer_type TOKEN_AMPERSAND .)


state 42

    (37) channel_type -> TOKEN_KW_CHAN type .

    TOKEN_IDENTIFIER reduce using rule 37 (channel_type -> TOKEN_KW_CHAN type .)
    TOKEN_SEMICOLON reduce using rule 37 (channel_type -> TOKEN_KW_CHAN type .)
    TOKEN_ARROW     reduce using rule 37 (channel_type -> TOKEN_KW_CHAN type .)


state 43

    (38) base_type -> modifier_list TOKEN_KW_INT .

    TOKEN_STAR      reduce using rule 38 (base_type -> modifier_list TOKEN_KW_INT .)
    TOKEN_AMPERSAND reduce using rule 38 (base_type -> modifier_list TOKEN_KW_INT .)
    TOKEN_IDENTIFIER reduce using rule 38 (base_type -> modifier_list TOKEN_KW_INT .)
    TOKEN_SEMICOLON reduce using rule 38 (base_type -> modifier_list TOKEN_KW_INT .)
    TOKEN_ARROW     reduce using rule 38 (base_type -> modifier_list TOKEN_KW_INT .)


state 44

    (39) base_type -> modifier_list TOKEN_KW_SHORT .

    TOKEN_STAR      reduce using rule 39 (base_type -> modifier_list TOKEN_KW_SHORT .)
    TOKEN_AMPERSAND reduce using rule 39 (base_type -> modifier_list TOKEN_KW_SHORT .)
    TOKEN_IDENTIFIER reduce using rule 39 (base_type -> modifier_list TOKEN_KW_SHORT .)
    TOKEN_SEMICOLON reduce using rule 39 (base_type -> modifier_list TOKEN_KW_SHORT .)
    TOKEN_ARROW     reduce using rule 39 (base_type -> modifier_list TOKEN_KW_SHORT .)


state 45

    (40) base_type -> modifier_list TOKEN_KW_LONG .

    TOKEN_STAR      reduce using rule 40 (base_type -> modifier_list TOKEN_KW_LONG .)
    TOKEN_AMPERSAND reduce using rule 40 (base_type -> modifier_list TOKEN_KW_LONG .)
    TOKEN_IDENTIFIER reduce using rule 40 (base_type -> modifier_list TOKEN_KW_LONG .)
    TOKEN_SEMICOLON reduce using rule 40 (base_type -> modifier_list TOKEN_KW_LONG .)
    TOKEN_ARROW     reduce using rule 40 (base_type -> modifier_list TOKEN_KW_LONG .)


state 46

    (41) base_type -> modifier_list TOKEN_KW_BYTE .

    TOKEN_STAR      reduce using rule 41 (base_type -> modifier_list TOKEN_KW_BYTE .)
    TOKEN_AMPERSAND reduce using rule 41 (base_type -> modifier_list TOKEN_KW_BYTE .)
    TOKEN_IDENTIFIER reduce using rule 41 (base_type -> modifier_list TOKEN_KW_BYTE .)
    TOKEN_SEMICOLON reduce using rule 41 (base_type -> modifier_list TOKEN_KW_BYTE .)
    TOKEN_ARROW     reduce using rule 41 (base_type -> modifier_list TOKEN_KW_BYTE .)


state 47

    (42) base_type -> modifier_list TOKEN_KW_FLOAT .

    TOKEN_STAR      reduce using rule 42 (base_type -> modifier_list TOKEN_KW_FLOAT .)
    TOKEN_AMPERSAND reduce using rule 42 (base_type -> modifier_list TOKEN_KW_FLOAT .)
    TOKEN_IDENTIFIER reduce using rule 42 (base_type -> modifier_list TOKEN_KW_FLOAT .)
    TOKEN_SEMICOLON reduce using rule 42 (base_type -> modifier_list TOKEN_KW_FLOAT .)
    TOKEN_ARROW     reduce using rule 42 (base_type -> modifier_list TOKEN_KW_FLOAT .)


state 48

    (43) base_type -> modifier_list TOKEN_KW_DOUBLE .

    TOKEN_STAR      reduce using rule 43 (base_type -> modifier_list TOKEN_KW_DOUBLE .)
    TOKEN_AMPERSAND reduce using rule 43 (base_type -> modifier_list TOKEN_KW_DOUBLE .)
    TOKEN_IDENTIFIER reduce using rule 43 (base_type -> modifier_list TOKEN_KW_DOUBLE .)
    TOKEN_SEMICOLON reduce using rule 43 (base_type -> modifier_list TOKEN_KW_DOUBLE .)
    TOKEN_ARROW     reduce using rule 43 (base_type -> modifier_list TOKEN_KW_DOUBLE .)


state 49

    (44) base_type -> modifier_list TOKEN_KW_CHAR .

    TOKEN_STAR      reduce using rule 44 (base_type -> modifier_list TOKEN_KW_CHAR .)
    TOKEN_AMPERSAND reduce using rule 44 (base_type -> modifier_list TOKEN_KW_CHAR .)
    TOKEN_IDENTIFIER reduce using rule 44 (base_type -> modifier_list TOKEN_KW_CHAR .)
    TOKEN_SEMICOLON reduce using rule 44 (base_type -> modifier_list TOKEN_KW_CHAR .)
    TOKEN_ARROW     reduce using rule 44 (base_type -> modifier_list TOKEN_KW_CHAR .)


state 50

    (45) base_type -> modifier_list TOKEN_KW_STRING .

    TOKEN_STAR      reduce using rule 45 (base_type -> modifier_list TOKEN_KW_STRING .)
    TOKEN_AMPERSAND reduce using rule 45 (base_type -> modifier_list TOKEN_KW_STRING .)
    TOKEN_IDENTIFIER reduce using rule 45 (base_type -> modifier_list TOKEN_KW_STRING .)
    TOKEN_SEMICOLON reduce using rule 45 (base_type -> modifier_list TOKEN_KW_STRING .)
    TOKEN_ARROW     reduce using rule 45 (base_type -> modifier_list TOKEN_KW_STRING .)


state 51

    (46) base_type -> modifier_list TOKEN_KW_BOOL .

    TOKEN_STAR      reduce using rule 46 (base_type -> modifier_list TOKEN_KW_BOOL .)
    TOKEN_AMPERSAND reduce using rule 46 (base_type -> modifier_list TOKEN_KW_BOOL .)
    TOKEN_IDENTIFIER reduce using rule 46 (base_type -> modifier_list TOKEN_KW_BOOL .)
    TOKEN_SEMICOLON reduce using rule 46 (base_type -> modifier_list TOKEN_KW_BOOL .)
    TOKEN_ARROW     reduce using rule 46 (base_type -> modifier_list TOKEN_KW_BOOL .)


state 52

    (48) base_type -> modifier_list TOKEN_KW_STRUCT .

    TOKEN_STAR      reduce using rule 48 (base_type -> modifier_list TOKEN_KW_STRUCT .)
    TOKEN_AMPERSAND reduce using rule 48 (base_type -> modifier_list TOKEN_KW_STRUCT .)
    TOKEN_IDENTIFIER reduce using rule 48 (base_type -> modifier_list TOKEN_KW_STRUCT .)
    TOKEN_SEMICOLON reduce using rule 48 (base_type -> modifier_list TOKEN_KW_STRUCT .)
    TOKEN_ARROW     reduce using rule 48 (base_type -> modifier_list TOKEN_KW_STRUCT .)


state 53

    (49) base_type -> modifier_list TOKEN_KW_ENUM .

    TOKEN_STAR      reduce using rule 49 (base_type -> modifier_list TOKEN_KW_ENUM .)
    TOKEN_AMPERSAND reduce using rule 49 (base_type -> modifier_list TOKEN_KW_ENUM .)
    TOKEN_IDENTIFIER reduce using rule 49 (base_type -> modifier_list TOKEN_KW_ENUM .)
    TOKEN_SEMICOLON reduce using rule 49 (base_type -> modifier_list TOKEN_KW_ENUM .)
    TOKEN_ARROW     reduce using rule 49 (base_type -> modifier_list TOKEN_KW_ENUM .)


state 54

    (50) base_type -> modifier_list TOKEN_KW_UNION .

    TOKEN_STAR      reduce using rule 50 (base_type -> modifier_list TOKEN_KW_UNION .)
    TOKEN_AMPERSAND reduce using rule 50 (base_type -> modifier_list TOKEN_KW_UNION .)
    TOKEN_IDENTIFIER reduce using rule 50 (base_type -> modifier_list TOKEN_KW_UNION .)
    TOKEN_SEMICOLON reduce using rule 50 (base_type -> modifier_list TOKEN_KW_UNION .)
    TOKEN_ARROW     reduce using rule 50 (base_type -> modifier_list TOKEN_KW_UNION .)


state 55

    (51) base_type -> modifier_list TOKEN_KW_VOID .

    TOKEN_STAR      reduce using rule 51 (base_type -> modifier_list TOKEN_KW_VOID .)
    TOKEN_AMPERSAND reduce using rule 51 (base_type -> modifier_list TOKEN_KW_VOID .)
    TOKEN_IDENTIFIER reduce using rule 51 (base_type -> modifier_list TOKEN_KW_VOID .)
    TOKEN_SEMICOLON reduce using rule 51 (base_type -> modifier_list TOKEN_KW_VOID .)
    TOKEN_ARROW     reduce using rule 51 (base_type -> modifier_list TOKEN_KW_VOID .)


state 56

    (53) base_type -> modifier_list TOKEN_IDENTIFIER .

    TOKEN_STAR      reduce using rule 53 (base_type -> modifier_list TOKEN_IDENTIFIER .)
    TOKEN_AMPERSAND reduce using rule 53 (base_type -> modifier_list TOKEN_IDENTIFIER .)
    TOKEN_IDENTIFIER reduce using rule 53 (base_type -> modifier_list TOKEN_IDENTIFIER .)
    TOKEN_SEMICOLON reduce using rule 53 (base_type -> modifier_list TOKEN_IDENTIFIER .)
    TOKEN_ARROW     reduce using rule 53 (base_type -> modifier_list TOKEN_IDENTIFIER .)


state 57

    (29) modifier_list -> modifier_list modifier .

    TOKEN_KW_INT    reduce using rule 29 (modifier_list -> modifier_list modifier .)
    TOKEN_KW_SHORT  reduce using rule 29 (modifier_list -> modifier_list modifier .)
    TOKEN_KW_LONG   reduce using rule 29 (modifier_list -> modifier_list modifier .)
    TOKEN_KW_BYTE   reduce using rule 29 (modifier_list -> modifier_list modifier .)
    TOKEN_KW_FLOAT  reduce using rule 29 (modifier_list -> modifier_list modifier .)
    TOKEN_KW_DOUBLE reduce using rule 29 (modifier_list -> modifier_list modifier .)
    TOKEN_KW_CHAR   reduce using rule 29 (modifier_list -> modifier_list modifier .)
    TOKEN_KW_STRING reduce using rule 29 (modifier_list -> modifier_list modifier .)
    TOKEN_KW_BOOL   reduce using rule 29 (modifier_list -> modifier_list modifier .)
    TOKEN_KW_STRUCT reduce using rule 29 (modifier_list -> modifier_list modifier .)
    TOKEN_KW_ENUM   reduce using rule 29 (modifier_list -> modifier_list modifier .)
    TOKEN_KW_UNION  reduce using rule 29 (modifier_list -> modifier_list modifier .)
    TOKEN_KW_VOID   reduce using rule 29 (modifier_list -> modifier_list modifier .)
    TOKEN_IDENTIFIER reduce using rule 29 (modifier_list -> modifier_list modifier .)
    TOKEN_KW_CONST  reduce using rule 29 (modifier_list -> modifier_list modifier .)
    TOKEN_KW_MUT    reduce using rule 29 (modifier_list -> modifier_list modifier .)
    TOKEN_KW_STATIC reduce using rule 29 (modifier_list -> modifier_list modifier .)
    TOKEN_KW_VOLATILE reduce using rule 29 (modifier_list -> modifier_list modifier .)
    TOKEN_KW_ATOMIC reduce using rule 29 (modifier_list -> modifier_list modifier .)
    TOKEN_KW_SHARED reduce using rule 29 (modifier_list -> modifier_list modifier .)
    TOKEN_KW_PRIVATE reduce using rule 29 (modifier_list -> modifier_list modifier .)
    TOKEN_KW_PUBLIC reduce using rule 29 (modifier_list -> modifier_list modifier .)


state 58

    (12) var_decl -> type TOKEN_IDENTIFIER TOKEN_ASSIGN . expr TOKEN_SEMICOLON
    (113) expr -> . assignment
    (159) expr -> . TOKEN_KW_CAST type TOKEN_ARROW expr
    (3) assignment -> . unary TOKEN_LSHIFT_ASSIGN assignment
    (14) assignment -> . unary TOKEN_RSHIFT_ASSIGN assignment
    (131) assignment -> . ternary
    (142) assignment -> . unary TOKEN_ASSIGN assignment
    (153) assignment -> . unary TOKEN_PLUS_EQ assignment
    (164) assignment -> . unary TOKEN_MINUS_EQ assignment
    (175) assignment -> . unary TOKEN_STAR_EQ assignment
    (186) assignment -> . unary TOKEN_SLASH_EQ assignment
    (197) assignment -> . unary TOKEN_MOD_EQ assignment
    (143) unary -> . TOKEN_PLUS unary
    (144) unary -> . TOKEN_MINUS unary
    (145) unary -> . TOKEN_NOT unary
    (146) unary -> . TOKEN_BIT_NOT unary
    (147) unary -> . TOKEN_AMPERSAND unary
    (148) unary -> . TOKEN_STAR unary
    (149) unary -> . TOKEN_KW_AWAIT unary
    (150) unary -> . postfix
    (25) ternary -> . logical_or
    (36) ternary -> . logical_or TOKEN_QUESTION expr TOKEN_COLON ternary
    (151) postfix -> . primary
    (152) postfix -> . postfix TOKEN_LPAREN arg_list TOKEN_RPAREN
    (154) postfix -> . postfix TOKEN_LBRACKET expr TOKEN_RBRACKET
    (155) postfix -> . postfix TOKEN_DOT TOKEN_IDENTIFIER
    (156) postfix -> . postfix TOKEN_SCOPE_RES TOKEN_IDENTIFIER
    (157) postfix -> . postfix TOKEN_ARROW TOKEN_IDENTIFIER
    (158) postfix -> . postfix TOKEN_LEFT_ARROW TOKEN_IDENTIFIER
    (47) logical_or -> . logical_and
    (58) logical_or -> . logical_or TOKEN_OR logical_and
    (160) primary -> . TOKEN_IDENTIFIER
    (161) primary -> . factor
    (162) primary -> . TOKEN_LPAREN expr TOKEN_RPAREN
    (163) primary -> . TOKEN_KW_NULL
    (69) logical_and -> . bit_or
    (80) logical_and -> . logical_and TOKEN_AND bit_or
    (54) factor -> . TOKEN_INT_LITERAL
    (55) factor -> . TOKEN_FLOAT_LITERAL
    (56) factor -> . TOKEN_CHAR_LITERAL
    (57) factor -> . TOKEN_STRING_LITERAL
    (59) factor -> . TOKEN_BOOL_LITERAL
    (91) bit_or -> . xor
    (102) bit_or -> . bit_or TOKEN_BIT_OR xor
    (114) xor -> . bit_and
    (122) xor -> . xor TOKEN_XOR bit_and
    (123) bit_and -> . equality
    (124) bit_and -> . bit_and TOKEN_AMPERSAND equality
    (125) bit_and -> . bit_and TOKEN_NAND equality
    (126) equality -> . relational
    (127) equality -> . equality TOKEN_EQ relational
    (128) equality -> . equality TOKEN_NEQ relational
    (129) relational -> . additive
    (130) relational -> . relational TOKEN_LT additive
    (132) relational -> . relational TOKEN_GT additive
    (133) relational -> . relational TOKEN_LE additive
    (134) relational -> . relational TOKEN_GE additive
    (135) additive -> . multiplicative
    (136) additive -> . additive TOKEN_PLUS multiplicative
    (137) additive -> . additive TOKEN_MINUS multiplicative
    (138) multiplicative -> . unary
    (139) multiplicative -> . multiplicative TOKEN_STAR unary
    (140) multiplicative -> . multiplicative TOKEN_SLASH unary
    (141) multiplicative -> . multiplicative TOKEN_MOD unary

    TOKEN_KW_CAST   shift and go to state 75
    TOKEN_PLUS      shift and go to state 78
    TOKEN_MINUS     shift and go to state 79
    TOKEN_NOT       shift and go to state 80
    TOKEN_BIT_NOT   shift and go to state 81
    TOKEN_AMPERSAND shift and go to state 82
    TOKEN_STAR      shift and go to state 83
    TOKEN_KW_AWAIT  shift and go to state 84
    TOKEN_IDENTIFIER shift and go to state 72
    TOKEN_LPAREN    shift and go to state 88
    TOKEN_KW_NULL   shift and go to state 91
    TOKEN_INT_LITERAL shift and go to state 93
    TOKEN_FLOAT_LITERAL shift and go to state 94
    TOKEN_CHAR_LITERAL shift and go to state 95
    TOKEN_STRING_LITERAL shift and go to state 96
    TOKEN_BOOL_LITERAL shift and go to state 97

    expr                           shift and go to state 73
    assignment                     shift and go to state 74
    unary                          shift and go to state 76
    ternary                        shift and go to state 77
    postfix                        shift and go to state 85
    logical_or                     shift and go to state 86
    primary                        shift and go to state 87
    logical_and                    shift and go to state 89
    factor                         shift and go to state 90
    bit_or                         shift and go to state 92
    xor                            shift and go to state 98
    bit_and                        shift and go to state 99
    equality                       shift and go to state 100
    relational                     shift and go to state 101
    additive                       shift and go to state 102
    multiplicative                 shift and go to state 103

state 59

    (13) var_decl -> type TOKEN_IDENTIFIER TOKEN_SEMICOLON .

    TOKEN_EOF       reduce using rule 13 (var_decl -> type TOKEN_IDENTIFIER TOKEN_SEMICOLON .)
    TOKEN_KW_FUNCTION reduce using rule 13 (var_decl -> type TOKEN_IDENTIFIER TOKEN_SEMICOLON .)
    TOKEN_KW_ASYNC  reduce using rule 13 (var_decl -> type TOKEN_IDENTIFIER TOKEN_SEMICOLON .)
    TOKEN_KW_STRUCT reduce using rule 13 (var_decl -> type TOKEN_IDENTIFIER TOKEN_SEMICOLON .)
    TOKEN_KW_TYPEALIAS reduce using rule 13 (var_decl -> type TOKEN_IDENTIFIER TOKEN_SEMICOLON .)
    TOKEN_KW_ENUM   reduce using rule 13 (var_decl -> type TOKEN_IDENTIFIER TOKEN_SEMICOLON .)
    TOKEN_KW_UNION  reduce using rule 13 (var_decl -> type TOKEN_IDENTIFIER TOKEN_SEMICOLON .)
    TOKEN_KW_CHAN   reduce using rule 13 (var_decl -> type TOKEN_IDENTIFIER TOKEN_SEMICOLON .)
    TOKEN_KW_MUTEX  reduce using rule 13 (var_decl -> type TOKEN_IDENTIFIER TOKEN_SEMICOLON .)
    TOKEN_KW_CONST  reduce using rule 13 (var_decl -> type TOKEN_IDENTIFIER TOKEN_SEMICOLON .)
    TOKEN_KW_MUT    reduce using rule 13 (var_decl -> type TOKEN_IDENTIFIER TOKEN_SEMICOLON .)
    TOKEN_KW_STATIC reduce using rule 13 (var_decl -> type TOKEN_IDENTIFIER TOKEN_SEMICOLON .)
    TOKEN_KW_VOLATILE reduce using rule 13 (var_decl -> type TOKEN_IDENTIFIER TOKEN_SEMICOLON .)
    TOKEN_KW_ATOMIC reduce using rule 13 (var_decl -> type TOKEN_IDENTIFIER TOKEN_SEMICOLON .)
    TOKEN_KW_SHARED reduce using rule 13 (var_decl -> type TOKEN_IDENTIFIER TOKEN_SEMICOLON .)
    TOKEN_KW_PRIVATE reduce using rule 13 (var_decl -> type TOKEN_IDENTIFIER TOKEN_SEMICOLON .)
    TOKEN_KW_PUBLIC reduce using rule 13 (var_decl -> type TOKEN_IDENTIFIER TOKEN_SEMICOLON .)
    TOKEN_RBRACE    reduce using rule 13 (var_decl -> type TOKEN_IDENTIFIER TOKEN_SEMICOLON .)
    TOKEN_KW_IF     reduce using rule 13 (var_decl -> type TOKEN_IDENTIFIER TOKEN_SEMICOLON .)
    TOKEN_KW_WHILE  reduce using rule 13 (var_decl -> type TOKEN_IDENTIFIER TOKEN_SEMICOLON .)
    TOKEN_KW_DO     reduce using rule 13 (var_decl -> type TOKEN_IDENTIFIER TOKEN_SEMICOLON .)
    TOKEN_KW_FOR    reduce using rule 13 (var_decl -> type TOKEN_IDENTIFIER TOKEN_SEMICOLON .)
    TOKEN_KW_SWITCH reduce using rule 13 (var_decl -> type TOKEN_IDENTIFIER TOKEN_SEMICOLON .)
    TOKEN_KW_RETURN reduce using rule 13 (var_decl -> type TOKEN_IDENTIFIER TOKEN_SEMICOLON .)
    TOKEN_KW_BREAK  reduce using rule 13 (var_decl -> type TOKEN_IDENTIFIER TOKEN_SEMICOLON .)
    TOKEN_KW_CONTINUE reduce using rule 13 (var_decl -> type TOKEN_IDENTIFIER TOKEN_SEMICOLON .)
    TOKEN_KW_MATCH  reduce using rule 13 (var_decl -> type TOKEN_IDENTIFIER TOKEN_SEMICOLON .)
    TOKEN_KW_DEFER  reduce using rule 13 (var_decl -> type TOKEN_IDENTIFIER TOKEN_SEMICOLON .)
    TOKEN_GT        reduce using rule 13 (var_decl -> type TOKEN_IDENTIFIER TOKEN_SEMICOLON .)
    TOKEN_KW_MODULE reduce using rule 13 (var_decl -> type TOKEN_IDENTIFIER TOKEN_SEMICOLON .)
    TOKEN_KW_TRY    reduce using rule 13 (var_decl -> type TOKEN_IDENTIFIER TOKEN_SEMICOLON .)
    TOKEN_KW_CATCH  reduce using rule 13 (var_decl -> type TOKEN_IDENTIFIER TOKEN_SEMICOLON .)
    TOKEN_KW_RAISE  reduce using rule 13 (var_decl -> type TOKEN_IDENTIFIER TOKEN_SEMICOLON .)
    TOKEN_KW_SPAWN  reduce using rule 13 (var_decl -> type TOKEN_IDENTIFIER TOKEN_SEMICOLON .)
    TOKEN_KW_SELECT reduce using rule 13 (var_decl -> type TOKEN_IDENTIFIER TOKEN_SEMICOLON .)
    TOKEN_KW_LOCK   reduce using rule 13 (var_decl -> type TOKEN_IDENTIFIER TOKEN_SEMICOLON .)
    TOKEN_LBRACE    reduce using rule 13 (var_decl -> type TOKEN_IDENTIFIER TOKEN_SEMICOLON .)
    TOKEN_KW_CAST   reduce using rule 13 (var_decl -> type TOKEN_IDENTIFIER TOKEN_SEMICOLON .)
    TOKEN_PLUS      reduce using rule 13 (var_decl -> type TOKEN_IDENTIFIER TOKEN_SEMICOLON .)
    TOKEN_MINUS     reduce using rule 13 (var_decl -> type TOKEN_IDENTIFIER TOKEN_SEMICOLON .)
    TOKEN_NOT       reduce using rule 13 (var_decl -> type TOKEN_IDENTIFIER TOKEN_SEMICOLON .)
    TOKEN_BIT_NOT   reduce using rule 13 (var_decl -> type TOKEN_IDENTIFIER TOKEN_SEMICOLON .)
    TOKEN_AMPERSAND reduce using rule 13 (var_decl -> type TOKEN_IDENTIFIER TOKEN_SEMICOLON .)
    TOKEN_STAR      reduce using rule 13 (var_decl -> type TOKEN_IDENTIFIER TOKEN_SEMICOLON .)
    TOKEN_KW_AWAIT  reduce using rule 13 (var_decl -> type TOKEN_IDENTIFIER TOKEN_SEMICOLON .)
    TOKEN_IDENTIFIER reduce using rule 13 (var_decl -> type TOKEN_IDENTIFIER TOKEN_SEMICOLON .)
    TOKEN_LPAREN    reduce using rule 13 (var_decl -> type TOKEN_IDENTIFIER TOKEN_SEMICOLON .)
    TOKEN_KW_NULL   reduce using rule 13 (var_decl -> type TOKEN_IDENTIFIER TOKEN_SEMICOLON .)
    TOKEN_INT_LITERAL reduce using rule 13 (var_decl -> type TOKEN_IDENTIFIER TOKEN_SEMICOLON .)
    TOKEN_FLOAT_LITERAL reduce using rule 13 (var_decl -> type TOKEN_IDENTIFIER TOKEN_SEMICOLON .)
    TOKEN_CHAR_LITERAL reduce using rule 13 (var_decl -> type TOKEN_IDENTIFIER TOKEN_SEMICOLON .)
    TOKEN_STRING_LITERAL reduce using rule 13 (var_decl -> type TOKEN_IDENTIFIER TOKEN_SEMICOLON .)
    TOKEN_BOOL_LITERAL reduce using rule 13 (var_decl -> type TOKEN_IDENTIFIER TOKEN_SEMICOLON .)


state 60

    (15) var_decl -> type TOKEN_IDENTIFIER array_struct . TOKEN_ASSIGN array_init TOKEN_SEMICOLON
    (16) var_decl -> type TOKEN_IDENTIFIER array_struct . TOKEN_SEMICOLON
    (78) array_struct -> array_struct . TOKEN_LBRACKET expr TOKEN_RBRACKET

    TOKEN_ASSIGN    shift and go to state 104
    TOKEN_SEMICOLON shift and go to state 105
    TOKEN_LBRACKET  shift and go to state 106


state 61

    (79) array_struct -> TOKEN_LBRACKET . expr TOKEN_RBRACKET
    (81) array_struct -> TOKEN_LBRACKET . TOKEN_RBRACKET
    (113) expr -> . assignment
    (159) expr -> . TOKEN_KW_CAST type TOKEN_ARROW expr
    (3) assignment -> . unary TOKEN_LSHIFT_ASSIGN assignment
    (14) assignment -> . unary TOKEN_RSHIFT_ASSIGN assignment
    (131) assignment -> . ternary
    (142) assignment -> . unary TOKEN_ASSIGN assignment
    (153) assignment -> . unary TOKEN_PLUS_EQ assignment
    (164) assignment -> . unary TOKEN_MINUS_EQ assignment
    (175) assignment -> . unary TOKEN_STAR_EQ assignment
    (186) assignment -> . unary TOKEN_SLASH_EQ assignment
    (197) assignment -> . unary TOKEN_MOD_EQ assignment
    (143) unary -> . TOKEN_PLUS unary
    (144) unary -> . TOKEN_MINUS unary
    (145) unary -> . TOKEN_NOT unary
    (146) unary -> . TOKEN_BIT_NOT unary
    (147) unary -> . TOKEN_AMPERSAND unary
    (148) unary -> . TOKEN_STAR unary
    (149) unary -> . TOKEN_KW_AWAIT unary
    (150) unary -> . postfix
    (25) ternary -> . logical_or
    (36) ternary -> . logical_or TOKEN_QUESTION expr TOKEN_COLON ternary
    (151) postfix -> . primary
    (152) postfix -> . postfix TOKEN_LPAREN arg_list TOKEN_RPAREN
    (154) postfix -> . postfix TOKEN_LBRACKET expr TOKEN_RBRACKET
    (155) postfix -> . postfix TOKEN_DOT TOKEN_IDENTIFIER
    (156) postfix -> . postfix TOKEN_SCOPE_RES TOKEN_IDENTIFIER
    (157) postfix -> . postfix TOKEN_ARROW TOKEN_IDENTIFIER
    (158) postfix -> . postfix TOKEN_LEFT_ARROW TOKEN_IDENTIFIER
    (47) logical_or -> . logical_and
    (58) logical_or -> . logical_or TOKEN_OR logical_and
    (160) primary -> . TOKEN_IDENTIFIER
    (161) primary -> . factor
    (162) primary -> . TOKEN_LPAREN expr TOKEN_RPAREN
    (163) primary -> . TOKEN_KW_NULL
    (69) logical_and -> . bit_or
    (80) logical_and -> . logical_and TOKEN_AND bit_or
    (54) factor -> . TOKEN_INT_LITERAL
    (55) factor -> . TOKEN_FLOAT_LITERAL
    (56) factor -> . TOKEN_CHAR_LITERAL
    (57) factor -> . TOKEN_STRING_LITERAL
    (59) factor -> . TOKEN_BOOL_LITERAL
    (91) bit_or -> . xor
    (102) bit_or -> . bit_or TOKEN_BIT_OR xor
    (114) xor -> . bit_and
    (122) xor -> . xor TOKEN_XOR bit_and
    (123) bit_and -> . equality
    (124) bit_and -> . bit_and TOKEN_AMPERSAND equality
    (125) bit_and -> . bit_and TOKEN_NAND equality
    (126) equality -> . relational
    (127) equality -> . equality TOKEN_EQ relational
    (128) equality -> . equality TOKEN_NEQ relational
    (129) relational -> . additive
    (130) relational -> . relational TOKEN_LT additive
    (132) relational -> . relational TOKEN_GT additive
    (133) relational -> . relational TOKEN_LE additive
    (134) relational -> . relational TOKEN_GE additive
    (135) additive -> . multiplicative
    (136) additive -> . additive TOKEN_PLUS multiplicative
    (137) additive -> . additive TOKEN_MINUS multiplicative
    (138) multiplicative -> . unary
    (139) multiplicative -> . multiplicative TOKEN_STAR unary
    (140) multiplicative -> . multiplicative TOKEN_SLASH unary
    (141) multiplicative -> . multiplicative TOKEN_MOD unary

    TOKEN_RBRACKET  shift and go to state 108
    TOKEN_KW_CAST   shift and go to state 75
    TOKEN_PLUS      shift and go to state 78
    TOKEN_MINUS     shift and go to state 79
    TOKEN_NOT       shift and go to state 80
    TOKEN_BIT_NOT   shift and go to state 81
    TOKEN_AMPERSAND shift and go to state 82
    TOKEN_STAR      shift and go to state 83
    TOKEN_KW_AWAIT  shift and go to state 84
    TOKEN_IDENTIFIER shift and go to state 72
    TOKEN_LPAREN    shift and go to state 88
    TOKEN_KW_NULL   shift and go to state 91
    TOKEN_INT_LITERAL shift and go to state 93
    TOKEN_FLOAT_LITERAL shift and go to state 94
    TOKEN_CHAR_LITERAL shift and go to state 95
    TOKEN_STRING_LITERAL shift and go to state 96
    TOKEN_BOOL_LITERAL shift and go to state 97

    expr                           shift and go to state 107
    assignment                     shift and go to state 74
    unary                          shift and go to state 76
    ternary                        shift and go to state 77
    postfix                        shift and go to state 85
    logical_or                     shift and go to state 86
    primary                        shift and go to state 87
    logical_and                    shift and go to state 89
    factor                         shift and go to state 90
    bit_or                         shift and go to state 92
    xor                            shift and go to state 98
    bit_and                        shift and go to state 99
    equality                       shift and go to state 100
    relational                     shift and go to state 101
    additive                       shift and go to state 102
    multiplicative                 shift and go to state 103

state 62

    (17) func_decl -> TOKEN_KW_FUNCTION type TOKEN_IDENTIFIER . TOKEN_LPAREN param_list TOKEN_RPAREN func_suffix

    TOKEN_LPAREN    shift and go to state 109


state 63

    (18) func_decl -> TOKEN_KW_ASYNC TOKEN_KW_FUNCTION type . TOKEN_IDENTIFIER TOKEN_LPAREN param_list TOKEN_RPAREN func_suffix

    TOKEN_IDENTIFIER shift and go to state 110


state 64

    (203) struct_body -> TOKEN_IDENTIFIER . TOKEN_SEMICOLON

    TOKEN_SEMICOLON shift and go to state 111


state 65

    (201) struct_decl -> TOKEN_KW_STRUCT TOKEN_IDENTIFIER struct_body .

    TOKEN_EOF       reduce using rule 201 (struct_decl -> TOKEN_KW_STRUCT TOKEN_IDENTIFIER struct_body .)
    TOKEN_KW_FUNCTION reduce using rule 201 (struct_decl -> TOKEN_KW_STRUCT TOKEN_IDENTIFIER struct_body .)
    TOKEN_KW_ASYNC  reduce using rule 201 (struct_decl -> TOKEN_KW_STRUCT TOKEN_IDENTIFIER struct_body .)
    TOKEN_KW_STRUCT reduce using rule 201 (struct_decl -> TOKEN_KW_STRUCT TOKEN_IDENTIFIER struct_body .)
    TOKEN_KW_TYPEALIAS reduce using rule 201 (struct_decl -> TOKEN_KW_STRUCT TOKEN_IDENTIFIER struct_body .)
    TOKEN_KW_ENUM   reduce using rule 201 (struct_decl -> TOKEN_KW_STRUCT TOKEN_IDENTIFIER struct_body .)
    TOKEN_KW_UNION  reduce using rule 201 (struct_decl -> TOKEN_KW_STRUCT TOKEN_IDENTIFIER struct_body .)
    TOKEN_KW_CHAN   reduce using rule 201 (struct_decl -> TOKEN_KW_STRUCT TOKEN_IDENTIFIER struct_body .)
    TOKEN_KW_MUTEX  reduce using rule 201 (struct_decl -> TOKEN_KW_STRUCT TOKEN_IDENTIFIER struct_body .)
    TOKEN_KW_CONST  reduce using rule 201 (struct_decl -> TOKEN_KW_STRUCT TOKEN_IDENTIFIER struct_body .)
    TOKEN_KW_MUT    reduce using rule 201 (struct_decl -> TOKEN_KW_STRUCT TOKEN_IDENTIFIER struct_body .)
    TOKEN_KW_STATIC reduce using rule 201 (struct_decl -> TOKEN_KW_STRUCT TOKEN_IDENTIFIER struct_body .)
    TOKEN_KW_VOLATILE reduce using rule 201 (struct_decl -> TOKEN_KW_STRUCT TOKEN_IDENTIFIER struct_body .)
    TOKEN_KW_ATOMIC reduce using rule 201 (struct_decl -> TOKEN_KW_STRUCT TOKEN_IDENTIFIER struct_body .)
    TOKEN_KW_SHARED reduce using rule 201 (struct_decl -> TOKEN_KW_STRUCT TOKEN_IDENTIFIER struct_body .)
    TOKEN_KW_PRIVATE reduce using rule 201 (struct_decl -> TOKEN_KW_STRUCT TOKEN_IDENTIFIER struct_body .)
    TOKEN_KW_PUBLIC reduce using rule 201 (struct_decl -> TOKEN_KW_STRUCT TOKEN_IDENTIFIER struct_body .)


state 66

    (202) struct_body -> TOKEN_LBRACE . struct_member_list TOKEN_RBRACE TOKEN_SEMICOLON
    (204) struct_member_list -> . struct_member_list var_decl
    (205) struct_member_list -> . var_decl
    (12) var_decl -> . type TOKEN_IDENTIFIER TOKEN_ASSIGN expr TOKEN_SEMICOLON
    (13) var_decl -> . type TOKEN_IDENTIFIER TOKEN_SEMICOLON
    (15) var_decl -> . type TOKEN_IDENTIFIER array_struct TOKEN_ASSIGN array_init TOKEN_SEMICOLON
    (16) var_decl -> . type TOKEN_IDENTIFIER array_struct TOKEN_SEMICOLON
    (31) type -> . channel_type
    (32) type -> . pointer_type
    (37) channel_type -> . TOKEN_KW_CHAN type
    (33) pointer_type -> . pointer_type TOKEN_STAR
    (34) pointer_type -> . pointer_type TOKEN_AMPERSAND
    (35) pointer_type -> . base_type
    (38) base_type -> . modifier_list TOKEN_KW_INT
    (39) base_type -> . modifier_list TOKEN_KW_SHORT
    (40) base_type -> . modifier_list TOKEN_KW_LONG
    (41) base_type -> . modifier_list TOKEN_KW_BYTE
    (42) base_type -> . modifier_list TOKEN_KW_FLOAT
    (43) base_type -> . modifier_list TOKEN_KW_DOUBLE
    (44) base_type -> . modifier_list TOKEN_KW_CHAR
    (45) base_type -> . modifier_list TOKEN_KW_STRING
    (46) base_type -> . modifier_list TOKEN_KW_BOOL
    (48) base_type -> . modifier_list TOKEN_KW_STRUCT
    (49) base_type -> . modifier_list TOKEN_KW_ENUM
    (50) base_type -> . modifier_list TOKEN_KW_UNION
    (51) base_type -> . modifier_list TOKEN_KW_VOID
    (52) base_type -> . TOKEN_KW_MUTEX
    (53) base_type -> . modifier_list TOKEN_IDENTIFIER
    (29) modifier_list -> . modifier_list modifier
    (30) modifier_list -> . modifier
    (20) modifier -> . TOKEN_KW_CONST
    (21) modifier -> . TOKEN_KW_MUT
    (22) modifier -> . TOKEN_KW_STATIC
    (23) modifier -> . TOKEN_KW_VOLATILE
    (24) modifier -> . TOKEN_KW_ATOMIC
    (26) modifier -> . TOKEN_KW_SHARED
    (27) modifier -> . TOKEN_KW_PRIVATE
    (28) modifier -> . TOKEN_KW_PUBLIC

    TOKEN_KW_CHAN   shift and go to state 20
    TOKEN_KW_MUTEX  shift and go to state 23
    TOKEN_KW_CONST  shift and go to state 25
    TOKEN_KW_MUT    shift and go to state 26
    TOKEN_KW_STATIC shift and go to state 27
    TOKEN_KW_VOLATILE shift and go to state 28
    TOKEN_KW_ATOMIC shift and go to state 29
    TOKEN_KW_SHARED shift and go to state 30
    TOKEN_KW_PRIVATE shift and go to state 31
    TOKEN_KW_PUBLIC shift and go to state 32

    struct_member_list             shift and go to state 112
    var_decl                       shift and go to state 113
    type                           shift and go to state 11
    channel_type                   shift and go to state 18
    pointer_type                   shift and go to state 19
    base_type                      shift and go to state 21
    modifier_list                  shift and go to state 22
    modifier                       shift and go to state 24

state 67

    (19) typealias_decl -> TOKEN_KW_TYPEALIAS TOKEN_IDENTIFIER TOKEN_ASSIGN . type TOKEN_SEMICOLON
    (31) type -> . channel_type
    (32) type -> . pointer_type
    (37) channel_type -> . TOKEN_KW_CHAN type
    (33) pointer_type -> . pointer_type TOKEN_STAR
    (34) pointer_type -> . pointer_type TOKEN_AMPERSAND
    (35) pointer_type -> . base_type
    (38) base_type -> . modifier_list TOKEN_KW_INT
    (39) base_type -> . modifier_list TOKEN_KW_SHORT
    (40) base_type -> . modifier_list TOKEN_KW_LONG
    (41) base_type -> . modifier_list TOKEN_KW_BYTE
    (42) base_type -> . modifier_list TOKEN_KW_FLOAT
    (43) base_type -> . modifier_list TOKEN_KW_DOUBLE
    (44) base_type -> . modifier_list TOKEN_KW_CHAR
    (45) base_type -> . modifier_list TOKEN_KW_STRING
    (46) base_type -> . modifier_list TOKEN_KW_BOOL
    (48) base_type -> . modifier_list TOKEN_KW_STRUCT
    (49) base_type -> . modifier_list TOKEN_KW_ENUM
    (50) base_type -> . modifier_list TOKEN_KW_UNION
    (51) base_type -> . modifier_list TOKEN_KW_VOID
    (52) base_type -> . TOKEN_KW_MUTEX
    (53) base_type -> . modifier_list TOKEN_IDENTIFIER
    (29) modifier_list -> . modifier_list modifier
    (30) modifier_list -> . modifier
    (20) modifier -> . TOKEN_KW_CONST
    (21) modifier -> . TOKEN_KW_MUT
    (22) modifier -> . TOKEN_KW_STATIC
    (23) modifier -> . TOKEN_KW_VOLATILE
    (24) modifier -> . TOKEN_KW_ATOMIC
    (26) modifier -> . TOKEN_KW_SHARED
    (27) modifier -> . TOKEN_KW_PRIVATE
    (28) modifier -> . TOKEN_KW_PUBLIC

    TOKEN_KW_CHAN   shift and go to state 20
    TOKEN_KW_MUTEX  shift and go to state 23
    TOKEN_KW_CONST  shift and go to state 25
    TOKEN_KW_MUT    shift and go to state 26
    TOKEN_KW_STATIC shift and go to state 27
    TOKEN_KW_VOLATILE shift and go to state 28
    TOKEN_KW_ATOMIC shift and go to state 29
    TOKEN_KW_SHARED shift and go to state 30
    TOKEN_KW_PRIVATE shift and go to state 31
    TOKEN_KW_PUBLIC shift and go to state 32

    type                           shift and go to state 114
    channel_type                   shift and go to state 18
    pointer_type                   shift and go to state 19
    base_type                      shift and go to state 21
    modifier_list                  shift and go to state 22
    modifier                       shift and go to state 24

state 68

    (207) enum_decl -> TOKEN_KW_ENUM TOKEN_IDENTIFIER TOKEN_IDENTIFIER . TOKEN_SEMICOLON

    TOKEN_SEMICOLON shift and go to state 115


state 69

    (206) enum_decl -> TOKEN_KW_ENUM TOKEN_IDENTIFIER TOKEN_LBRACE . enum_member_list TOKEN_RBRACE TOKEN_SEMICOLON
    (4) enum_member_list -> . enum_member_list TOKEN_COMMA TOKEN_IDENTIFIER
    (5) enum_member_list -> . TOKEN_IDENTIFIER

    TOKEN_IDENTIFIER shift and go to state 116

    enum_member_list               shift and go to state 117

state 70

    (7) union_decl -> TOKEN_KW_UNION TOKEN_IDENTIFIER TOKEN_IDENTIFIER . TOKEN_SEMICOLON

    TOKEN_SEMICOLON shift and go to state 118


state 71

    (6) union_decl -> TOKEN_KW_UNION TOKEN_IDENTIFIER TOKEN_LBRACE . union_member_list TOKEN_RBRACE TOKEN_SEMICOLON
    (8) union_member_list -> . union_member_list var_decl
    (9) union_member_list -> . var_decl
    (12) var_decl -> . type TOKEN_IDENTIFIER TOKEN_ASSIGN expr TOKEN_SEMICOLON
    (13) var_decl -> . type TOKEN_IDENTIFIER TOKEN_SEMICOLON
    (15) var_decl -> . type TOKEN_IDENTIFIER array_struct TOKEN_ASSIGN array_init TOKEN_SEMICOLON
    (16) var_decl -> . type TOKEN_IDENTIFIER array_struct TOKEN_SEMICOLON
    (31) type -> . channel_type
    (32) type -> . pointer_type
    (37) channel_type -> . TOKEN_KW_CHAN type
    (33) pointer_type -> . pointer_type TOKEN_STAR
    (34) pointer_type -> . pointer_type TOKEN_AMPERSAND
    (35) pointer_type -> . base_type
    (38) base_type -> . modifier_list TOKEN_KW_INT
    (39) base_type -> . modifier_list TOKEN_KW_SHORT
    (40) base_type -> . modifier_list TOKEN_KW_LONG
    (41) base_type -> . modifier_list TOKEN_KW_BYTE
    (42) base_type -> . modifier_list TOKEN_KW_FLOAT
    (43) base_type -> . modifier_list TOKEN_KW_DOUBLE
    (44) base_type -> . modifier_list TOKEN_KW_CHAR
    (45) base_type -> . modifier_list TOKEN_KW_STRING
    (46) base_type -> . modifier_list TOKEN_KW_BOOL
    (48) base_type -> . modifier_list TOKEN_KW_STRUCT
    (49) base_type -> . modifier_list TOKEN_KW_ENUM
    (50) base_type -> . modifier_list TOKEN_KW_UNION
    (51) base_type -> . modifier_list TOKEN_KW_VOID
    (52) base_type -> . TOKEN_KW_MUTEX
    (53) base_type -> . modifier_list TOKEN_IDENTIFIER
    (29) modifier_list -> . modifier_list modifier
    (30) modifier_list -> . modifier
    (20) modifier -> . TOKEN_KW_CONST
    (21) modifier -> . TOKEN_KW_MUT
    (22) modifier -> . TOKEN_KW_STATIC
    (23) modifier -> . TOKEN_KW_VOLATILE
    (24) modifier -> . TOKEN_KW_ATOMIC
    (26) modifier -> . TOKEN_KW_SHARED
    (27) modifier -> . TOKEN_KW_PRIVATE
    (28) modifier -> . TOKEN_KW_PUBLIC

    TOKEN_KW_CHAN   shift and go to state 20
    TOKEN_KW_MUTEX  shift and go to state 23
    TOKEN_KW_CONST  shift and go to state 25
    TOKEN_KW_MUT    shift and go to state 26
    TOKEN_KW_STATIC shift and go to state 27
    TOKEN_KW_VOLATILE shift and go to state 28
    TOKEN_KW_ATOMIC shift and go to state 29
    TOKEN_KW_SHARED shift and go to state 30
    TOKEN_KW_PRIVATE shift and go to state 31
    TOKEN_KW_PUBLIC shift and go to state 32

    union_member_list              shift and go to state 119
    var_decl                       shift and go to state 120
    type                           shift and go to state 11
    channel_type                   shift and go to state 18
    pointer_type                   shift and go to state 19
    base_type                      shift and go to state 21
    modifier_list                  shift and go to state 22
    modifier                       shift and go to state 24

state 72

    (160) primary -> TOKEN_IDENTIFIER .

    TOKEN_LPAREN    reduce using rule 160 (primary -> TOKEN_IDENTIFIER .)
    TOKEN_LBRACKET  reduce using rule 160 (primary -> TOKEN_IDENTIFIER .)
    TOKEN_DOT       reduce using rule 160 (primary -> TOKEN_IDENTIFIER .)
    TOKEN_SCOPE_RES reduce using rule 160 (primary -> TOKEN_IDENTIFIER .)
    TOKEN_ARROW     reduce using rule 160 (primary -> TOKEN_IDENTIFIER .)
    TOKEN_LEFT_ARROW reduce using rule 160 (primary -> TOKEN_IDENTIFIER .)
    TOKEN_LSHIFT_ASSIGN reduce using rule 160 (primary -> TOKEN_IDENTIFIER .)
    TOKEN_RSHIFT_ASSIGN reduce using rule 160 (primary -> TOKEN_IDENTIFIER .)
    TOKEN_ASSIGN    reduce using rule 160 (primary -> TOKEN_IDENTIFIER .)
    TOKEN_PLUS_EQ   reduce using rule 160 (primary -> TOKEN_IDENTIFIER .)
    TOKEN_MINUS_EQ  reduce using rule 160 (primary -> TOKEN_IDENTIFIER .)
    TOKEN_STAR_EQ   reduce using rule 160 (primary -> TOKEN_IDENTIFIER .)
    TOKEN_SLASH_EQ  reduce using rule 160 (primary -> TOKEN_IDENTIFIER .)
    TOKEN_MOD_EQ    reduce using rule 160 (primary -> TOKEN_IDENTIFIER .)
    TOKEN_STAR      reduce using rule 160 (primary -> TOKEN_IDENTIFIER .)
    TOKEN_SLASH     reduce using rule 160 (primary -> TOKEN_IDENTIFIER .)
    TOKEN_MOD       reduce using rule 160 (primary -> TOKEN_IDENTIFIER .)
    TOKEN_PLUS      reduce using rule 160 (primary -> TOKEN_IDENTIFIER .)
    TOKEN_MINUS     reduce using rule 160 (primary -> TOKEN_IDENTIFIER .)
    TOKEN_LT        reduce using rule 160 (primary -> TOKEN_IDENTIFIER .)
    TOKEN_GT        reduce using rule 160 (primary -> TOKEN_IDENTIFIER .)
    TOKEN_LE        reduce using rule 160 (primary -> TOKEN_IDENTIFIER .)
    TOKEN_GE        reduce using rule 160 (primary -> TOKEN_IDENTIFIER .)
    TOKEN_EQ        reduce using rule 160 (primary -> TOKEN_IDENTIFIER .)
    TOKEN_NEQ       reduce using rule 160 (primary -> TOKEN_IDENTIFIER .)
    TOKEN_AMPERSAND reduce using rule 160 (primary -> TOKEN_IDENTIFIER .)
    TOKEN_NAND      reduce using rule 160 (primary -> TOKEN_IDENTIFIER .)
    TOKEN_XOR       reduce using rule 160 (primary -> TOKEN_IDENTIFIER .)
    TOKEN_BIT_OR    reduce using rule 160 (primary -> TOKEN_IDENTIFIER .)
    TOKEN_AND       reduce using rule 160 (primary -> TOKEN_IDENTIFIER .)
    TOKEN_QUESTION  reduce using rule 160 (primary -> TOKEN_IDENTIFIER .)
    TOKEN_OR        reduce using rule 160 (primary -> TOKEN_IDENTIFIER .)
    TOKEN_SEMICOLON reduce using rule 160 (primary -> TOKEN_IDENTIFIER .)
    TOKEN_RBRACKET  reduce using rule 160 (primary -> TOKEN_IDENTIFIER .)
    TOKEN_RPAREN    reduce using rule 160 (primary -> TOKEN_IDENTIFIER .)
    TOKEN_COMMA     reduce using rule 160 (primary -> TOKEN_IDENTIFIER .)
    TOKEN_COLON     reduce using rule 160 (primary -> TOKEN_IDENTIFIER .)
    TOKEN_RBRACE    reduce using rule 160 (primary -> TOKEN_IDENTIFIER .)
    TOKEN_FAT_ARROW reduce using rule 160 (primary -> TOKEN_IDENTIFIER .)


state 73

    (12) var_decl -> type TOKEN_IDENTIFIER TOKEN_ASSIGN expr . TOKEN_SEMICOLON

    TOKEN_SEMICOLON shift and go to state 121


state 74

    (113) expr -> assignment .

    TOKEN_SEMICOLON reduce using rule 113 (expr -> assignment .)
    TOKEN_RBRACKET  reduce using rule 113 (expr -> assignment .)
    TOKEN_RPAREN    reduce using rule 113 (expr -> assignment .)
    TOKEN_COMMA     reduce using rule 113 (expr -> assignment .)
    TOKEN_COLON     reduce using rule 113 (expr -> assignment .)
    TOKEN_RBRACE    reduce using rule 113 (expr -> assignment .)
    TOKEN_FAT_ARROW reduce using rule 113 (expr -> assignment .)


state 75

    (159) expr -> TOKEN_KW_CAST . type TOKEN_ARROW expr
    (31) type -> . channel_type
    (32) type -> . pointer_type
    (37) channel_type -> . TOKEN_KW_CHAN type
    (33) pointer_type -> . pointer_type TOKEN_STAR
    (34) pointer_type -> . pointer_type TOKEN_AMPERSAND
    (35) pointer_type -> . base_type
    (38) base_type -> . modifier_list TOKEN_KW_INT
    (39) base_type -> . modifier_list TOKEN_KW_SHORT
    (40) base_type -> . modifier_list TOKEN_KW_LONG
    (41) base_type -> . modifier_list TOKEN_KW_BYTE
    (42) base_type -> . modifier_list TOKEN_KW_FLOAT
    (43) base_type -> . modifier_list TOKEN_KW_DOUBLE
    (44) base_type -> . modifier_list TOKEN_KW_CHAR
    (45) base_type -> . modifier_list TOKEN_KW_STRING
    (46) base_type -> . modifier_list TOKEN_KW_BOOL
    (48) base_type -> . modifier_list TOKEN_KW_STRUCT
    (49) base_type -> . modifier_list TOKEN_KW_ENUM
    (50) base_type -> . modifier_list TOKEN_KW_UNION
    (51) base_type -> . modifier_list TOKEN_KW_VOID
    (52) base_type -> . TOKEN_KW_MUTEX
    (53) base_type -> . modifier_list TOKEN_IDENTIFIER
    (29) modifier_list -> . modifier_list modifier
    (30) modifier_list -> . modifier
    (20) modifier -> . TOKEN_KW_CONST
    (21) modifier -> . TOKEN_KW_MUT
    (22) modifier -> . TOKEN_KW_STATIC
    (23) modifier -> . TOKEN_KW_VOLATILE
    (24) modifier -> . TOKEN_KW_ATOMIC
    (26) modifier -> . TOKEN_KW_SHARED
    (27) modifier -> . TOKEN_KW_PRIVATE
    (28) modifier -> . TOKEN_KW_PUBLIC

    TOKEN_KW_CHAN   shift and go to state 20
    TOKEN_KW_MUTEX  shift and go to state 23
    TOKEN_KW_CONST  shift and go to state 25
    TOKEN_KW_MUT    shift and go to state 26
    TOKEN_KW_STATIC shift and go to state 27
    TOKEN_KW_VOLATILE shift and go to state 28
    TOKEN_KW_ATOMIC shift and go to state 29
    TOKEN_KW_SHARED shift and go to state 30
    TOKEN_KW_PRIVATE shift and go to state 31
    TOKEN_KW_PUBLIC shift and go to state 32

    type                           shift and go to state 122
    channel_type                   shift and go to state 18
    pointer_type                   shift and go to state 19
    base_type                      shift and go to state 21
    modifier_list                  shift and go to state 22
    modifier                       shift and go to state 24

state 76

    (3) assignment -> unary . TOKEN_LSHIFT_ASSIGN assignment
    (14) assignment -> unary . TOKEN_RSHIFT_ASSIGN assignment
    (142) assignment -> unary . TOKEN_ASSIGN assignment
    (153) assignment -> unary . TOKEN_PLUS_EQ assignment
    (164) assignment -> unary . TOKEN_MINUS_EQ assignment
    (175) assignment -> unary . TOKEN_STAR_EQ assignment
    (186) assignment -> unary . TOKEN_SLASH_EQ assignment
    (197) assignment -> unary . TOKEN_MOD_EQ assignment
    (138) multiplicative -> unary .

    TOKEN_LSHIFT_ASSIGN shift and go to state 123
    TOKEN_RSHIFT_ASSIGN shift and go to state 124
    TOKEN_ASSIGN    shift and go to state 125
    TOKEN_PLUS_EQ   shift and go to state 126
    TOKEN_MINUS_EQ  shift and go to state 127
    TOKEN_STAR_EQ   shift and go to state 128
    TOKEN_SLASH_EQ  shift and go to state 129
    TOKEN_MOD_EQ    shift and go to state 130
    TOKEN_STAR      reduce using rule 138 (multiplicative -> unary .)
    TOKEN_SLASH     reduce using rule 138 (multiplicative -> unary .)
    TOKEN_MOD       reduce using rule 138 (multiplicative -> unary .)
    TOKEN_PLUS      reduce using rule 138 (multiplicative -> unary .)
    TOKEN_MINUS     reduce using rule 138 (multiplicative -> unary .)
    TOKEN_LT        reduce using rule 138 (multiplicative -> unary .)
    TOKEN_GT        reduce using rule 138 (multiplicative -> unary .)
    TOKEN_LE        reduce using rule 138 (multiplicative -> unary .)
    TOKEN_GE        reduce using rule 138 (multiplicative -> unary .)
    TOKEN_EQ        reduce using rule 138 (multiplicative -> unary .)
    TOKEN_NEQ       reduce using rule 138 (multiplicative -> unary .)
    TOKEN_AMPERSAND reduce using rule 138 (multiplicative -> unary .)
    TOKEN_NAND      reduce using rule 138 (multiplicative -> unary .)
    TOKEN_XOR       reduce using rule 138 (multiplicative -> unary .)
    TOKEN_BIT_OR    reduce using rule 138 (multiplicative -> unary .)
    TOKEN_AND       reduce using rule 138 (multiplicative -> unary .)
    TOKEN_QUESTION  reduce using rule 138 (multiplicative -> unary .)
    TOKEN_OR        reduce using rule 138 (multiplicative -> unary .)
    TOKEN_SEMICOLON reduce using rule 138 (multiplicative -> unary .)
    TOKEN_RBRACKET  reduce using rule 138 (multiplicative -> unary .)
    TOKEN_RPAREN    reduce using rule 138 (multiplicative -> unary .)
    TOKEN_COMMA     reduce using rule 138 (multiplicative -> unary .)
    TOKEN_COLON     reduce using rule 138 (multiplicative -> unary .)
    TOKEN_RBRACE    reduce using rule 138 (multiplicative -> unary .)
    TOKEN_FAT_ARROW reduce using rule 138 (multiplicative -> unary .)


state 77

    (131) assignment -> ternary .

    TOKEN_SEMICOLON reduce using rule 131 (assignment -> ternary .)
    TOKEN_RBRACKET  reduce using rule 131 (assignment -> ternary .)
    TOKEN_RPAREN    reduce using rule 131 (assignment -> ternary .)
    TOKEN_COMMA     reduce using rule 131 (assignment -> ternary .)
    TOKEN_COLON     reduce using rule 131 (assignment -> ternary .)
    TOKEN_RBRACE    reduce using rule 131 (assignment -> ternary .)
    TOKEN_FAT_ARROW reduce using rule 131 (assignment -> ternary .)


state 78

    (143) unary -> TOKEN_PLUS . unary
    (143) unary -> . TOKEN_PLUS unary
    (144) unary -> . TOKEN_MINUS unary
    (145) unary -> . TOKEN_NOT unary
    (146) unary -> . TOKEN_BIT_NOT unary
    (147) unary -> . TOKEN_AMPERSAND unary
    (148) unary -> . TOKEN_STAR unary
    (149) unary -> . TOKEN_KW_AWAIT unary
    (150) unary -> . postfix
    (151) postfix -> . primary
    (152) postfix -> . postfix TOKEN_LPAREN arg_list TOKEN_RPAREN
    (154) postfix -> . postfix TOKEN_LBRACKET expr TOKEN_RBRACKET
    (155) postfix -> . postfix TOKEN_DOT TOKEN_IDENTIFIER
    (156) postfix -> . postfix TOKEN_SCOPE_RES TOKEN_IDENTIFIER
    (157) postfix -> . postfix TOKEN_ARROW TOKEN_IDENTIFIER
    (158) postfix -> . postfix TOKEN_LEFT_ARROW TOKEN_IDENTIFIER
    (160) primary -> . TOKEN_IDENTIFIER
    (161) primary -> . factor
    (162) primary -> . TOKEN_LPAREN expr TOKEN_RPAREN
    (163) primary -> . TOKEN_KW_NULL
    (54) factor -> . TOKEN_INT_LITERAL
    (55) factor -> . TOKEN_FLOAT_LITERAL
    (56) factor -> . TOKEN_CHAR_LITERAL
    (57) factor -> . TOKEN_STRING_LITERAL
    (59) factor -> . TOKEN_BOOL_LITERAL

    TOKEN_PLUS      shift and go to state 78
    TOKEN_MINUS     shift and go to state 79
    TOKEN_NOT       shift and go to state 80
    TOKEN_BIT_NOT   shift and go to state 81
    TOKEN_AMPERSAND shift and go to state 82
    TOKEN_STAR      shift and go to state 83
    TOKEN_KW_AWAIT  shift and go to state 84
    TOKEN_IDENTIFIER shift and go to state 72
    TOKEN_LPAREN    shift and go to state 88
    TOKEN_KW_NULL   shift and go to state 91
    TOKEN_INT_LITERAL shift and go to state 93
    TOKEN_FLOAT_LITERAL shift and go to state 94
    TOKEN_CHAR_LITERAL shift and go to state 95
    TOKEN_STRING_LITERAL shift and go to state 96
    TOKEN_BOOL_LITERAL shift and go to state 97

    unary                          shift and go to state 131
    postfix                        shift and go to state 85
    primary                        shift and go to state 87
    factor                         shift and go to state 90

state 79

    (144) unary -> TOKEN_MINUS . unary
    (143) unary -> . TOKEN_PLUS unary
    (144) unary -> . TOKEN_MINUS unary
    (145) unary -> . TOKEN_NOT unary
    (146) unary -> . TOKEN_BIT_NOT unary
    (147) unary -> . TOKEN_AMPERSAND unary
    (148) unary -> . TOKEN_STAR unary
    (149) unary -> . TOKEN_KW_AWAIT unary
    (150) unary -> . postfix
    (151) postfix -> . primary
    (152) postfix -> . postfix TOKEN_LPAREN arg_list TOKEN_RPAREN
    (154) postfix -> . postfix TOKEN_LBRACKET expr TOKEN_RBRACKET
    (155) postfix -> . postfix TOKEN_DOT TOKEN_IDENTIFIER
    (156) postfix -> . postfix TOKEN_SCOPE_RES TOKEN_IDENTIFIER
    (157) postfix -> . postfix TOKEN_ARROW TOKEN_IDENTIFIER
    (158) postfix -> . postfix TOKEN_LEFT_ARROW TOKEN_IDENTIFIER
    (160) primary -> . TOKEN_IDENTIFIER
    (161) primary -> . factor
    (162) primary -> . TOKEN_LPAREN expr TOKEN_RPAREN
    (163) primary -> . TOKEN_KW_NULL
    (54) factor -> . TOKEN_INT_LITERAL
    (55) factor -> . TOKEN_FLOAT_LITERAL
    (56) factor -> . TOKEN_CHAR_LITERAL
    (57) factor -> . TOKEN_STRING_LITERAL
    (59) factor -> . TOKEN_BOOL_LITERAL

    TOKEN_PLUS      shift and go to state 78
    TOKEN_MINUS     shift and go to state 79
    TOKEN_NOT       shift and go to state 80
    TOKEN_BIT_NOT   shift and go to state 81
    TOKEN_AMPERSAND shift and go to state 82
    TOKEN_STAR      shift and go to state 83
    TOKEN_KW_AWAIT  shift and go to state 84
    TOKEN_IDENTIFIER shift and go to state 72
    TOKEN_LPAREN    shift and go to state 88
    TOKEN_KW_NULL   shift and go to state 91
    TOKEN_INT_LITERAL shift and go to state 93
    TOKEN_FLOAT_LITERAL shift and go to state 94
    TOKEN_CHAR_LITERAL shift and go to state 95
    TOKEN_STRING_LITERAL shift and go to state 96
    TOKEN_BOOL_LITERAL shift and go to state 97

    unary                          shift and go to state 132
    postfix                        shift and go to state 85
    primary                        shift and go to state 87
    factor                         shift and go to state 90

state 80

    (145) unary -> TOKEN_NOT . unary
    (143) unary -> . TOKEN_PLUS unary
    (144) unary -> . TOKEN_MINUS unary
    (145) unary -> . TOKEN_NOT unary
    (146) unary -> . TOKEN_BIT_NOT unary
    (147) unary -> . TOKEN_AMPERSAND unary
    (148) unary -> . TOKEN_STAR unary
    (149) unary -> . TOKEN_KW_AWAIT unary
    (150) unary -> . postfix
    (151) postfix -> . primary
    (152) postfix -> . postfix TOKEN_LPAREN arg_list TOKEN_RPAREN
    (154) postfix -> . postfix TOKEN_LBRACKET expr TOKEN_RBRACKET
    (155) postfix -> . postfix TOKEN_DOT TOKEN_IDENTIFIER
    (156) postfix -> . postfix TOKEN_SCOPE_RES TOKEN_IDENTIFIER
    (157) postfix -> . postfix TOKEN_ARROW TOKEN_IDENTIFIER
    (158) postfix -> . postfix TOKEN_LEFT_ARROW TOKEN_IDENTIFIER
    (160) primary -> . TOKEN_IDENTIFIER
    (161) primary -> . factor
    (162) primary -> . TOKEN_LPAREN expr TOKEN_RPAREN
    (163) primary -> . TOKEN_KW_NULL
    (54) factor -> . TOKEN_INT_LITERAL
    (55) factor -> . TOKEN_FLOAT_LITERAL
    (56) factor -> . TOKEN_CHAR_LITERAL
    (57) factor -> . TOKEN_STRING_LITERAL
    (59) factor -> . TOKEN_BOOL_LITERAL

    TOKEN_PLUS      shift and go to state 78
    TOKEN_MINUS     shift and go to state 79
    TOKEN_NOT       shift and go to state 80
    TOKEN_BIT_NOT   shift and go to state 81
    TOKEN_AMPERSAND shift and go to state 82
    TOKEN_STAR      shift and go to state 83
    TOKEN_KW_AWAIT  shift and go to state 84
    TOKEN_IDENTIFIER shift and go to state 72
    TOKEN_LPAREN    shift and go to state 88
    TOKEN_KW_NULL   shift and go to state 91
    TOKEN_INT_LITERAL shift and go to state 93
    TOKEN_FLOAT_LITERAL shift and go to state 94
    TOKEN_CHAR_LITERAL shift and go to state 95
    TOKEN_STRING_LITERAL shift and go to state 96
    TOKEN_BOOL_LITERAL shift and go to state 97

    unary                          shift and go to state 133
    postfix                        shift and go to state 85
    primary                        shift and go to state 87
    factor                         shift and go to state 90

state 81

    (146) unary -> TOKEN_BIT_NOT . unary
    (143) unary -> . TOKEN_PLUS unary
    (144) unary -> . TOKEN_MINUS unary
    (145) unary -> . TOKEN_NOT unary
    (146) unary -> . TOKEN_BIT_NOT unary
    (147) unary -> . TOKEN_AMPERSAND unary
    (148) unary -> . TOKEN_STAR unary
    (149) unary -> . TOKEN_KW_AWAIT unary
    (150) unary -> . postfix
    (151) postfix -> . primary
    (152) postfix -> . postfix TOKEN_LPAREN arg_list TOKEN_RPAREN
    (154) postfix -> . postfix TOKEN_LBRACKET expr TOKEN_RBRACKET
    (155) postfix -> . postfix TOKEN_DOT TOKEN_IDENTIFIER
    (156) postfix -> . postfix TOKEN_SCOPE_RES TOKEN_IDENTIFIER
    (157) postfix -> . postfix TOKEN_ARROW TOKEN_IDENTIFIER
    (158) postfix -> . postfix TOKEN_LEFT_ARROW TOKEN_IDENTIFIER
    (160) primary -> . TOKEN_IDENTIFIER
    (161) primary -> . factor
    (162) primary -> . TOKEN_LPAREN expr TOKEN_RPAREN
    (163) primary -> . TOKEN_KW_NULL
    (54) factor -> . TOKEN_INT_LITERAL
    (55) factor -> . TOKEN_FLOAT_LITERAL
    (56) factor -> . TOKEN_CHAR_LITERAL
    (57) factor -> . TOKEN_STRING_LITERAL
    (59) factor -> . TOKEN_BOOL_LITERAL

    TOKEN_PLUS      shift and go to state 78
    TOKEN_MINUS     shift and go to state 79
    TOKEN_NOT       shift and go to state 80
    TOKEN_BIT_NOT   shift and go to state 81
    TOKEN_AMPERSAND shift and go to state 82
    TOKEN_STAR      shift and go to state 83
    TOKEN_KW_AWAIT  shift and go to state 84
    TOKEN_IDENTIFIER shift and go to state 72
    TOKEN_LPAREN    shift and go to state 88
    TOKEN_KW_NULL   shift and go to state 91
    TOKEN_INT_LITERAL shift and go to state 93
    TOKEN_FLOAT_LITERAL shift and go to state 94
    TOKEN_CHAR_LITERAL shift and go to state 95
    TOKEN_STRING_LITERAL shift and go to state 96
    TOKEN_BOOL_LITERAL shift and go to state 97

    unary                          shift and go to state 134
    postfix                        shift and go to state 85
    primary                        shift and go to state 87
    factor                         shift and go to state 90

state 82

    (147) unary -> TOKEN_AMPERSAND . unary
    (143) unary -> . TOKEN_PLUS unary
    (144) unary -> . TOKEN_MINUS unary
    (145) unary -> . TOKEN_NOT unary
    (146) unary -> . TOKEN_BIT_NOT unary
    (147) unary -> . TOKEN_AMPERSAND unary
    (148) unary -> . TOKEN_STAR unary
    (149) unary -> . TOKEN_KW_AWAIT unary
    (150) unary -> . postfix
    (151) postfix -> . primary
    (152) postfix -> . postfix TOKEN_LPAREN arg_list TOKEN_RPAREN
    (154) postfix -> . postfix TOKEN_LBRACKET expr TOKEN_RBRACKET
    (155) postfix -> . postfix TOKEN_DOT TOKEN_IDENTIFIER
    (156) postfix -> . postfix TOKEN_SCOPE_RES TOKEN_IDENTIFIER
    (157) postfix -> . postfix TOKEN_ARROW TOKEN_IDENTIFIER
    (158) postfix -> . postfix TOKEN_LEFT_ARROW TOKEN_IDENTIFIER
    (160) primary -> . TOKEN_IDENTIFIER
    (161) primary -> . factor
    (162) primary -> . TOKEN_LPAREN expr TOKEN_RPAREN
    (163) primary -> . TOKEN_KW_NULL
    (54) factor -> . TOKEN_INT_LITERAL
    (55) factor -> . TOKEN_FLOAT_LITERAL
    (56) factor -> . TOKEN_CHAR_LITERAL
    (57) factor -> . TOKEN_STRING_LITERAL
    (59) factor -> . TOKEN_BOOL_LITERAL

    TOKEN_PLUS      shift and go to state 78
    TOKEN_MINUS     shift and go to state 79
    TOKEN_NOT       shift and go to state 80
    TOKEN_BIT_NOT   shift and go to state 81
    TOKEN_AMPERSAND shift and go to state 82
    TOKEN_STAR      shift and go to state 83
    TOKEN_KW_AWAIT  shift and go to state 84
    TOKEN_IDENTIFIER shift and go to state 72
    TOKEN_LPAREN    shift and go to state 88
    TOKEN_KW_NULL   shift and go to state 91
    TOKEN_INT_LITERAL shift and go to state 93
    TOKEN_FLOAT_LITERAL shift and go to state 94
    TOKEN_CHAR_LITERAL shift and go to state 95
    TOKEN_STRING_LITERAL shift and go to state 96
    TOKEN_BOOL_LITERAL shift and go to state 97

    unary                          shift and go to state 135
    postfix                        shift and go to state 85
    primary                        shift and go to state 87
    factor                         shift and go to state 90

state 83

    (148) unary -> TOKEN_STAR . unary
    (143) unary -> . TOKEN_PLUS unary
    (144) unary -> . TOKEN_MINUS unary
    (145) unary -> . TOKEN_NOT unary
    (146) unary -> . TOKEN_BIT_NOT unary
    (147) unary -> . TOKEN_AMPERSAND unary
    (148) unary -> . TOKEN_STAR unary
    (149) unary -> . TOKEN_KW_AWAIT unary
    (150) unary -> . postfix
    (151) postfix -> . primary
    (152) postfix -> . postfix TOKEN_LPAREN arg_list TOKEN_RPAREN
    (154) postfix -> . postfix TOKEN_LBRACKET expr TOKEN_RBRACKET
    (155) postfix -> . postfix TOKEN_DOT TOKEN_IDENTIFIER
    (156) postfix -> . postfix TOKEN_SCOPE_RES TOKEN_IDENTIFIER
    (157) postfix -> . postfix TOKEN_ARROW TOKEN_IDENTIFIER
    (158) postfix -> . postfix TOKEN_LEFT_ARROW TOKEN_IDENTIFIER
    (160) primary -> . TOKEN_IDENTIFIER
    (161) primary -> . factor
    (162) primary -> . TOKEN_LPAREN expr TOKEN_RPAREN
    (163) primary -> . TOKEN_KW_NULL
    (54) factor -> . TOKEN_INT_LITERAL
    (55) factor -> . TOKEN_FLOAT_LITERAL
    (56) factor -> . TOKEN_CHAR_LITERAL
    (57) factor -> . TOKEN_STRING_LITERAL
    (59) factor -> . TOKEN_BOOL_LITERAL

    TOKEN_PLUS      shift and go to state 78
    TOKEN_MINUS     shift and go to state 79
    TOKEN_NOT       shift and go to state 80
    TOKEN_BIT_NOT   shift and go to state 81
    TOKEN_AMPERSAND shift and go to state 82
    TOKEN_STAR      shift and go to state 83
    TOKEN_KW_AWAIT  shift and go to state 84
    TOKEN_IDENTIFIER shift and go to state 72
    TOKEN_LPAREN    shift and go to state 88
    TOKEN_KW_NULL   shift and go to state 91
    TOKEN_INT_LITERAL shift and go to state 93
    TOKEN_FLOAT_LITERAL shift and go to state 94
    TOKEN_CHAR_LITERAL shift and go to state 95
    TOKEN_STRING_LITERAL shift and go to state 96
    TOKEN_BOOL_LITERAL shift and go to state 97

    unary                          shift and go to state 136
    postfix                        shift and go to state 85
    primary                        shift and go to state 87
    factor                         shift and go to state 90

state 84

    (149) unary -> TOKEN_KW_AWAIT . unary
    (143) unary -> . TOKEN_PLUS unary
    (144) unary -> . TOKEN_MINUS unary
    (145) unary -> . TOKEN_NOT unary
    (146) unary -> . TOKEN_BIT_NOT unary
    (147) unary -> . TOKEN_AMPERSAND unary
    (148) unary -> . TOKEN_STAR unary
    (149) unary -> . TOKEN_KW_AWAIT unary
    (150) unary -> . postfix
    (151) postfix -> . primary
    (152) postfix -> . postfix TOKEN_LPAREN arg_list TOKEN_RPAREN
    (154) postfix -> . postfix TOKEN_LBRACKET expr TOKEN_RBRACKET
    (155) postfix -> . postfix TOKEN_DOT TOKEN_IDENTIFIER
    (156) postfix -> . postfix TOKEN_SCOPE_RES TOKEN_IDENTIFIER
    (157) postfix -> . postfix TOKEN_ARROW TOKEN_IDENTIFIER
    (158) postfix -> . postfix TOKEN_LEFT_ARROW TOKEN_IDENTIFIER
    (160) primary -> . TOKEN_IDENTIFIER
    (161) primary -> . factor
    (162) primary -> . TOKEN_LPAREN expr TOKEN_RPAREN
    (163) primary -> . TOKEN_KW_NULL
    (54) factor -> . TOKEN_INT_LITERAL
    (55) factor -> . TOKEN_FLOAT_LITERAL
    (56) factor -> . TOKEN_CHAR_LITERAL
    (57) factor -> . TOKEN_STRING_LITERAL
    (59) factor -> . TOKEN_BOOL_LITERAL

    TOKEN_PLUS      shift and go to state 78
    TOKEN_MINUS     shift and go to state 79
    TOKEN_NOT       shift and go to state 80
    TOKEN_BIT_NOT   shift and go to state 81
    TOKEN_AMPERSAND shift and go to state 82
    TOKEN_STAR      shift and go to state 83
    TOKEN_KW_AWAIT  shift and go to state 84
    TOKEN_IDENTIFIER shift and go to state 72
    TOKEN_LPAREN    shift and go to state 88
    TOKEN_KW_NULL   shift and go to state 91
    TOKEN_INT_LITERAL shift and go to state 93
    TOKEN_FLOAT_LITERAL shift and go to state 94
    TOKEN_CHAR_LITERAL shift and go to state 95
    TOKEN_STRING_LITERAL shift and go to state 96
    TOKEN_BOOL_LITERAL shift and go to state 97

    unary                          shift and go to state 137
    postfix                        shift and go to state 85
    primary                        shift and go to state 87
    factor                         shift and go to state 90

state 85

    (150) unary -> postfix .
    (152) postfix -> postfix . TOKEN_LPAREN arg_list TOKEN_RPAREN
    (154) postfix -> postfix . TOKEN_LBRACKET expr TOKEN_RBRACKET
    (155) postfix -> postfix . TOKEN_DOT TOKEN_IDENTIFIER
    (156) postfix -> postfix . TOKEN_SCOPE_RES TOKEN_IDENTIFIER
    (157) postfix -> postfix . TOKEN_ARROW TOKEN_IDENTIFIER
    (158) postfix -> postfix . TOKEN_LEFT_ARROW TOKEN_IDENTIFIER

    TOKEN_LSHIFT_ASSIGN reduce using rule 150 (unary -> postfix .)
    TOKEN_RSHIFT_ASSIGN reduce using rule 150 (unary -> postfix .)
    TOKEN_ASSIGN    reduce using rule 150 (unary -> postfix .)
    TOKEN_PLUS_EQ   reduce using rule 150 (unary -> postfix .)
    TOKEN_MINUS_EQ  reduce using rule 150 (unary -> postfix .)
    TOKEN_STAR_EQ   reduce using rule 150 (unary -> postfix .)
    TOKEN_SLASH_EQ  reduce using rule 150 (unary -> postfix .)
    TOKEN_MOD_EQ    reduce using rule 150 (unary -> postfix .)
    TOKEN_STAR      reduce using rule 150 (unary -> postfix .)
    TOKEN_SLASH     reduce using rule 150 (unary -> postfix .)
    TOKEN_MOD       reduce using rule 150 (unary -> postfix .)
    TOKEN_PLUS      reduce using rule 150 (unary -> postfix .)
    TOKEN_MINUS     reduce using rule 150 (unary -> postfix .)
    TOKEN_LT        reduce using rule 150 (unary -> postfix .)
    TOKEN_GT        reduce using rule 150 (unary -> postfix .)
    TOKEN_LE        reduce using rule 150 (unary -> postfix .)
    TOKEN_GE        reduce using rule 150 (unary -> postfix .)
    TOKEN_EQ        reduce using rule 150 (unary -> postfix .)
    TOKEN_NEQ       reduce using rule 150 (unary -> postfix .)
    TOKEN_AMPERSAND reduce using rule 150 (unary -> postfix .)
    TOKEN_NAND      reduce using rule 150 (unary -> postfix .)
    TOKEN_XOR       reduce using rule 150 (unary -> postfix .)
    TOKEN_BIT_OR    reduce using rule 150 (unary -> postfix .)
    TOKEN_AND       reduce using rule 150 (unary -> postfix .)
    TOKEN_QUESTION  reduce using rule 150 (unary -> postfix .)
    TOKEN_OR        reduce using rule 150 (unary -> postfix .)
    TOKEN_SEMICOLON reduce using rule 150 (unary -> postfix .)
    TOKEN_RBRACKET  reduce using rule 150 (unary -> postfix .)
    TOKEN_RPAREN    reduce using rule 150 (unary -> postfix .)
    TOKEN_COMMA     reduce using rule 150 (unary -> postfix .)
    TOKEN_COLON     reduce using rule 150 (unary -> postfix .)
    TOKEN_RBRACE    reduce using rule 150 (unary -> postfix .)
    TOKEN_FAT_ARROW reduce using rule 150 (unary -> postfix .)
    TOKEN_LPAREN    shift and go to state 138
    TOKEN_LBRACKET  shift and go to state 139
    TOKEN_DOT       shift and go to state 140
    TOKEN_SCOPE_RES shift and go to state 141
    TOKEN_ARROW     shift and go to state 142
    TOKEN_LEFT_ARROW shift and go to state 143


state 86

    (25) ternary -> logical_or .
    (36) ternary -> logical_or . TOKEN_QUESTION expr TOKEN_COLON ternary
    (58) logical_or -> logical_or . TOKEN_OR logical_and

    TOKEN_SEMICOLON reduce using rule 25 (ternary -> logical_or .)
    TOKEN_RBRACKET  reduce using rule 25 (ternary -> logical_or .)
    TOKEN_RPAREN    reduce using rule 25 (ternary -> logical_or .)
    TOKEN_COMMA     reduce using rule 25 (ternary -> logical_or .)
    TOKEN_COLON     reduce using rule 25 (ternary -> logical_or .)
    TOKEN_RBRACE    reduce using rule 25 (ternary -> logical_or .)
    TOKEN_FAT_ARROW reduce using rule 25 (ternary -> logical_or .)
    TOKEN_QUESTION  shift and go to state 144
    TOKEN_OR        shift and go to state 145


state 87

    (151) postfix -> primary .

    TOKEN_LPAREN    reduce using rule 151 (postfix -> primary .)
    TOKEN_LBRACKET  reduce using rule 151 (postfix -> primary .)
    TOKEN_DOT       reduce using rule 151 (postfix -> primary .)
    TOKEN_SCOPE_RES reduce using rule 151 (postfix -> primary .)
    TOKEN_ARROW     reduce using rule 151 (postfix -> primary .)
    TOKEN_LEFT_ARROW reduce using rule 151 (postfix -> primary .)
    TOKEN_LSHIFT_ASSIGN reduce using rule 151 (postfix -> primary .)
    TOKEN_RSHIFT_ASSIGN reduce using rule 151 (postfix -> primary .)
    TOKEN_ASSIGN    reduce using rule 151 (postfix -> primary .)
    TOKEN_PLUS_EQ   reduce using rule 151 (postfix -> primary .)
    TOKEN_MINUS_EQ  reduce using rule 151 (postfix -> primary .)
    TOKEN_STAR_EQ   reduce using rule 151 (postfix -> primary .)
    TOKEN_SLASH_EQ  reduce using rule 151 (postfix -> primary .)
    TOKEN_MOD_EQ    reduce using rule 151 (postfix -> primary .)
    TOKEN_STAR      reduce using rule 151 (postfix -> primary .)
    TOKEN_SLASH     reduce using rule 151 (postfix -> primary .)
    TOKEN_MOD       reduce using rule 151 (postfix -> primary .)
    TOKEN_PLUS      reduce using rule 151 (postfix -> primary .)
    TOKEN_MINUS     reduce using rule 151 (postfix -> primary .)
    TOKEN_LT        reduce using rule 151 (postfix -> primary .)
    TOKEN_GT        reduce using rule 151 (postfix -> primary .)
    TOKEN_LE        reduce using rule 151 (postfix -> primary .)
    TOKEN_GE        reduce using rule 151 (postfix -> primary .)
    TOKEN_EQ        reduce using rule 151 (postfix -> primary .)
    TOKEN_NEQ       reduce using rule 151 (postfix -> primary .)
    TOKEN_AMPERSAND reduce using rule 151 (postfix -> primary .)
    TOKEN_NAND      reduce using rule 151 (postfix -> primary .)
    TOKEN_XOR       reduce using rule 151 (postfix -> primary .)
    TOKEN_BIT_OR    reduce using rule 151 (postfix -> primary .)
    TOKEN_AND       reduce using rule 151 (postfix -> primary .)
    TOKEN_QUESTION  reduce using rule 151 (postfix -> primary .)
    TOKEN_OR        reduce using rule 151 (postfix -> primary .)
    TOKEN_SEMICOLON reduce using rule 151 (postfix -> primary .)
    TOKEN_RBRACKET  reduce using rule 151 (postfix -> primary .)
    TOKEN_RPAREN    reduce using rule 151 (postfix -> primary .)
    TOKEN_COMMA     reduce using rule 151 (postfix -> primary .)
    TOKEN_COLON     reduce using rule 151 (postfix -> primary .)
    TOKEN_RBRACE    reduce using rule 151 (postfix -> primary .)
    TOKEN_FAT_ARROW reduce using rule 151 (postfix -> primary .)


state 88

    (162) primary -> TOKEN_LPAREN . expr TOKEN_RPAREN
    (113) expr -> . assignment
    (159) expr -> . TOKEN_KW_CAST type TOKEN_ARROW expr
    (3) assignment -> . unary TOKEN_LSHIFT_ASSIGN assignment
    (14) assignment -> . unary TOKEN_RSHIFT_ASSIGN assignment
    (131) assignment -> . ternary
    (142) assignment -> . unary TOKEN_ASSIGN assignment
    (153) assignment -> . unary TOKEN_PLUS_EQ assignment
    (164) assignment -> . unary TOKEN_MINUS_EQ assignment
    (175) assignment -> . unary TOKEN_STAR_EQ assignment
    (186) assignment -> . unary TOKEN_SLASH_EQ assignment
    (197) assignment -> . unary TOKEN_MOD_EQ assignment
    (143) unary -> . TOKEN_PLUS unary
    (144) unary -> . TOKEN_MINUS unary
    (145) unary -> . TOKEN_NOT unary
    (146) unary -> . TOKEN_BIT_NOT unary
    (147) unary -> . TOKEN_AMPERSAND unary
    (148) unary -> . TOKEN_STAR unary
    (149) unary -> . TOKEN_KW_AWAIT unary
    (150) unary -> . postfix
    (25) ternary -> . logical_or
    (36) ternary -> . logical_or TOKEN_QUESTION expr TOKEN_COLON ternary
    (151) postfix -> . primary
    (152) postfix -> . postfix TOKEN_LPAREN arg_list TOKEN_RPAREN
    (154) postfix -> . postfix TOKEN_LBRACKET expr TOKEN_RBRACKET
    (155) postfix -> . postfix TOKEN_DOT TOKEN_IDENTIFIER
    (156) postfix -> . postfix TOKEN_SCOPE_RES TOKEN_IDENTIFIER
    (157) postfix -> . postfix TOKEN_ARROW TOKEN_IDENTIFIER
    (158) postfix -> . postfix TOKEN_LEFT_ARROW TOKEN_IDENTIFIER
    (47) logical_or -> . logical_and
    (58) logical_or -> . logical_or TOKEN_OR logical_and
    (160) primary -> . TOKEN_IDENTIFIER
    (161) primary -> . factor
    (162) primary -> . TOKEN_LPAREN expr TOKEN_RPAREN
    (163) primary -> . TOKEN_KW_NULL
    (69) logical_and -> . bit_or
    (80) logical_and -> . logical_and TOKEN_AND bit_or
    (54) factor -> . TOKEN_INT_LITERAL
    (55) factor -> . TOKEN_FLOAT_LITERAL
    (56) factor -> . TOKEN_CHAR_LITERAL
    (57) factor -> . TOKEN_STRING_LITERAL
    (59) factor -> . TOKEN_BOOL_LITERAL
    (91) bit_or -> . xor
    (102) bit_or -> . bit_or TOKEN_BIT_OR xor
    (114) xor -> . bit_and
    (122) xor -> . xor TOKEN_XOR bit_and
    (123) bit_and -> . equality
    (124) bit_and -> . bit_and TOKEN_AMPERSAND equality
    (125) bit_and -> . bit_and TOKEN_NAND equality
    (126) equality -> . relational
    (127) equality -> . equality TOKEN_EQ relational
    (128) equality -> . equality TOKEN_NEQ relational
    (129) relational -> . additive
    (130) relational -> . relational TOKEN_LT additive
    (132) relational -> . relational TOKEN_GT additive
    (133) relational -> . relational TOKEN_LE additive
    (134) relational -> . relational TOKEN_GE additive
    (135) additive -> . multiplicative
    (136) additive -> . additive TOKEN_PLUS multiplicative
    (137) additive -> . additive TOKEN_MINUS multiplicative
    (138) multiplicative -> . unary
    (139) multiplicative -> . multiplicative TOKEN_STAR unary
    (140) multiplicative -> . multiplicative TOKEN_SLASH unary
    (141) multiplicative -> . multiplicative TOKEN_MOD unary

    TOKEN_KW_CAST   shift and go to state 75
    TOKEN_PLUS      shift and go to state 78
    TOKEN_MINUS     shift and go to state 79
    TOKEN_NOT       shift and go to state 80
    TOKEN_BIT_NOT   shift and go to state 81
    TOKEN_AMPERSAND shift and go to state 82
    TOKEN_STAR      shift and go to state 83
    TOKEN_KW_AWAIT  shift and go to state 84
    TOKEN_IDENTIFIER shift and go to state 72
    TOKEN_LPAREN    shift and go to state 88
    TOKEN_KW_NULL   shift and go to state 91
    TOKEN_INT_LITERAL shift and go to state 93
    TOKEN_FLOAT_LITERAL shift and go to state 94
    TOKEN_CHAR_LITERAL shift and go to state 95
    TOKEN_STRING_LITERAL shift and go to state 96
    TOKEN_BOOL_LITERAL shift and go to state 97

    expr                           shift and go to state 146
    assignment                     shift and go to state 74
    unary                          shift and go to state 76
    ternary                        shift and go to state 77
    postfix                        shift and go to state 85
    logical_or                     shift and go to state 86
    primary                        shift and go to state 87
    logical_and                    shift and go to state 89
    factor                         shift and go to state 90
    bit_or                         shift and go to state 92
    xor                            shift and go to state 98
    bit_and                        shift and go to state 99
    equality                       shift and go to state 100
    relational                     shift and go to state 101
    additive                       shift and go to state 102
    multiplicative                 shift and go to state 103

state 89

    (47) logical_or -> logical_and .
    (80) logical_and -> logical_and . TOKEN_AND bit_or

    TOKEN_QUESTION  reduce using rule 47 (logical_or -> logical_and .)
    TOKEN_OR        reduce using rule 47 (logical_or -> logical_and .)
    TOKEN_SEMICOLON reduce using rule 47 (logical_or -> logical_and .)
    TOKEN_RBRACKET  reduce using rule 47 (logical_or -> logical_and .)
    TOKEN_RPAREN    reduce using rule 47 (logical_or -> logical_and .)
    TOKEN_COMMA     reduce using rule 47 (logical_or -> logical_and .)
    TOKEN_COLON     reduce using rule 47 (logical_or -> logical_and .)
    TOKEN_RBRACE    reduce using rule 47 (logical_or -> logical_and .)
    TOKEN_FAT_ARROW reduce using rule 47 (logical_or -> logical_and .)
    TOKEN_AND       shift and go to state 147


state 90

    (161) primary -> factor .

    TOKEN_LPAREN    reduce using rule 161 (primary -> factor .)
    TOKEN_LBRACKET  reduce using rule 161 (primary -> factor .)
    TOKEN_DOT       reduce using rule 161 (primary -> factor .)
    TOKEN_SCOPE_RES reduce using rule 161 (primary -> factor .)
    TOKEN_ARROW     reduce using rule 161 (primary -> factor .)
    TOKEN_LEFT_ARROW reduce using rule 161 (primary -> factor .)
    TOKEN_LSHIFT_ASSIGN reduce using rule 161 (primary -> factor .)
    TOKEN_RSHIFT_ASSIGN reduce using rule 161 (primary -> factor .)
    TOKEN_ASSIGN    reduce using rule 161 (primary -> factor .)
    TOKEN_PLUS_EQ   reduce using rule 161 (primary -> factor .)
    TOKEN_MINUS_EQ  reduce using rule 161 (primary -> factor .)
    TOKEN_STAR_EQ   reduce using rule 161 (primary -> factor .)
    TOKEN_SLASH_EQ  reduce using rule 161 (primary -> factor .)
    TOKEN_MOD_EQ    reduce using rule 161 (primary -> factor .)
    TOKEN_STAR      reduce using rule 161 (primary -> factor .)
    TOKEN_SLASH     reduce using rule 161 (primary -> factor .)
    TOKEN_MOD       reduce using rule 161 (primary -> factor .)
    TOKEN_PLUS      reduce using rule 161 (primary -> factor .)
    TOKEN_MINUS     reduce using rule 161 (primary -> factor .)
    TOKEN_LT        reduce using rule 161 (primary -> factor .)
    TOKEN_GT        reduce using rule 161 (primary -> factor .)
    TOKEN_LE        reduce using rule 161 (primary -> factor .)
    TOKEN_GE        reduce using rule 161 (primary -> factor .)
    TOKEN_EQ        reduce using rule 161 (primary -> factor .)
    TOKEN_NEQ       reduce using rule 161 (primary -> factor .)
    TOKEN_AMPERSAND reduce using rule 161 (primary -> factor .)
    TOKEN_NAND      reduce using rule 161 (primary -> factor .)
    TOKEN_XOR       reduce using rule 161 (primary -> factor .)
    TOKEN_BIT_OR    reduce using rule 161 (primary -> factor .)
    TOKEN_AND       reduce using rule 161 (primary -> factor .)
    TOKEN_QUESTION  reduce using rule 161 (primary -> factor .)
    TOKEN_OR        reduce using rule 161 (primary -> factor .)
    TOKEN_SEMICOLON reduce using rule 161 (primary -> factor .)
    TOKEN_RBRACKET  reduce using rule 161 (primary -> factor .)
    TOKEN_RPAREN    reduce using rule 161 (primary -> factor .)
    TOKEN_COMMA     reduce using rule 161 (primary -> factor .)
    TOKEN_COLON     reduce using rule 161 (primary -> factor .)
    TOKEN_RBRACE    reduce using rule 161 (primary -> factor .)
    TOKEN_FAT_ARROW reduce using rule 161 (primary -> factor .)


state 91

    (163) primary -> TOKEN_KW_NULL .

    TOKEN_LPAREN    reduce using rule 163 (primary -> TOKEN_KW_NULL .)
    TOKEN_LBRACKET  reduce using rule 163 (primary -> TOKEN_KW_NULL .)
    TOKEN_DOT       reduce using rule 163 (primary -> TOKEN_KW_NULL .)
    TOKEN_SCOPE_RES reduce using rule 163 (primary -> TOKEN_KW_NULL .)
    TOKEN_ARROW     reduce using rule 163 (primary -> TOKEN_KW_NULL .)
    TOKEN_LEFT_ARROW reduce using rule 163 (primary -> TOKEN_KW_NULL .)
    TOKEN_LSHIFT_ASSIGN reduce using rule 163 (primary -> TOKEN_KW_NULL .)
    TOKEN_RSHIFT_ASSIGN reduce using rule 163 (primary -> TOKEN_KW_NULL .)
    TOKEN_ASSIGN    reduce using rule 163 (primary -> TOKEN_KW_NULL .)
    TOKEN_PLUS_EQ   reduce using rule 163 (primary -> TOKEN_KW_NULL .)
    TOKEN_MINUS_EQ  reduce using rule 163 (primary -> TOKEN_KW_NULL .)
    TOKEN_STAR_EQ   reduce using rule 163 (primary -> TOKEN_KW_NULL .)
    TOKEN_SLASH_EQ  reduce using rule 163 (primary -> TOKEN_KW_NULL .)
    TOKEN_MOD_EQ    reduce using rule 163 (primary -> TOKEN_KW_NULL .)
    TOKEN_STAR      reduce using rule 163 (primary -> TOKEN_KW_NULL .)
    TOKEN_SLASH     reduce using rule 163 (primary -> TOKEN_KW_NULL .)
    TOKEN_MOD       reduce using rule 163 (primary -> TOKEN_KW_NULL .)
    TOKEN_PLUS      reduce using rule 163 (primary -> TOKEN_KW_NULL .)
    TOKEN_MINUS     reduce using rule 163 (primary -> TOKEN_KW_NULL .)
    TOKEN_LT        reduce using rule 163 (primary -> TOKEN_KW_NULL .)
    TOKEN_GT        reduce using rule 163 (primary -> TOKEN_KW_NULL .)
    TOKEN_LE        reduce using rule 163 (primary -> TOKEN_KW_NULL .)
    TOKEN_GE        reduce using rule 163 (primary -> TOKEN_KW_NULL .)
    TOKEN_EQ        reduce using rule 163 (primary -> TOKEN_KW_NULL .)
    TOKEN_NEQ       reduce using rule 163 (primary -> TOKEN_KW_NULL .)
    TOKEN_AMPERSAND reduce using rule 163 (primary -> TOKEN_KW_NULL .)
    TOKEN_NAND      reduce using rule 163 (primary -> TOKEN_KW_NULL .)
    TOKEN_XOR       reduce using rule 163 (primary -> TOKEN_KW_NULL .)
    TOKEN_BIT_OR    reduce using rule 163 (primary -> TOKEN_KW_NULL .)
    TOKEN_AND       reduce using rule 163 (primary -> TOKEN_KW_NULL .)
    TOKEN_QUESTION  reduce using rule 163 (primary -> TOKEN_KW_NULL .)
    TOKEN_OR        reduce using rule 163 (primary -> TOKEN_KW_NULL .)
    TOKEN_SEMICOLON reduce using rule 163 (primary -> TOKEN_KW_NULL .)
    TOKEN_RBRACKET  reduce using rule 163 (primary -> TOKEN_KW_NULL .)
    TOKEN_RPAREN    reduce using rule 163 (primary -> TOKEN_KW_NULL .)
    TOKEN_COMMA     reduce using rule 163 (primary -> TOKEN_KW_NULL .)
    TOKEN_COLON     reduce using rule 163 (primary -> TOKEN_KW_NULL .)
    TOKEN_RBRACE    reduce using rule 163 (primary -> TOKEN_KW_NULL .)
    TOKEN_FAT_ARROW reduce using rule 163 (primary -> TOKEN_KW_NULL .)


state 92

    (69) logical_and -> bit_or .
    (102) bit_or -> bit_or . TOKEN_BIT_OR xor

    TOKEN_AND       reduce using rule 69 (logical_and -> bit_or .)
    TOKEN_QUESTION  reduce using rule 69 (logical_and -> bit_or .)
    TOKEN_OR        reduce using rule 69 (logical_and -> bit_or .)
    TOKEN_SEMICOLON reduce using rule 69 (logical_and -> bit_or .)
    TOKEN_RBRACKET  reduce using rule 69 (logical_and -> bit_or .)
    TOKEN_RPAREN    reduce using rule 69 (logical_and -> bit_or .)
    TOKEN_COMMA     reduce using rule 69 (logical_and -> bit_or .)
    TOKEN_COLON     reduce using rule 69 (logical_and -> bit_or .)
    TOKEN_RBRACE    reduce using rule 69 (logical_and -> bit_or .)
    TOKEN_FAT_ARROW reduce using rule 69 (logical_and -> bit_or .)
    TOKEN_BIT_OR    shift and go to state 148


state 93

    (54) factor -> TOKEN_INT_LITERAL .

    TOKEN_LPAREN    reduce using rule 54 (factor -> TOKEN_INT_LITERAL .)
    TOKEN_LBRACKET  reduce using rule 54 (factor -> TOKEN_INT_LITERAL .)
    TOKEN_DOT       reduce using rule 54 (factor -> TOKEN_INT_LITERAL .)
    TOKEN_SCOPE_RES reduce using rule 54 (factor -> TOKEN_INT_LITERAL .)
    TOKEN_ARROW     reduce using rule 54 (factor -> TOKEN_INT_LITERAL .)
    TOKEN_LEFT_ARROW reduce using rule 54 (factor -> TOKEN_INT_LITERAL .)
    TOKEN_LSHIFT_ASSIGN reduce using rule 54 (factor -> TOKEN_INT_LITERAL .)
    TOKEN_RSHIFT_ASSIGN reduce using rule 54 (factor -> TOKEN_INT_LITERAL .)
    TOKEN_ASSIGN    reduce using rule 54 (factor -> TOKEN_INT_LITERAL .)
    TOKEN_PLUS_EQ   reduce using rule 54 (factor -> TOKEN_INT_LITERAL .)
    TOKEN_MINUS_EQ  reduce using rule 54 (factor -> TOKEN_INT_LITERAL .)
    TOKEN_STAR_EQ   reduce using rule 54 (factor -> TOKEN_INT_LITERAL .)
    TOKEN_SLASH_EQ  reduce using rule 54 (factor -> TOKEN_INT_LITERAL .)
    TOKEN_MOD_EQ    reduce using rule 54 (factor -> TOKEN_INT_LITERAL .)
    TOKEN_STAR      reduce using rule 54 (factor -> TOKEN_INT_LITERAL .)
    TOKEN_SLASH     reduce using rule 54 (factor -> TOKEN_INT_LITERAL .)
    TOKEN_MOD       reduce using rule 54 (factor -> TOKEN_INT_LITERAL .)
    TOKEN_PLUS      reduce using rule 54 (factor -> TOKEN_INT_LITERAL .)
    TOKEN_MINUS     reduce using rule 54 (factor -> TOKEN_INT_LITERAL .)
    TOKEN_LT        reduce using rule 54 (factor -> TOKEN_INT_LITERAL .)
    TOKEN_GT        reduce using rule 54 (factor -> TOKEN_INT_LITERAL .)
    TOKEN_LE        reduce using rule 54 (factor -> TOKEN_INT_LITERAL .)
    TOKEN_GE        reduce using rule 54 (factor -> TOKEN_INT_LITERAL .)
    TOKEN_EQ        reduce using rule 54 (factor -> TOKEN_INT_LITERAL .)
    TOKEN_NEQ       reduce using rule 54 (factor -> TOKEN_INT_LITERAL .)
    TOKEN_AMPERSAND reduce using rule 54 (factor -> TOKEN_INT_LITERAL .)
    TOKEN_NAND      reduce using rule 54 (factor -> TOKEN_INT_LITERAL .)
    TOKEN_XOR       reduce using rule 54 (factor -> TOKEN_INT_LITERAL .)
    TOKEN_BIT_OR    reduce using rule 54 (factor -> TOKEN_INT_LITERAL .)
    TOKEN_AND       reduce using rule 54 (factor -> TOKEN_INT_LITERAL .)
    TOKEN_QUESTION  reduce using rule 54 (factor -> TOKEN_INT_LITERAL .)
    TOKEN_OR        reduce using rule 54 (factor -> TOKEN_INT_LITERAL .)
    TOKEN_SEMICOLON reduce using rule 54 (factor -> TOKEN_INT_LITERAL .)
    TOKEN_RBRACKET  reduce using rule 54 (factor -> TOKEN_INT_LITERAL .)
    TOKEN_RPAREN    reduce using rule 54 (factor -> TOKEN_INT_LITERAL .)
    TOKEN_COMMA     reduce using rule 54 (factor -> TOKEN_INT_LITERAL .)
    TOKEN_COLON     reduce using rule 54 (factor -> TOKEN_INT_LITERAL .)
    TOKEN_RBRACE    reduce using rule 54 (factor -> TOKEN_INT_LITERAL .)
    TOKEN_FAT_ARROW reduce using rule 54 (factor -> TOKEN_INT_LITERAL .)


state 94

    (55) factor -> TOKEN_FLOAT_LITERAL .

    TOKEN_LPAREN    reduce using rule 55 (factor -> TOKEN_FLOAT_LITERAL .)
    TOKEN_LBRACKET  reduce using rule 55 (factor -> TOKEN_FLOAT_LITERAL .)
    TOKEN_DOT       reduce using rule 55 (factor -> TOKEN_FLOAT_LITERAL .)
    TOKEN_SCOPE_RES reduce using rule 55 (factor -> TOKEN_FLOAT_LITERAL .)
    TOKEN_ARROW     reduce using rule 55 (factor -> TOKEN_FLOAT_LITERAL .)
    TOKEN_LEFT_ARROW reduce using rule 55 (factor -> TOKEN_FLOAT_LITERAL .)
    TOKEN_LSHIFT_ASSIGN reduce using rule 55 (factor -> TOKEN_FLOAT_LITERAL .)
    TOKEN_RSHIFT_ASSIGN reduce using rule 55 (factor -> TOKEN_FLOAT_LITERAL .)
    TOKEN_ASSIGN    reduce using rule 55 (factor -> TOKEN_FLOAT_LITERAL .)
    TOKEN_PLUS_EQ   reduce using rule 55 (factor -> TOKEN_FLOAT_LITERAL .)
    TOKEN_MINUS_EQ  reduce using rule 55 (factor -> TOKEN_FLOAT_LITERAL .)
    TOKEN_STAR_EQ   reduce using rule 55 (factor -> TOKEN_FLOAT_LITERAL .)
    TOKEN_SLASH_EQ  reduce using rule 55 (factor -> TOKEN_FLOAT_LITERAL .)
    TOKEN_MOD_EQ    reduce using rule 55 (factor -> TOKEN_FLOAT_LITERAL .)
    TOKEN_STAR      reduce using rule 55 (factor -> TOKEN_FLOAT_LITERAL .)
    TOKEN_SLASH     reduce using rule 55 (factor -> TOKEN_FLOAT_LITERAL .)
    TOKEN_MOD       reduce using rule 55 (factor -> TOKEN_FLOAT_LITERAL .)
    TOKEN_PLUS      reduce using rule 55 (factor -> TOKEN_FLOAT_LITERAL .)
    TOKEN_MINUS     reduce using rule 55 (factor -> TOKEN_FLOAT_LITERAL .)
    TOKEN_LT        reduce using rule 55 (factor -> TOKEN_FLOAT_LITERAL .)
    TOKEN_GT        reduce using rule 55 (factor -> TOKEN_FLOAT_LITERAL .)
    TOKEN_LE        reduce using rule 55 (factor -> TOKEN_FLOAT_LITERAL .)
    TOKEN_GE        reduce using rule 55 (factor -> TOKEN_FLOAT_LITERAL .)
    TOKEN_EQ        reduce using rule 55 (factor -> TOKEN_FLOAT_LITERAL .)
    TOKEN_NEQ       reduce using rule 55 (factor -> TOKEN_FLOAT_LITERAL .)
    TOKEN_AMPERSAND reduce using rule 55 (factor -> TOKEN_FLOAT_LITERAL .)
    TOKEN_NAND      reduce using rule 55 (factor -> TOKEN_FLOAT_LITERAL .)
    TOKEN_XOR       reduce using rule 55 (factor -> TOKEN_FLOAT_LITERAL .)
    TOKEN_BIT_OR    reduce using rule 55 (factor -> TOKEN_FLOAT_LITERAL .)
    TOKEN_AND       reduce using rule 55 (factor -> TOKEN_FLOAT_LITERAL .)
    TOKEN_QUESTION  reduce using rule 55 (factor -> TOKEN_FLOAT_LITERAL .)
    TOKEN_OR        reduce using rule 55 (factor -> TOKEN_FLOAT_LITERAL .)
    TOKEN_SEMICOLON reduce using rule 55 (factor -> TOKEN_FLOAT_LITERAL .)
    TOKEN_RBRACKET  reduce using rule 55 (factor -> TOKEN_FLOAT_LITERAL .)
    TOKEN_RPAREN    reduce using rule 55 (factor -> TOKEN_FLOAT_LITERAL .)
    TOKEN_COMMA     reduce using rule 55 (factor -> TOKEN_FLOAT_LITERAL .)
    TOKEN_COLON     reduce using rule 55 (factor -> TOKEN_FLOAT_LITERAL .)
    TOKEN_RBRACE    reduce using rule 55 (factor -> TOKEN_FLOAT_LITERAL .)
    TOKEN_FAT_ARROW reduce using rule 55 (factor -> TOKEN_FLOAT_LITERAL .)


state 95

    (56) factor -> TOKEN_CHAR_LITERAL .

    TOKEN_LPAREN    reduce using rule 56 (factor -> TOKEN_CHAR_LITERAL .)
    TOKEN_LBRACKET  reduce using rule 56 (factor -> TOKEN_CHAR_LITERAL .)
    TOKEN_DOT       reduce using rule 56 (factor -> TOKEN_CHAR_LITERAL .)
    TOKEN_SCOPE_RES reduce using rule 56 (factor -> TOKEN_CHAR_LITERAL .)
    TOKEN_ARROW     reduce using rule 56 (factor -> TOKEN_CHAR_LITERAL .)
    TOKEN_LEFT_ARROW reduce using rule 56 (factor -> TOKEN_CHAR_LITERAL .)
    TOKEN_LSHIFT_ASSIGN reduce using rule 56 (factor -> TOKEN_CHAR_LITERAL .)
    TOKEN_RSHIFT_ASSIGN reduce using rule 56 (factor -> TOKEN_CHAR_LITERAL .)
    TOKEN_ASSIGN    reduce using rule 56 (factor -> TOKEN_CHAR_LITERAL .)
    TOKEN_PLUS_EQ   reduce using rule 56 (factor -> TOKEN_CHAR_LITERAL .)
    TOKEN_MINUS_EQ  reduce using rule 56 (factor -> TOKEN_CHAR_LITERAL .)
    TOKEN_STAR_EQ   reduce using rule 56 (factor -> TOKEN_CHAR_LITERAL .)
    TOKEN_SLASH_EQ  reduce using rule 56 (factor -> TOKEN_CHAR_LITERAL .)
    TOKEN_MOD_EQ    reduce using rule 56 (factor -> TOKEN_CHAR_LITERAL .)
    TOKEN_STAR      reduce using rule 56 (factor -> TOKEN_CHAR_LITERAL .)
    TOKEN_SLASH     reduce using rule 56 (factor -> TOKEN_CHAR_LITERAL .)
    TOKEN_MOD       reduce using rule 56 (factor -> TOKEN_CHAR_LITERAL .)
    TOKEN_PLUS      reduce using rule 56 (factor -> TOKEN_CHAR_LITERAL .)
    TOKEN_MINUS     reduce using rule 56 (factor -> TOKEN_CHAR_LITERAL .)
    TOKEN_LT        reduce using rule 56 (factor -> TOKEN_CHAR_LITERAL .)
    TOKEN_GT        reduce using rule 56 (factor -> TOKEN_CHAR_LITERAL .)
    TOKEN_LE        reduce using rule 56 (factor -> TOKEN_CHAR_LITERAL .)
    TOKEN_GE        reduce using rule 56 (factor -> TOKEN_CHAR_LITERAL .)
    TOKEN_EQ        reduce using rule 56 (factor -> TOKEN_CHAR_LITERAL .)
    TOKEN_NEQ       reduce using rule 56 (factor -> TOKEN_CHAR_LITERAL .)
    TOKEN_AMPERSAND reduce using rule 56 (factor -> TOKEN_CHAR_LITERAL .)
    TOKEN_NAND      reduce using rule 56 (factor -> TOKEN_CHAR_LITERAL .)
    TOKEN_XOR       reduce using rule 56 (factor -> TOKEN_CHAR_LITERAL .)
    TOKEN_BIT_OR    reduce using rule 56 (factor -> TOKEN_CHAR_LITERAL .)
    TOKEN_AND       reduce using rule 56 (factor -> TOKEN_CHAR_LITERAL .)
    TOKEN_QUESTION  reduce using rule 56 (factor -> TOKEN_CHAR_LITERAL .)
    TOKEN_OR        reduce using rule 56 (factor -> TOKEN_CHAR_LITERAL .)
    TOKEN_SEMICOLON reduce using rule 56 (factor -> TOKEN_CHAR_LITERAL .)
    TOKEN_RBRACKET  reduce using rule 56 (factor -> TOKEN_CHAR_LITERAL .)
    TOKEN_RPAREN    reduce using rule 56 (factor -> TOKEN_CHAR_LITERAL .)
    TOKEN_COMMA     reduce using rule 56 (factor -> TOKEN_CHAR_LITERAL .)
    TOKEN_COLON     reduce using rule 56 (factor -> TOKEN_CHAR_LITERAL .)
    TOKEN_RBRACE    reduce using rule 56 (factor -> TOKEN_CHAR_LITERAL .)
    TOKEN_FAT_ARROW reduce using rule 56 (factor -> TOKEN_CHAR_LITERAL .)


state 96

    (57) factor -> TOKEN_STRING_LITERAL .

    TOKEN_LPAREN    reduce using rule 57 (factor -> TOKEN_STRING_LITERAL .)
    TOKEN_LBRACKET  reduce using rule 57 (factor -> TOKEN_STRING_LITERAL .)
    TOKEN_DOT       reduce using rule 57 (factor -> TOKEN_STRING_LITERAL .)
    TOKEN_SCOPE_RES reduce using rule 57 (factor -> TOKEN_STRING_LITERAL .)
    TOKEN_ARROW     reduce using rule 57 (factor -> TOKEN_STRING_LITERAL .)
    TOKEN_LEFT_ARROW reduce using rule 57 (factor -> TOKEN_STRING_LITERAL .)
    TOKEN_LSHIFT_ASSIGN reduce using rule 57 (factor -> TOKEN_STRING_LITERAL .)
    TOKEN_RSHIFT_ASSIGN reduce using rule 57 (factor -> TOKEN_STRING_LITERAL .)
    TOKEN_ASSIGN    reduce using rule 57 (factor -> TOKEN_STRING_LITERAL .)
    TOKEN_PLUS_EQ   reduce using rule 57 (factor -> TOKEN_STRING_LITERAL .)
    TOKEN_MINUS_EQ  reduce using rule 57 (factor -> TOKEN_STRING_LITERAL .)
    TOKEN_STAR_EQ   reduce using rule 57 (factor -> TOKEN_STRING_LITERAL .)
    TOKEN_SLASH_EQ  reduce using rule 57 (factor -> TOKEN_STRING_LITERAL .)
    TOKEN_MOD_EQ    reduce using rule 57 (factor -> TOKEN_STRING_LITERAL .)
    TOKEN_STAR      reduce using rule 57 (factor -> TOKEN_STRING_LITERAL .)
    TOKEN_SLASH     reduce using rule 57 (factor -> TOKEN_STRING_LITERAL .)
    TOKEN_MOD       reduce using rule 57 (factor -> TOKEN_STRING_LITERAL .)
    TOKEN_PLUS      reduce using rule 57 (factor -> TOKEN_STRING_LITERAL .)
    TOKEN_MINUS     reduce using rule 57 (factor -> TOKEN_STRING_LITERAL .)
    TOKEN_LT        reduce using rule 57 (factor -> TOKEN_STRING_LITERAL .)
    TOKEN_GT        reduce using rule 57 (factor -> TOKEN_STRING_LITERAL .)
    TOKEN_LE        reduce using rule 57 (factor -> TOKEN_STRING_LITERAL .)
    TOKEN_GE        reduce using rule 57 (factor -> TOKEN_STRING_LITERAL .)
    TOKEN_EQ        reduce using rule 57 (factor -> TOKEN_STRING_LITERAL .)
    TOKEN_NEQ       reduce using rule 57 (factor -> TOKEN_STRING_LITERAL .)
    TOKEN_AMPERSAND reduce using rule 57 (factor -> TOKEN_STRING_LITERAL .)
    TOKEN_NAND      reduce using rule 57 (factor -> TOKEN_STRING_LITERAL .)
    TOKEN_XOR       reduce using rule 57 (factor -> TOKEN_STRING_LITERAL .)
    TOKEN_BIT_OR    reduce using rule 57 (factor -> TOKEN_STRING_LITERAL .)
    TOKEN_AND       reduce using rule 57 (factor -> TOKEN_STRING_LITERAL .)
    TOKEN_QUESTION  reduce using rule 57 (factor -> TOKEN_STRING_LITERAL .)
    TOKEN_OR        reduce using rule 57 (factor -> TOKEN_STRING_LITERAL .)
    TOKEN_SEMICOLON reduce using rule 57 (factor -> TOKEN_STRING_LITERAL .)
    TOKEN_RBRACKET  reduce using rule 57 (factor -> TOKEN_STRING_LITERAL .)
    TOKEN_RPAREN    reduce using rule 57 (factor -> TOKEN_STRING_LITERAL .)
    TOKEN_COMMA     reduce using rule 57 (factor -> TOKEN_STRING_LITERAL .)
    TOKEN_COLON     reduce using rule 57 (factor -> TOKEN_STRING_LITERAL .)
    TOKEN_RBRACE    reduce using rule 57 (factor -> TOKEN_STRING_LITERAL .)
    TOKEN_FAT_ARROW reduce using rule 57 (factor -> TOKEN_STRING_LITERAL .)


state 97

    (59) factor -> TOKEN_BOOL_LITERAL .

    TOKEN_LPAREN    reduce using rule 59 (factor -> TOKEN_BOOL_LITERAL .)
    TOKEN_LBRACKET  reduce using rule 59 (factor -> TOKEN_BOOL_LITERAL .)
    TOKEN_DOT       reduce using rule 59 (factor -> TOKEN_BOOL_LITERAL .)
    TOKEN_SCOPE_RES reduce using rule 59 (factor -> TOKEN_BOOL_LITERAL .)
    TOKEN_ARROW     reduce using rule 59 (factor -> TOKEN_BOOL_LITERAL .)
    TOKEN_LEFT_ARROW reduce using rule 59 (factor -> TOKEN_BOOL_LITERAL .)
    TOKEN_LSHIFT_ASSIGN reduce using rule 59 (factor -> TOKEN_BOOL_LITERAL .)
    TOKEN_RSHIFT_ASSIGN reduce using rule 59 (factor -> TOKEN_BOOL_LITERAL .)
    TOKEN_ASSIGN    reduce using rule 59 (factor -> TOKEN_BOOL_LITERAL .)
    TOKEN_PLUS_EQ   reduce using rule 59 (factor -> TOKEN_BOOL_LITERAL .)
    TOKEN_MINUS_EQ  reduce using rule 59 (factor -> TOKEN_BOOL_LITERAL .)
    TOKEN_STAR_EQ   reduce using rule 59 (factor -> TOKEN_BOOL_LITERAL .)
    TOKEN_SLASH_EQ  reduce using rule 59 (factor -> TOKEN_BOOL_LITERAL .)
    TOKEN_MOD_EQ    reduce using rule 59 (factor -> TOKEN_BOOL_LITERAL .)
    TOKEN_STAR      reduce using rule 59 (factor -> TOKEN_BOOL_LITERAL .)
    TOKEN_SLASH     reduce using rule 59 (factor -> TOKEN_BOOL_LITERAL .)
    TOKEN_MOD       reduce using rule 59 (factor -> TOKEN_BOOL_LITERAL .)
    TOKEN_PLUS      reduce using rule 59 (factor -> TOKEN_BOOL_LITERAL .)
    TOKEN_MINUS     reduce using rule 59 (factor -> TOKEN_BOOL_LITERAL .)
    TOKEN_LT        reduce using rule 59 (factor -> TOKEN_BOOL_LITERAL .)
    TOKEN_GT        reduce using rule 59 (factor -> TOKEN_BOOL_LITERAL .)
    TOKEN_LE        reduce using rule 59 (factor -> TOKEN_BOOL_LITERAL .)
    TOKEN_GE        reduce using rule 59 (factor -> TOKEN_BOOL_LITERAL .)
    TOKEN_EQ        reduce using rule 59 (factor -> TOKEN_BOOL_LITERAL .)
    TOKEN_NEQ       reduce using rule 59 (factor -> TOKEN_BOOL_LITERAL .)
    TOKEN_AMPERSAND reduce using rule 59 (factor -> TOKEN_BOOL_LITERAL .)
    TOKEN_NAND      reduce using rule 59 (factor -> TOKEN_BOOL_LITERAL .)
    TOKEN_XOR       reduce using rule 59 (factor -> TOKEN_BOOL_LITERAL .)
    TOKEN_BIT_OR    reduce using rule 59 (factor -> TOKEN_BOOL_LITERAL .)
    TOKEN_AND       reduce using rule 59 (factor -> TOKEN_BOOL_LITERAL .)
    TOKEN_QUESTION  reduce using rule 59 (factor -> TOKEN_BOOL_LITERAL .)
    TOKEN_OR        reduce using rule 59 (factor -> TOKEN_BOOL_LITERAL .)
    TOKEN_SEMICOLON reduce using rule 59 (factor -> TOKEN_BOOL_LITERAL .)
    TOKEN_RBRACKET  reduce using rule 59 (factor -> TOKEN_BOOL_LITERAL .)
    TOKEN_RPAREN    reduce using rule 59 (factor -> TOKEN_BOOL_LITERAL .)
    TOKEN_COMMA     reduce using rule 59 (factor -> TOKEN_BOOL_LITERAL .)
    TOKEN_COLON     reduce using rule 59 (factor -> TOKEN_BOOL_LITERAL .)
    TOKEN_RBRACE    reduce using rule 59 (factor -> TOKEN_BOOL_LITERAL .)
    TOKEN_FAT_ARROW reduce using rule 59 (factor -> TOKEN_BOOL_LITERAL .)


state 98

    (91) bit_or -> xor .
    (122) xor -> xor . TOKEN_XOR bit_and

    TOKEN_BIT_OR    reduce using rule 91 (bit_or -> xor .)
    TOKEN_AND       reduce using rule 91 (bit_or -> xor .)
    TOKEN_QUESTION  reduce using rule 91 (bit_or -> xor .)
    TOKEN_OR        reduce using rule 91 (bit_or -> xor .)
    TOKEN_SEMICOLON reduce using rule 91 (bit_or -> xor .)
    TOKEN_RBRACKET  reduce using rule 91 (bit_or -> xor .)
    TOKEN_RPAREN    reduce using rule 91 (bit_or -> xor .)
    TOKEN_COMMA     reduce using rule 91 (bit_or -> xor .)
    TOKEN_COLON     reduce using rule 91 (bit_or -> xor .)
    TOKEN_RBRACE    reduce using rule 91 (bit_or -> xor .)
    TOKEN_FAT_ARROW reduce using rule 91 (bit_or -> xor .)
    TOKEN_XOR       shift and go to state 149


state 99

    (114) xor -> bit_and .
    (124) bit_and -> bit_and . TOKEN_AMPERSAND equality
    (125) bit_and -> bit_and . TOKEN_NAND equality

    TOKEN_XOR       reduce using rule 114 (xor -> bit_and .)
    TOKEN_BIT_OR    reduce using rule 114 (xor -> bit_and .)
    TOKEN_AND       reduce using rule 114 (xor -> bit_and .)
    TOKEN_QUESTION  reduce using rule 114 (xor -> bit_and .)
    TOKEN_OR        reduce using rule 114 (xor -> bit_and .)
    TOKEN_SEMICOLON reduce using rule 114 (xor -> bit_and .)
    TOKEN_RBRACKET  reduce using rule 114 (xor -> bit_and .)
    TOKEN_RPAREN    reduce using rule 114 (xor -> bit_and .)
    TOKEN_COMMA     reduce using rule 114 (xor -> bit_and .)
    TOKEN_COLON     reduce using rule 114 (xor -> bit_and .)
    TOKEN_RBRACE    reduce using rule 114 (xor -> bit_and .)
    TOKEN_FAT_ARROW reduce using rule 114 (xor -> bit_and .)
    TOKEN_AMPERSAND shift and go to state 150
    TOKEN_NAND      shift and go to state 151


state 100

    (123) bit_and -> equality .
    (127) equality -> equality . TOKEN_EQ relational
    (128) equality -> equality . TOKEN_NEQ relational

    TOKEN_AMPERSAND reduce using rule 123 (bit_and -> equality .)
    TOKEN_NAND      reduce using rule 123 (bit_and -> equality .)
    TOKEN_XOR       reduce using rule 123 (bit_and -> equality .)
    TOKEN_BIT_OR    reduce using rule 123 (bit_and -> equality .)
    TOKEN_AND       reduce using rule 123 (bit_and -> equality .)
    TOKEN_QUESTION  reduce using rule 123 (bit_and -> equality .)
    TOKEN_OR        reduce using rule 123 (bit_and -> equality .)
    TOKEN_SEMICOLON reduce using rule 123 (bit_and -> equality .)
    TOKEN_RBRACKET  reduce using rule 123 (bit_and -> equality .)
    TOKEN_RPAREN    reduce using rule 123 (bit_and -> equality .)
    TOKEN_COMMA     reduce using rule 123 (bit_and -> equality .)
    TOKEN_COLON     reduce using rule 123 (bit_and -> equality .)
    TOKEN_RBRACE    reduce using rule 123 (bit_and -> equality .)
    TOKEN_FAT_ARROW reduce using rule 123 (bit_and -> equality .)
    TOKEN_EQ        shift and go to state 152
    TOKEN_NEQ       shift and go to state 153


state 101

    (126) equality -> relational .
    (130) relational -> relational . TOKEN_LT additive
    (132) relational -> relational . TOKEN_GT additive
    (133) relational -> relational . TOKEN_LE additive
    (134) relational -> relational . TOKEN_GE additive

    TOKEN_EQ        reduce using rule 126 (equality -> relational .)
    TOKEN_NEQ       reduce using rule 126 (equality -> relational .)
    TOKEN_AMPERSAND reduce using rule 126 (equality -> relational .)
    TOKEN_NAND      reduce using rule 126 (equality -> relational .)
    TOKEN_XOR       reduce using rule 126 (equality -> relational .)
    TOKEN_BIT_OR    reduce using rule 126 (equality -> relational .)
    TOKEN_AND       reduce using rule 126 (equality -> relational .)
    TOKEN_QUESTION  reduce using rule 126 (equality -> relational .)
    TOKEN_OR        reduce using rule 126 (equality -> relational .)
    TOKEN_SEMICOLON reduce using rule 126 (equality -> relational .)
    TOKEN_RBRACKET  reduce using rule 126 (equality -> relational .)
    TOKEN_RPAREN    reduce using rule 126 (equality -> relational .)
    TOKEN_COMMA     reduce using rule 126 (equality -> relational .)
    TOKEN_COLON     reduce using rule 126 (equality -> relational .)
    TOKEN_RBRACE    reduce using rule 126 (equality -> relational .)
    TOKEN_FAT_ARROW reduce using rule 126 (equality -> relational .)
    TOKEN_LT        shift and go to state 154
    TOKEN_GT        shift and go to state 155
    TOKEN_LE        shift and go to state 156
    TOKEN_GE        shift and go to state 157


state 102

    (129) relational -> additive .
    (136) additive -> additive . TOKEN_PLUS multiplicative
    (137) additive -> additive . TOKEN_MINUS multiplicative

    TOKEN_LT        reduce using rule 129 (relational -> additive .)
    TOKEN_GT        reduce using rule 129 (relational -> additive .)
    TOKEN_LE        reduce using rule 129 (relational -> additive .)
    TOKEN_GE        reduce using rule 129 (relational -> additive .)
    TOKEN_EQ        reduce using rule 129 (relational -> additive .)
    TOKEN_NEQ       reduce using rule 129 (relational -> additive .)
    TOKEN_AMPERSAND reduce using rule 129 (relational -> additive .)
    TOKEN_NAND      reduce using rule 129 (relational -> additive .)
    TOKEN_XOR       reduce using rule 129 (relational -> additive .)
    TOKEN_BIT_OR    reduce using rule 129 (relational -> additive .)
    TOKEN_AND       reduce using rule 129 (relational -> additive .)
    TOKEN_QUESTION  reduce using rule 129 (relational -> additive .)
    TOKEN_OR        reduce using rule 129 (relational -> additive .)
    TOKEN_SEMICOLON reduce using rule 129 (relational -> additive .)
    TOKEN_RBRACKET  reduce using rule 129 (relational -> additive .)
    TOKEN_RPAREN    reduce using rule 129 (relational -> additive .)
    TOKEN_COMMA     reduce using rule 129 (relational -> additive .)
    TOKEN_COLON     reduce using rule 129 (relational -> additive .)
    TOKEN_RBRACE    reduce using rule 129 (relational -> additive .)
    TOKEN_FAT_ARROW reduce using rule 129 (relational -> additive .)
    TOKEN_PLUS      shift and go to state 158
    TOKEN_MINUS     shift and go to state 159


state 103

    (135) additive -> multiplicative .
    (139) multiplicative -> multiplicative . TOKEN_STAR unary
    (140) multiplicative -> multiplicative . TOKEN_SLASH unary
    (141) multiplicative -> multiplicative . TOKEN_MOD unary

    TOKEN_PLUS      reduce using rule 135 (additive -> multiplicative .)
    TOKEN_MINUS     reduce using rule 135 (additive -> multiplicative .)
    TOKEN_LT        reduce using rule 135 (additive -> multiplicative .)
    TOKEN_GT        reduce using rule 135 (additive -> multiplicative .)
    TOKEN_LE        reduce using rule 135 (additive -> multiplicative .)
    TOKEN_GE        reduce using rule 135 (additive -> multiplicative .)
    TOKEN_EQ        reduce using rule 135 (additive -> multiplicative .)
    TOKEN_NEQ       reduce using rule 135 (additive -> multiplicative .)
    TOKEN_AMPERSAND reduce using rule 135 (additive -> multiplicative .)
    TOKEN_NAND      reduce using rule 135 (additive -> multiplicative .)
    TOKEN_XOR       reduce using rule 135 (additive -> multiplicative .)
    TOKEN_BIT_OR    reduce using rule 135 (additive -> multiplicative .)
    TOKEN_AND       reduce using rule 135 (additive -> multiplicative .)
    TOKEN_QUESTION  reduce using rule 135 (additive -> multiplicative .)
    TOKEN_OR        reduce using rule 135 (additive -> multiplicative .)
    TOKEN_SEMICOLON reduce using rule 135 (additive -> multiplicative .)
    TOKEN_RBRACKET  reduce using rule 135 (additive -> multiplicative .)
    TOKEN_RPAREN    reduce using rule 135 (additive -> multiplicative .)
    TOKEN_COMMA     reduce using rule 135 (additive -> multiplicative .)
    TOKEN_COLON     reduce using rule 135 (additive -> multiplicative .)
    TOKEN_RBRACE    reduce using rule 135 (additive -> multiplicative .)
    TOKEN_FAT_ARROW reduce using rule 135 (additive -> multiplicative .)
    TOKEN_STAR      shift and go to state 160
    TOKEN_SLASH     shift and go to state 161
    TOKEN_MOD       shift and go to state 162


state 104

    (15) var_decl -> type TOKEN_IDENTIFIER array_struct TOKEN_ASSIGN . array_init TOKEN_SEMICOLON
    (82) array_init -> . TOKEN_LBRACE init_list TOKEN_RBRACE

    TOKEN_LBRACE    shift and go to state 164

    array_init                     shift and go to state 163

state 105

    (16) var_decl -> type TOKEN_IDENTIFIER array_struct TOKEN_SEMICOLON .

    TOKEN_EOF       reduce using rule 16 (var_decl -> type TOKEN_IDENTIFIER array_struct TOKEN_SEMICOLON .)
    TOKEN_KW_FUNCTION reduce using rule 16 (var_decl -> type TOKEN_IDENTIFIER array_struct TOKEN_SEMICOLON .)
    TOKEN_KW_ASYNC  reduce using rule 16 (var_decl -> type TOKEN_IDENTIFIER array_struct TOKEN_SEMICOLON .)
    TOKEN_KW_STRUCT reduce using rule 16 (var_decl -> type TOKEN_IDENTIFIER array_struct TOKEN_SEMICOLON .)
    TOKEN_KW_TYPEALIAS reduce using rule 16 (var_decl -> type TOKEN_IDENTIFIER array_struct TOKEN_SEMICOLON .)
    TOKEN_KW_ENUM   reduce using rule 16 (var_decl -> type TOKEN_IDENTIFIER array_struct TOKEN_SEMICOLON .)
    TOKEN_KW_UNION  reduce using rule 16 (var_decl -> type TOKEN_IDENTIFIER array_struct TOKEN_SEMICOLON .)
    TOKEN_KW_CHAN   reduce using rule 16 (var_decl -> type TOKEN_IDENTIFIER array_struct TOKEN_SEMICOLON .)
    TOKEN_KW_MUTEX  reduce using rule 16 (var_decl -> type TOKEN_IDENTIFIER array_struct TOKEN_SEMICOLON .)
    TOKEN_KW_CONST  reduce using rule 16 (var_decl -> type TOKEN_IDENTIFIER array_struct TOKEN_SEMICOLON .)
    TOKEN_KW_MUT    reduce using rule 16 (var_decl -> type TOKEN_IDENTIFIER array_struct TOKEN_SEMICOLON .)
    TOKEN_KW_STATIC reduce using rule 16 (var_decl -> type TOKEN_IDENTIFIER array_struct TOKEN_SEMICOLON .)
    TOKEN_KW_VOLATILE reduce using rule 16 (var_decl -> type TOKEN_IDENTIFIER array_struct TOKEN_SEMICOLON .)
    TOKEN_KW_ATOMIC reduce using rule 16 (var_decl -> type TOKEN_IDENTIFIER array_struct TOKEN_SEMICOLON .)
    TOKEN_KW_SHARED reduce using rule 16 (var_decl -> type TOKEN_IDENTIFIER array_struct TOKEN_SEMICOLON .)
    TOKEN_KW_PRIVATE reduce using rule 16 (var_decl -> type TOKEN_IDENTIFIER array_struct TOKEN_SEMICOLON .)
    TOKEN_KW_PUBLIC reduce using rule 16 (var_decl -> type TOKEN_IDENTIFIER array_struct TOKEN_SEMICOLON .)
    TOKEN_RBRACE    reduce using rule 16 (var_decl -> type TOKEN_IDENTIFIER array_struct TOKEN_SEMICOLON .)
    TOKEN_KW_IF     reduce using rule 16 (var_decl -> type TOKEN_IDENTIFIER array_struct TOKEN_SEMICOLON .)
    TOKEN_KW_WHILE  reduce using rule 16 (var_decl -> type TOKEN_IDENTIFIER array_struct TOKEN_SEMICOLON .)
    TOKEN_KW_DO     reduce using rule 16 (var_decl -> type TOKEN_IDENTIFIER array_struct TOKEN_SEMICOLON .)
    TOKEN_KW_FOR    reduce using rule 16 (var_decl -> type TOKEN_IDENTIFIER array_struct TOKEN_SEMICOLON .)
    TOKEN_KW_SWITCH reduce using rule 16 (var_decl -> type TOKEN_IDENTIFIER array_struct TOKEN_SEMICOLON .)
    TOKEN_KW_RETURN reduce using rule 16 (var_decl -> type TOKEN_IDENTIFIER array_struct TOKEN_SEMICOLON .)
    TOKEN_KW_BREAK  reduce using rule 16 (var_decl -> type TOKEN_IDENTIFIER array_struct TOKEN_SEMICOLON .)
    TOKEN_KW_CONTINUE reduce using rule 16 (var_decl -> type TOKEN_IDENTIFIER array_struct TOKEN_SEMICOLON .)
    TOKEN_KW_MATCH  reduce using rule 16 (var_decl -> type TOKEN_IDENTIFIER array_struct TOKEN_SEMICOLON .)
    TOKEN_KW_DEFER  reduce using rule 16 (var_decl -> type TOKEN_IDENTIFIER array_struct TOKEN_SEMICOLON .)
    TOKEN_GT        reduce using rule 16 (var_decl -> type TOKEN_IDENTIFIER array_struct TOKEN_SEMICOLON .)
    TOKEN_KW_MODULE reduce using rule 16 (var_decl -> type TOKEN_IDENTIFIER array_struct TOKEN_SEMICOLON .)
    TOKEN_KW_TRY    reduce using rule 16 (var_decl -> type TOKEN_IDENTIFIER array_struct TOKEN_SEMICOLON .)
    TOKEN_KW_CATCH  reduce using rule 16 (var_decl -> type TOKEN_IDENTIFIER array_struct TOKEN_SEMICOLON .)
    TOKEN_KW_RAISE  reduce using rule 16 (var_decl -> type TOKEN_IDENTIFIER array_struct TOKEN_SEMICOLON .)
    TOKEN_KW_SPAWN  reduce using rule 16 (var_decl -> type TOKEN_IDENTIFIER array_struct TOKEN_SEMICOLON .)
    TOKEN_KW_SELECT reduce using rule 16 (var_decl -> type TOKEN_IDENTIFIER array_struct TOKEN_SEMICOLON .)
    TOKEN_KW_LOCK   reduce using rule 16 (var_decl -> type TOKEN_IDENTIFIER array_struct TOKEN_SEMICOLON .)
    TOKEN_LBRACE    reduce using rule 16 (var_decl -> type TOKEN_IDENTIFIER array_struct TOKEN_SEMICOLON .)
    TOKEN_KW_CAST   reduce using rule 16 (var_decl -> type TOKEN_IDENTIFIER array_struct TOKEN_SEMICOLON .)
    TOKEN_PLUS      reduce using rule 16 (var_decl -> type TOKEN_IDENTIFIER array_struct TOKEN_SEMICOLON .)
    TOKEN_MINUS     reduce using rule 16 (var_decl -> type TOKEN_IDENTIFIER array_struct TOKEN_SEMICOLON .)
    TOKEN_NOT       reduce using rule 16 (var_decl -> type TOKEN_IDENTIFIER array_struct TOKEN_SEMICOLON .)
    TOKEN_BIT_NOT   reduce using rule 16 (var_decl -> type TOKEN_IDENTIFIER array_struct TOKEN_SEMICOLON .)
    TOKEN_AMPERSAND reduce using rule 16 (var_decl -> type TOKEN_IDENTIFIER array_struct TOKEN_SEMICOLON .)
    TOKEN_STAR      reduce using rule 16 (var_decl -> type TOKEN_IDENTIFIER array_struct TOKEN_SEMICOLON .)
    TOKEN_KW_AWAIT  reduce using rule 16 (var_decl -> type TOKEN_IDENTIFIER array_struct TOKEN_SEMICOLON .)
    TOKEN_IDENTIFIER reduce using rule 16 (var_decl -> type TOKEN_IDENTIFIER array_struct TOKEN_SEMICOLON .)
    TOKEN_LPAREN    reduce using rule 16 (var_decl -> type TOKEN_IDENTIFIER array_struct TOKEN_SEMICOLON .)
    TOKEN_KW_NULL   reduce using rule 16 (var_decl -> type TOKEN_IDENTIFIER array_struct TOKEN_SEMICOLON .)
    TOKEN_INT_LITERAL reduce using rule 16 (var_decl -> type TOKEN_IDENTIFIER array_struct TOKEN_SEMICOLON .)
    TOKEN_FLOAT_LITERAL reduce using rule 16 (var_decl -> type TOKEN_IDENTIFIER array_struct TOKEN_SEMICOLON .)
    TOKEN_CHAR_LITERAL reduce using rule 16 (var_decl -> type TOKEN_IDENTIFIER array_struct TOKEN_SEMICOLON .)
    TOKEN_STRING_LITERAL reduce using rule 16 (var_decl -> type TOKEN_IDENTIFIER array_struct TOKEN_SEMICOLON .)
    TOKEN_BOOL_LITERAL reduce using rule 16 (var_decl -> type TOKEN_IDENTIFIER array_struct TOKEN_SEMICOLON .)


state 106

    (78) array_struct -> array_struct TOKEN_LBRACKET . expr TOKEN_RBRACKET
    (113) expr -> . assignment
    (159) expr -> . TOKEN_KW_CAST type TOKEN_ARROW expr
    (3) assignment -> . unary TOKEN_LSHIFT_ASSIGN assignment
    (14) assignment -> . unary TOKEN_RSHIFT_ASSIGN assignment
    (131) assignment -> . ternary
    (142) assignment -> . unary TOKEN_ASSIGN assignment
    (153) assignment -> . unary TOKEN_PLUS_EQ assignment
    (164) assignment -> . unary TOKEN_MINUS_EQ assignment
    (175) assignment -> . unary TOKEN_STAR_EQ assignment
    (186) assignment -> . unary TOKEN_SLASH_EQ assignment
    (197) assignment -> . unary TOKEN_MOD_EQ assignment
    (143) unary -> . TOKEN_PLUS unary
    (144) unary -> . TOKEN_MINUS unary
    (145) unary -> . TOKEN_NOT unary
    (146) unary -> . TOKEN_BIT_NOT unary
    (147) unary -> . TOKEN_AMPERSAND unary
    (148) unary -> . TOKEN_STAR unary
    (149) unary -> . TOKEN_KW_AWAIT unary
    (150) unary -> . postfix
    (25) ternary -> . logical_or
    (36) ternary -> . logical_or TOKEN_QUESTION expr TOKEN_COLON ternary
    (151) postfix -> . primary
    (152) postfix -> . postfix TOKEN_LPAREN arg_list TOKEN_RPAREN
    (154) postfix -> . postfix TOKEN_LBRACKET expr TOKEN_RBRACKET
    (155) postfix -> . postfix TOKEN_DOT TOKEN_IDENTIFIER
    (156) postfix -> . postfix TOKEN_SCOPE_RES TOKEN_IDENTIFIER
    (157) postfix -> . postfix TOKEN_ARROW TOKEN_IDENTIFIER
    (158) postfix -> . postfix TOKEN_LEFT_ARROW TOKEN_IDENTIFIER
    (47) logical_or -> . logical_and
    (58) logical_or -> . logical_or TOKEN_OR logical_and
    (160) primary -> . TOKEN_IDENTIFIER
    (161) primary -> . factor
    (162) primary -> . TOKEN_LPAREN expr TOKEN_RPAREN
    (163) primary -> . TOKEN_KW_NULL
    (69) logical_and -> . bit_or
    (80) logical_and -> . logical_and TOKEN_AND bit_or
    (54) factor -> . TOKEN_INT_LITERAL
    (55) factor -> . TOKEN_FLOAT_LITERAL
    (56) factor -> . TOKEN_CHAR_LITERAL
    (57) factor -> . TOKEN_STRING_LITERAL
    (59) factor -> . TOKEN_BOOL_LITERAL
    (91) bit_or -> . xor
    (102) bit_or -> . bit_or TOKEN_BIT_OR xor
    (114) xor -> . bit_and
    (122) xor -> . xor TOKEN_XOR bit_and
    (123) bit_and -> . equality
    (124) bit_and -> . bit_and TOKEN_AMPERSAND equality
    (125) bit_and -> . bit_and TOKEN_NAND equality
    (126) equality -> . relational
    (127) equality -> . equality TOKEN_EQ relational
    (128) equality -> . equality TOKEN_NEQ relational
    (129) relational -> . additive
    (130) relational -> . relational TOKEN_LT additive
    (132) relational -> . relational TOKEN_GT additive
    (133) relational -> . relational TOKEN_LE additive
    (134) relational -> . relational TOKEN_GE additive
    (135) additive -> . multiplicative
    (136) additive -> . additive TOKEN_PLUS multiplicative
    (137) additive -> . additive TOKEN_MINUS multiplicative
    (138) multiplicative -> . unary
    (139) multiplicative -> . multiplicative TOKEN_STAR unary
    (140) multiplicative -> . multiplicative TOKEN_SLASH unary
    (141) multiplicative -> . multiplicative TOKEN_MOD unary

    TOKEN_KW_CAST   shift and go to state 75
    TOKEN_PLUS      shift and go to state 78
    TOKEN_MINUS     shift and go to state 79
    TOKEN_NOT       shift and go to state 80
    TOKEN_BIT_NOT   shift and go to state 81
    TOKEN_AMPERSAND shift and go to state 82
    TOKEN_STAR      shift and go to state 83
    TOKEN_KW_AWAIT  shift and go to state 84
    TOKEN_IDENTIFIER shift and go to state 72
    TOKEN_LPAREN    shift and go to state 88
    TOKEN_KW_NULL   shift and go to state 91
    TOKEN_INT_LITERAL shift and go to state 93
    TOKEN_FLOAT_LITERAL shift and go to state 94
    TOKEN_CHAR_LITERAL shift and go to state 95
    TOKEN_STRING_LITERAL shift and go to state 96
    TOKEN_BOOL_LITERAL shift and go to state 97

    expr                           shift and go to state 165
    assignment                     shift and go to state 74
    unary                          shift and go to state 76
    ternary                        shift and go to state 77
    postfix                        shift and go to state 85
    logical_or                     shift and go to state 86
    primary                        shift and go to state 87
    logical_and                    shift and go to state 89
    factor                         shift and go to state 90
    bit_or                         shift and go to state 92
    xor                            shift and go to state 98
    bit_and                        shift and go to state 99
    equality                       shift and go to state 100
    relational                     shift and go to state 101
    additive                       shift and go to state 102
    multiplicative                 shift and go to state 103

state 107

    (79) array_struct -> TOKEN_LBRACKET expr . TOKEN_RBRACKET

    TOKEN_RBRACKET  shift and go to state 166


state 108

    (81) array_struct -> TOKEN_LBRACKET TOKEN_RBRACKET .

    TOKEN_ASSIGN    reduce using rule 81 (array_struct -> TOKEN_LBRACKET TOKEN_RBRACKET .)
    TOKEN_SEMICOLON reduce using rule 81 (array_struct -> TOKEN_LBRACKET TOKEN_RBRACKET .)
    TOKEN_LBRACKET  reduce using rule 81 (array_struct -> TOKEN_LBRACKET TOKEN_RBRACKET .)


state 109

    (17) func_decl -> TOKEN_KW_FUNCTION type TOKEN_IDENTIFIER TOKEN_LPAREN . param_list TOKEN_RPAREN func_suffix
    (64) param_list -> . param_list_nonempty
    (65) param_list -> .
    (66) param_list_nonempty -> . param
    (67) param_list_nonempty -> . param_list_nonempty TOKEN_COMMA param
    (63) param -> . type TOKEN_IDENTIFIER
    (31) type -> . channel_type
    (32) type -> . pointer_type
    (37) channel_type -> . TOKEN_KW_CHAN type
    (33) pointer_type -> . pointer_type TOKEN_STAR
    (34) pointer_type -> . pointer_type TOKEN_AMPERSAND
    (35) pointer_type -> . base_type
    (38) base_type -> . modifier_list TOKEN_KW_INT
    (39) base_type -> . modifier_list TOKEN_KW_SHORT
    (40) base_type -> . modifier_list TOKEN_KW_LONG
    (41) base_type -> . modifier_list TOKEN_KW_BYTE
    (42) base_type -> . modifier_list TOKEN_KW_FLOAT
    (43) base_type -> . modifier_list TOKEN_KW_DOUBLE
    (44) base_type -> . modifier_list TOKEN_KW_CHAR
    (45) base_type -> . modifier_list TOKEN_KW_STRING
    (46) base_type -> . modifier_list TOKEN_KW_BOOL
    (48) base_type -> . modifier_list TOKEN_KW_STRUCT
    (49) base_type -> . modifier_list TOKEN_KW_ENUM
    (50) base_type -> . modifier_list TOKEN_KW_UNION
    (51) base_type -> . modifier_list TOKEN_KW_VOID
    (52) base_type -> . TOKEN_KW_MUTEX
    (53) base_type -> . modifier_list TOKEN_IDENTIFIER
    (29) modifier_list -> . modifier_list modifier
    (30) modifier_list -> . modifier
    (20) modifier -> . TOKEN_KW_CONST
    (21) modifier -> . TOKEN_KW_MUT
    (22) modifier -> . TOKEN_KW_STATIC
    (23) modifier -> . TOKEN_KW_VOLATILE
    (24) modifier -> . TOKEN_KW_ATOMIC
    (26) modifier -> . TOKEN_KW_SHARED
    (27) modifier -> . TOKEN_KW_PRIVATE
    (28) modifier -> . TOKEN_KW_PUBLIC

    TOKEN_RPAREN    reduce using rule 65 (param_list -> .)
    TOKEN_KW_CHAN   shift and go to state 20
    TOKEN_KW_MUTEX  shift and go to state 23
    TOKEN_KW_CONST  shift and go to state 25
    TOKEN_KW_MUT    shift and go to state 26
    TOKEN_KW_STATIC shift and go to state 27
    TOKEN_KW_VOLATILE shift and go to state 28
    TOKEN_KW_ATOMIC shift and go to state 29
    TOKEN_KW_SHARED shift and go to state 30
    TOKEN_KW_PRIVATE shift and go to state 31
    TOKEN_KW_PUBLIC shift and go to state 32

    type                           shift and go to state 167
    param_list                     shift and go to state 168
    param_list_nonempty            shift and go to state 169
    param                          shift and go to state 170
    channel_type                   shift and go to state 18
    pointer_type                   shift and go to state 19
    base_type                      shift and go to state 21
    modifier_list                  shift and go to state 22
    modifier                       shift and go to state 24

state 110

    (18) func_decl -> TOKEN_KW_ASYNC TOKEN_KW_FUNCTION type TOKEN_IDENTIFIER . TOKEN_LPAREN param_list TOKEN_RPAREN func_suffix

    TOKEN_LPAREN    shift and go to state 171


state 111

    (203) struct_body -> TOKEN_IDENTIFIER TOKEN_SEMICOLON .

    TOKEN_EOF       reduce using rule 203 (struct_body -> TOKEN_IDENTIFIER TOKEN_SEMICOLON .)
    TOKEN_KW_FUNCTION reduce using rule 203 (struct_body -> TOKEN_IDENTIFIER TOKEN_SEMICOLON .)
    TOKEN_KW_ASYNC  reduce using rule 203 (struct_body -> TOKEN_IDENTIFIER TOKEN_SEMICOLON .)
    TOKEN_KW_STRUCT reduce using rule 203 (struct_body -> TOKEN_IDENTIFIER TOKEN_SEMICOLON .)
    TOKEN_KW_TYPEALIAS reduce using rule 203 (struct_body -> TOKEN_IDENTIFIER TOKEN_SEMICOLON .)
    TOKEN_KW_ENUM   reduce using rule 203 (struct_body -> TOKEN_IDENTIFIER TOKEN_SEMICOLON .)
    TOKEN_KW_UNION  reduce using rule 203 (struct_body -> TOKEN_IDENTIFIER TOKEN_SEMICOLON .)
    TOKEN_KW_CHAN   reduce using rule 203 (struct_body -> TOKEN_IDENTIFIER TOKEN_SEMICOLON .)
    TOKEN_KW_MUTEX  reduce using rule 203 (struct_body -> TOKEN_IDENTIFIER TOKEN_SEMICOLON .)
    TOKEN_KW_CONST  reduce using rule 203 (struct_body -> TOKEN_IDENTIFIER TOKEN_SEMICOLON .)
    TOKEN_KW_MUT    reduce using rule 203 (struct_body -> TOKEN_IDENTIFIER TOKEN_SEMICOLON .)
    TOKEN_KW_STATIC reduce using rule 203 (struct_body -> TOKEN_IDENTIFIER TOKEN_SEMICOLON .)
    TOKEN_KW_VOLATILE reduce using rule 203 (struct_body -> TOKEN_IDENTIFIER TOKEN_SEMICOLON .)
    TOKEN_KW_ATOMIC reduce using rule 203 (struct_body -> TOKEN_IDENTIFIER TOKEN_SEMICOLON .)
    TOKEN_KW_SHARED reduce using rule 203 (struct_body -> TOKEN_IDENTIFIER TOKEN_SEMICOLON .)
    TOKEN_KW_PRIVATE reduce using rule 203 (struct_body -> TOKEN_IDENTIFIER TOKEN_SEMICOLON .)
    TOKEN_KW_PUBLIC reduce using rule 203 (struct_body -> TOKEN_IDENTIFIER TOKEN_SEMICOLON .)


state 112

    (202) struct_body -> TOKEN_LBRACE struct_member_list . TOKEN_RBRACE TOKEN_SEMICOLON
    (204) struct_member_list -> struct_member_list . var_decl
    (12) var_decl -> . type TOKEN_IDENTIFIER TOKEN_ASSIGN expr TOKEN_SEMICOLON
    (13) var_decl -> . type TOKEN_IDENTIFIER TOKEN_SEMICOLON
    (15) var_decl -> . type TOKEN_IDENTIFIER array_struct TOKEN_ASSIGN array_init TOKEN_SEMICOLON
    (16) var_decl -> . type TOKEN_IDENTIFIER array_struct TOKEN_SEMICOLON
    (31) type -> . channel_type
    (32) type -> . pointer_type
    (37) channel_type -> . TOKEN_KW_CHAN type
    (33) pointer_type -> . pointer_type TOKEN_STAR
    (34) pointer_type -> . pointer_type TOKEN_AMPERSAND
    (35) pointer_type -> . base_type
    (38) base_type -> . modifier_list TOKEN_KW_INT
    (39) base_type -> . modifier_list TOKEN_KW_SHORT
    (40) base_type -> . modifier_list TOKEN_KW_LONG
    (41) base_type -> . modifier_list TOKEN_KW_BYTE
    (42) base_type -> . modifier_list TOKEN_KW_FLOAT
    (43) base_type -> . modifier_list TOKEN_KW_DOUBLE
    (44) base_type -> . modifier_list TOKEN_KW_CHAR
    (45) base_type -> . modifier_list TOKEN_KW_STRING
    (46) base_type -> . modifier_list TOKEN_KW_BOOL
    (48) base_type -> . modifier_list TOKEN_KW_STRUCT
    (49) base_type -> . modifier_list TOKEN_KW_ENUM
    (50) base_type -> . modifier_list TOKEN_KW_UNION
    (51) base_type -> . modifier_list TOKEN_KW_VOID
    (52) base_type -> . TOKEN_KW_MUTEX
    (53) base_type -> . modifier_list TOKEN_IDENTIFIER
    (29) modifier_list -> . modifier_list modifier
    (30) modifier_list -> . modifier
    (20) modifier -> . TOKEN_KW_CONST
    (21) modifier -> . TOKEN_KW_MUT
    (22) modifier -> . TOKEN_KW_STATIC
    (23) modifier -> . TOKEN_KW_VOLATILE
    (24) modifier -> . TOKEN_KW_ATOMIC
    (26) modifier -> . TOKEN_KW_SHARED
    (27) modifier -> . TOKEN_KW_PRIVATE
    (28) modifier -> . TOKEN_KW_PUBLIC

    TOKEN_RBRACE    shift and go to state 172
    TOKEN_KW_CHAN   shift and go to state 20
    TOKEN_KW_MUTEX  shift and go to state 23
    TOKEN_KW_CONST  shift and go to state 25
    TOKEN_KW_MUT    shift and go to state 26
    TOKEN_KW_STATIC shift and go to state 27
    TOKEN_KW_VOLATILE shift and go to state 28
    TOKEN_KW_ATOMIC shift and go to state 29
    TOKEN_KW_SHARED shift and go to state 30
    TOKEN_KW_PRIVATE shift and go to state 31
    TOKEN_KW_PUBLIC shift and go to state 32

    var_decl                       shift and go to state 173
    type                           shift and go to state 11
    channel_type                   shift and go to state 18
    pointer_type                   shift and go to state 19
    base_type                      shift and go to state 21
    modifier_list                  shift and go to state 22
    modifier                       shift and go to state 24

state 113

    (205) struct_member_list -> var_decl .

    TOKEN_RBRACE    reduce using rule 205 (struct_member_list -> var_decl .)
    TOKEN_KW_CHAN   reduce using rule 205 (struct_member_list -> var_decl .)
    TOKEN_KW_MUTEX  reduce using rule 205 (struct_member_list -> var_decl .)
    TOKEN_KW_CONST  reduce using rule 205 (struct_member_list -> var_decl .)
    TOKEN_KW_MUT    reduce using rule 205 (struct_member_list -> var_decl .)
    TOKEN_KW_STATIC reduce using rule 205 (struct_member_list -> var_decl .)
    TOKEN_KW_VOLATILE reduce using rule 205 (struct_member_list -> var_decl .)
    TOKEN_KW_ATOMIC reduce using rule 205 (struct_member_list -> var_decl .)
    TOKEN_KW_SHARED reduce using rule 205 (struct_member_list -> var_decl .)
    TOKEN_KW_PRIVATE reduce using rule 205 (struct_member_list -> var_decl .)
    TOKEN_KW_PUBLIC reduce using rule 205 (struct_member_list -> var_decl .)


state 114

    (19) typealias_decl -> TOKEN_KW_TYPEALIAS TOKEN_IDENTIFIER TOKEN_ASSIGN type . TOKEN_SEMICOLON

    TOKEN_SEMICOLON shift and go to state 174


state 115

    (207) enum_decl -> TOKEN_KW_ENUM TOKEN_IDENTIFIER TOKEN_IDENTIFIER TOKEN_SEMICOLON .

    TOKEN_EOF       reduce using rule 207 (enum_decl -> TOKEN_KW_ENUM TOKEN_IDENTIFIER TOKEN_IDENTIFIER TOKEN_SEMICOLON .)
    TOKEN_KW_FUNCTION reduce using rule 207 (enum_decl -> TOKEN_KW_ENUM TOKEN_IDENTIFIER TOKEN_IDENTIFIER TOKEN_SEMICOLON .)
    TOKEN_KW_ASYNC  reduce using rule 207 (enum_decl -> TOKEN_KW_ENUM TOKEN_IDENTIFIER TOKEN_IDENTIFIER TOKEN_SEMICOLON .)
    TOKEN_KW_STRUCT reduce using rule 207 (enum_decl -> TOKEN_KW_ENUM TOKEN_IDENTIFIER TOKEN_IDENTIFIER TOKEN_SEMICOLON .)
    TOKEN_KW_TYPEALIAS reduce using rule 207 (enum_decl -> TOKEN_KW_ENUM TOKEN_IDENTIFIER TOKEN_IDENTIFIER TOKEN_SEMICOLON .)
    TOKEN_KW_ENUM   reduce using rule 207 (enum_decl -> TOKEN_KW_ENUM TOKEN_IDENTIFIER TOKEN_IDENTIFIER TOKEN_SEMICOLON .)
    TOKEN_KW_UNION  reduce using rule 207 (enum_decl -> TOKEN_KW_ENUM TOKEN_IDENTIFIER TOKEN_IDENTIFIER TOKEN_SEMICOLON .)
    TOKEN_KW_CHAN   reduce using rule 207 (enum_decl -> TOKEN_KW_ENUM TOKEN_IDENTIFIER TOKEN_IDENTIFIER TOKEN_SEMICOLON .)
    TOKEN_KW_MUTEX  reduce using rule 207 (enum_decl -> TOKEN_KW_ENUM TOKEN_IDENTIFIER TOKEN_IDENTIFIER TOKEN_SEMICOLON .)
    TOKEN_KW_CONST  reduce using rule 207 (enum_decl -> TOKEN_KW_ENUM TOKEN_IDENTIFIER TOKEN_IDENTIFIER TOKEN_SEMICOLON .)
    TOKEN_KW_MUT    reduce using rule 207 (enum_decl -> TOKEN_KW_ENUM TOKEN_IDENTIFIER TOKEN_IDENTIFIER TOKEN_SEMICOLON .)
    TOKEN_KW_STATIC reduce using rule 207 (enum_decl -> TOKEN_KW_ENUM TOKEN_IDENTIFIER TOKEN_IDENTIFIER TOKEN_SEMICOLON .)
    TOKEN_KW_VOLATILE reduce using rule 207 (enum_decl -> TOKEN_KW_ENUM TOKEN_IDENTIFIER TOKEN_IDENTIFIER TOKEN_SEMICOLON .)
    TOKEN_KW_ATOMIC reduce using rule 207 (enum_decl -> TOKEN_KW_ENUM TOKEN_IDENTIFIER TOKEN_IDENTIFIER TOKEN_SEMICOLON .)
    TOKEN_KW_SHARED reduce using rule 207 (enum_decl -> TOKEN_KW_ENUM TOKEN_IDENTIFIER TOKEN_IDENTIFIER TOKEN_SEMICOLON .)
    TOKEN_KW_PRIVATE reduce using rule 207 (enum_decl -> TOKEN_KW_ENUM TOKEN_IDENTIFIER TOKEN_IDENTIFIER TOKEN_SEMICOLON .)
    TOKEN_KW_PUBLIC reduce using rule 207 (enum_decl -> TOKEN_KW_ENUM TOKEN_IDENTIFIER TOKEN_IDENTIFIER TOKEN_SEMICOLON .)


state 116

    (5) enum_member_list -> TOKEN_IDENTIFIER .

    TOKEN_RBRACE    reduce using rule 5 (enum_member_list -> TOKEN_IDENTIFIER .)
    TOKEN_COMMA     reduce using rule 5 (enum_member_list -> TOKEN_IDENTIFIER .)


state 117

    (206) enum_decl -> TOKEN_KW_ENUM TOKEN_IDENTIFIER TOKEN_LBRACE enum_member_list . TOKEN_RBRACE TOKEN_SEMICOLON
    (4) enum_member_list -> enum_member_list . TOKEN_COMMA TOKEN_IDENTIFIER

    TOKEN_RBRACE    shift and go to state 175
    TOKEN_COMMA     shift and go to state 176


state 118

    (7) union_decl -> TOKEN_KW_UNION TOKEN_IDENTIFIER TOKEN_IDENTIFIER TOKEN_SEMICOLON .

    TOKEN_EOF       reduce using rule 7 (union_decl -> TOKEN_KW_UNION TOKEN_IDENTIFIER TOKEN_IDENTIFIER TOKEN_SEMICOLON .)
    TOKEN_KW_FUNCTION reduce using rule 7 (union_decl -> TOKEN_KW_UNION TOKEN_IDENTIFIER TOKEN_IDENTIFIER TOKEN_SEMICOLON .)
    TOKEN_KW_ASYNC  reduce using rule 7 (union_decl -> TOKEN_KW_UNION TOKEN_IDENTIFIER TOKEN_IDENTIFIER TOKEN_SEMICOLON .)
    TOKEN_KW_STRUCT reduce using rule 7 (union_decl -> TOKEN_KW_UNION TOKEN_IDENTIFIER TOKEN_IDENTIFIER TOKEN_SEMICOLON .)
    TOKEN_KW_TYPEALIAS reduce using rule 7 (union_decl -> TOKEN_KW_UNION TOKEN_IDENTIFIER TOKEN_IDENTIFIER TOKEN_SEMICOLON .)
    TOKEN_KW_ENUM   reduce using rule 7 (union_decl -> TOKEN_KW_UNION TOKEN_IDENTIFIER TOKEN_IDENTIFIER TOKEN_SEMICOLON .)
    TOKEN_KW_UNION  reduce using rule 7 (union_decl -> TOKEN_KW_UNION TOKEN_IDENTIFIER TOKEN_IDENTIFIER TOKEN_SEMICOLON .)
    TOKEN_KW_CHAN   reduce using rule 7 (union_decl -> TOKEN_KW_UNION TOKEN_IDENTIFIER TOKEN_IDENTIFIER TOKEN_SEMICOLON .)
    TOKEN_KW_MUTEX  reduce using rule 7 (union_decl -> TOKEN_KW_UNION TOKEN_IDENTIFIER TOKEN_IDENTIFIER TOKEN_SEMICOLON .)
    TOKEN_KW_CONST  reduce using rule 7 (union_decl -> TOKEN_KW_UNION TOKEN_IDENTIFIER TOKEN_IDENTIFIER TOKEN_SEMICOLON .)
    TOKEN_KW_MUT    reduce using rule 7 (union_decl -> TOKEN_KW_UNION TOKEN_IDENTIFIER TOKEN_IDENTIFIER TOKEN_SEMICOLON .)
    TOKEN_KW_STATIC reduce using rule 7 (union_decl -> TOKEN_KW_UNION TOKEN_IDENTIFIER TOKEN_IDENTIFIER TOKEN_SEMICOLON .)
    TOKEN_KW_VOLATILE reduce using rule 7 (union_decl -> TOKEN_KW_UNION TOKEN_IDENTIFIER TOKEN_IDENTIFIER TOKEN_SEMICOLON .)
    TOKEN_KW_ATOMIC reduce using rule 7 (union_decl -> TOKEN_KW_UNION TOKEN_IDENTIFIER TOKEN_IDENTIFIER TOKEN_SEMICOLON .)
    TOKEN_KW_SHARED reduce using rule 7 (union_decl -> TOKEN_KW_UNION TOKEN_IDENTIFIER TOKEN_IDENTIFIER TOKEN_SEMICOLON .)
    TOKEN_KW_PRIVATE reduce using rule 7 (union_decl -> TOKEN_KW_UNION TOKEN_IDENTIFIER TOKEN_IDENTIFIER TOKEN_SEMICOLON .)
    TOKEN_KW_PUBLIC reduce using rule 7 (union_decl -> TOKEN_KW_UNION TOKEN_IDENTIFIER TOKEN_IDENTIFIER TOKEN_SEMICOLON .)


state 119

    (6) union_decl -> TOKEN_KW_UNION TOKEN_IDENTIFIER TOKEN_LBRACE union_member_list . TOKEN_RBRACE TOKEN_SEMICOLON
    (8) union_member_list -> union_member_list . var_decl
    (12) var_decl -> . type TOKEN_IDENTIFIER TOKEN_ASSIGN expr TOKEN_SEMICOLON
    (13) var_decl -> . type TOKEN_IDENTIFIER TOKEN_SEMICOLON
    (15) var_decl -> . type TOKEN_IDENTIFIER array_struct TOKEN_ASSIGN array_init TOKEN_SEMICOLON
    (16) var_decl -> . type TOKEN_IDENTIFIER array_struct TOKEN_SEMICOLON
    (31) type -> . channel_type
    (32) type -> . pointer_type
    (37) channel_type -> . TOKEN_KW_CHAN type
    (33) pointer_type -> . pointer_type TOKEN_STAR
    (34) pointer_type -> . pointer_type TOKEN_AMPERSAND
    (35) pointer_type -> . base_type
    (38) base_type -> . modifier_list TOKEN_KW_INT
    (39) base_type -> . modifier_list TOKEN_KW_SHORT
    (40) base_type -> . modifier_list TOKEN_KW_LONG
    (41) base_type -> . modifier_list TOKEN_KW_BYTE
    (42) base_type -> . modifier_list TOKEN_KW_FLOAT
    (43) base_type -> . modifier_list TOKEN_KW_DOUBLE
    (44) base_type -> . modifier_list TOKEN_KW_CHAR
    (45) base_type -> . modifier_list TOKEN_KW_STRING
    (46) base_type -> . modifier_list TOKEN_KW_BOOL
    (48) base_type -> . modifier_list TOKEN_KW_STRUCT
    (49) base_type -> . modifier_list TOKEN_KW_ENUM
    (50) base_type -> . modifier_list TOKEN_KW_UNION
    (51) base_type -> . modifier_list TOKEN_KW_VOID
    (52) base_type -> . TOKEN_KW_MUTEX
    (53) base_type -> . modifier_list TOKEN_IDENTIFIER
    (29) modifier_list -> . modifier_list modifier
    (30) modifier_list -> . modifier
    (20) modifier -> . TOKEN_KW_CONST
    (21) modifier -> . TOKEN_KW_MUT
    (22) modifier -> . TOKEN_KW_STATIC
    (23) modifier -> . TOKEN_KW_VOLATILE
    (24) modifier -> . TOKEN_KW_ATOMIC
    (26) modifier -> . TOKEN_KW_SHARED
    (27) modifier -> . TOKEN_KW_PRIVATE
    (28) modifier -> . TOKEN_KW_PUBLIC

    TOKEN_RBRACE    shift and go to state 177
    TOKEN_KW_CHAN   shift and go to state 20
    TOKEN_KW_MUTEX  shift and go to state 23
    TOKEN_KW_CONST  shift and go to state 25
    TOKEN_KW_MUT    shift and go to state 26
    TOKEN_KW_STATIC shift and go to state 27
    TOKEN_KW_VOLATILE shift and go to state 28
    TOKEN_KW_ATOMIC shift and go to state 29
    TOKEN_KW_SHARED shift and go to state 30
    TOKEN_KW_PRIVATE shift and go to state 31
    TOKEN_KW_PUBLIC shift and go to state 32

    var_decl                       shift and go to state 178
    type                           shift and go to state 11
    channel_type                   shift and go to state 18
    pointer_type                   shift and go to state 19
    base_type                      shift and go to state 21
    modifier_list                  shift and go to state 22
    modifier                       shift and go to state 24

state 120

    (9) union_member_list -> var_decl .

    TOKEN_RBRACE    reduce using rule 9 (union_member_list -> var_decl .)
    TOKEN_KW_CHAN   reduce using rule 9 (union_member_list -> var_decl .)
    TOKEN_KW_MUTEX  reduce using rule 9 (union_member_list -> var_decl .)
    TOKEN_KW_CONST  reduce using rule 9 (union_member_list -> var_decl .)
    TOKEN_KW_MUT    reduce using rule 9 (union_member_list -> var_decl .)
    TOKEN_KW_STATIC reduce using rule 9 (union_member_list -> var_decl .)
    TOKEN_KW_VOLATILE reduce using rule 9 (union_member_list -> var_decl .)
    TOKEN_KW_ATOMIC reduce using rule 9 (union_member_list -> var_decl .)
    TOKEN_KW_SHARED reduce using rule 9 (union_member_list -> var_decl .)
    TOKEN_KW_PRIVATE reduce using rule 9 (union_member_list -> var_decl .)
    TOKEN_KW_PUBLIC reduce using rule 9 (union_member_list -> var_decl .)


state 121

    (12) var_decl -> type TOKEN_IDENTIFIER TOKEN_ASSIGN expr TOKEN_SEMICOLON .

    TOKEN_EOF       reduce using rule 12 (var_decl -> type TOKEN_IDENTIFIER TOKEN_ASSIGN expr TOKEN_SEMICOLON .)
    TOKEN_KW_FUNCTION reduce using rule 12 (var_decl -> type TOKEN_IDENTIFIER TOKEN_ASSIGN expr TOKEN_SEMICOLON .)
    TOKEN_KW_ASYNC  reduce using rule 12 (var_decl -> type TOKEN_IDENTIFIER TOKEN_ASSIGN expr TOKEN_SEMICOLON .)
    TOKEN_KW_STRUCT reduce using rule 12 (var_decl -> type TOKEN_IDENTIFIER TOKEN_ASSIGN expr TOKEN_SEMICOLON .)
    TOKEN_KW_TYPEALIAS reduce using rule 12 (var_decl -> type TOKEN_IDENTIFIER TOKEN_ASSIGN expr TOKEN_SEMICOLON .)
    TOKEN_KW_ENUM   reduce using rule 12 (var_decl -> type TOKEN_IDENTIFIER TOKEN_ASSIGN expr TOKEN_SEMICOLON .)
    TOKEN_KW_UNION  reduce using rule 12 (var_decl -> type TOKEN_IDENTIFIER TOKEN_ASSIGN expr TOKEN_SEMICOLON .)
    TOKEN_KW_CHAN   reduce using rule 12 (var_decl -> type TOKEN_IDENTIFIER TOKEN_ASSIGN expr TOKEN_SEMICOLON .)
    TOKEN_KW_MUTEX  reduce using rule 12 (var_decl -> type TOKEN_IDENTIFIER TOKEN_ASSIGN expr TOKEN_SEMICOLON .)
    TOKEN_KW_CONST  reduce using rule 12 (var_decl -> type TOKEN_IDENTIFIER TOKEN_ASSIGN expr TOKEN_SEMICOLON .)
    TOKEN_KW_MUT    reduce using rule 12 (var_decl -> type TOKEN_IDENTIFIER TOKEN_ASSIGN expr TOKEN_SEMICOLON .)
    TOKEN_KW_STATIC reduce using rule 12 (var_decl -> type TOKEN_IDENTIFIER TOKEN_ASSIGN expr TOKEN_SEMICOLON .)
    TOKEN_KW_VOLATILE reduce using rule 12 (var_decl -> type TOKEN_IDENTIFIER TOKEN_ASSIGN expr TOKEN_SEMICOLON .)
    TOKEN_KW_ATOMIC reduce using rule 12 (var_decl -> type TOKEN_IDENTIFIER TOKEN_ASSIGN expr TOKEN_SEMICOLON .)
    TOKEN_KW_SHARED reduce using rule 12 (var_decl -> type TOKEN_IDENTIFIER TOKEN_ASSIGN expr TOKEN_SEMICOLON .)
    TOKEN_KW_PRIVATE reduce using rule 12 (var_decl -> type TOKEN_IDENTIFIER TOKEN_ASSIGN expr TOKEN_SEMICOLON .)
    TOKEN_KW_PUBLIC reduce using rule 12 (var_decl -> type TOKEN_IDENTIFIER TOKEN_ASSIGN expr TOKEN_SEMICOLON .)
    TOKEN_RBRACE    reduce using rule 12 (var_decl -> type TOKEN_IDENTIFIER TOKEN_ASSIGN expr TOKEN_SEMICOLON .)
    TOKEN_KW_IF     reduce using rule 12 (var_decl -> type TOKEN_IDENTIFIER TOKEN_ASSIGN expr TOKEN_SEMICOLON .)
    TOKEN_KW_WHILE  reduce using rule 12 (var_decl -> type TOKEN_IDENTIFIER TOKEN_ASSIGN expr TOKEN_SEMICOLON .)
    TOKEN_KW_DO     reduce using rule 12 (var_decl -> type TOKEN_IDENTIFIER TOKEN_ASSIGN expr TOKEN_SEMICOLON .)
    TOKEN_KW_FOR    reduce using rule 12 (var_decl -> type TOKEN_IDENTIFIER TOKEN_ASSIGN expr TOKEN_SEMICOLON .)
    TOKEN_KW_SWITCH reduce using rule 12 (var_decl -> type TOKEN_IDENTIFIER TOKEN_ASSIGN expr TOKEN_SEMICOLON .)
    TOKEN_KW_RETURN reduce using rule 12 (var_decl -> type TOKEN_IDENTIFIER TOKEN_ASSIGN expr TOKEN_SEMICOLON .)
    TOKEN_KW_BREAK  reduce using rule 12 (var_decl -> type TOKEN_IDENTIFIER TOKEN_ASSIGN expr TOKEN_SEMICOLON .)
    TOKEN_KW_CONTINUE reduce using rule 12 (var_decl -> type TOKEN_IDENTIFIER TOKEN_ASSIGN expr TOKEN_SEMICOLON .)
    TOKEN_KW_MATCH  reduce using rule 12 (var_decl -> type TOKEN_IDENTIFIER TOKEN_ASSIGN expr TOKEN_SEMICOLON .)
    TOKEN_KW_DEFER  reduce using rule 12 (var_decl -> type TOKEN_IDENTIFIER TOKEN_ASSIGN expr TOKEN_SEMICOLON .)
    TOKEN_GT        reduce using rule 12 (var_decl -> type TOKEN_IDENTIFIER TOKEN_ASSIGN expr TOKEN_SEMICOLON .)
    TOKEN_KW_MODULE reduce using rule 12 (var_decl -> type TOKEN_IDENTIFIER TOKEN_ASSIGN expr TOKEN_SEMICOLON .)
    TOKEN_KW_TRY    reduce using rule 12 (var_decl -> type TOKEN_IDENTIFIER TOKEN_ASSIGN expr TOKEN_SEMICOLON .)
    TOKEN_KW_CATCH  reduce using rule 12 (var_decl -> type TOKEN_IDENTIFIER TOKEN_ASSIGN expr TOKEN_SEMICOLON .)
    TOKEN_KW_RAISE  reduce using rule 12 (var_decl -> type TOKEN_IDENTIFIER TOKEN_ASSIGN expr TOKEN_SEMICOLON .)
    TOKEN_KW_SPAWN  reduce using rule 12 (var_decl -> type TOKEN_IDENTIFIER TOKEN_ASSIGN expr TOKEN_SEMICOLON .)
    TOKEN_KW_SELECT reduce using rule 12 (var_decl -> type TOKEN_IDENTIFIER TOKEN_ASSIGN expr TOKEN_SEMICOLON .)
    TOKEN_KW_LOCK   reduce using rule 12 (var_decl -> type TOKEN_IDENTIFIER TOKEN_ASSIGN expr TOKEN_SEMICOLON .)
    TOKEN_LBRACE    reduce using rule 12 (var_decl -> type TOKEN_IDENTIFIER TOKEN_ASSIGN expr TOKEN_SEMICOLON .)
    TOKEN_KW_CAST   reduce using rule 12 (var_decl -> type TOKEN_IDENTIFIER TOKEN_ASSIGN expr TOKEN_SEMICOLON .)
    TOKEN_PLUS      reduce using rule 12 (var_decl -> type TOKEN_IDENTIFIER TOKEN_ASSIGN expr TOKEN_SEMICOLON .)
    TOKEN_MINUS     reduce using rule 12 (var_decl -> type TOKEN_IDENTIFIER TOKEN_ASSIGN expr TOKEN_SEMICOLON .)
    TOKEN_NOT       reduce using rule 12 (var_decl -> type TOKEN_IDENTIFIER TOKEN_ASSIGN expr TOKEN_SEMICOLON .)
    TOKEN_BIT_NOT   reduce using rule 12 (var_decl -> type TOKEN_IDENTIFIER TOKEN_ASSIGN expr TOKEN_SEMICOLON .)
    TOKEN_AMPERSAND reduce using rule 12 (var_decl -> type TOKEN_IDENTIFIER TOKEN_ASSIGN expr TOKEN_SEMICOLON .)
    TOKEN_STAR      reduce using rule 12 (var_decl -> type TOKEN_IDENTIFIER TOKEN_ASSIGN expr TOKEN_SEMICOLON .)
    TOKEN_KW_AWAIT  reduce using rule 12 (var_decl -> type TOKEN_IDENTIFIER TOKEN_ASSIGN expr TOKEN_SEMICOLON .)
    TOKEN_IDENTIFIER reduce using rule 12 (var_decl -> type TOKEN_IDENTIFIER TOKEN_ASSIGN expr TOKEN_SEMICOLON .)
    TOKEN_LPAREN    reduce using rule 12 (var_decl -> type TOKEN_IDENTIFIER TOKEN_ASSIGN expr TOKEN_SEMICOLON .)
    TOKEN_KW_NULL   reduce using rule 12 (var_decl -> type TOKEN_IDENTIFIER TOKEN_ASSIGN expr TOKEN_SEMICOLON .)
    TOKEN_INT_LITERAL reduce using rule 12 (var_decl -> type TOKEN_IDENTIFIER TOKEN_ASSIGN expr TOKEN_SEMICOLON .)
    TOKEN_FLOAT_LITERAL reduce using rule 12 (var_decl -> type TOKEN_IDENTIFIER TOKEN_ASSIGN expr TOKEN_SEMICOLON .)
    TOKEN_CHAR_LITERAL reduce using rule 12 (var_decl -> type TOKEN_IDENTIFIER TOKEN_ASSIGN expr TOKEN_SEMICOLON .)
    TOKEN_STRING_LITERAL reduce using rule 12 (var_decl -> type TOKEN_IDENTIFIER TOKEN_ASSIGN expr TOKEN_SEMICOLON .)
    TOKEN_BOOL_LITERAL reduce using rule 12 (var_decl -> type TOKEN_IDENTIFIER TOKEN_ASSIGN expr TOKEN_SEMICOLON .)


state 122

    (159) expr -> TOKEN_KW_CAST type . TOKEN_ARROW expr

    TOKEN_ARROW     shift and go to state 179


state 123

    (3) assignment -> unary TOKEN_LSHIFT_ASSIGN . assignment
    (3) assignment -> . unary TOKEN_LSHIFT_ASSIGN assignment
    (14) assignment -> . unary TOKEN_RSHIFT_ASSIGN assignment
    (131) assignment -> . ternary
    (142) assignment -> . unary TOKEN_ASSIGN assignment
    (153) assignment -> . unary TOKEN_PLUS_EQ assignment
    (164) assignment -> . unary TOKEN_MINUS_EQ assignment
    (175) assignment -> . unary TOKEN_STAR_EQ assignment
    (186) assignment -> . unary TOKEN_SLASH_EQ assignment
    (197) assignment -> . unary TOKEN_MOD_EQ assignment
    (143) unary -> . TOKEN_PLUS unary
    (144) unary -> . TOKEN_MINUS unary
    (145) unary -> . TOKEN_NOT unary
    (146) unary -> . TOKEN_BIT_NOT unary
    (147) unary -> . TOKEN_AMPERSAND unary
    (148) unary -> . TOKEN_STAR unary
    (149) unary -> . TOKEN_KW_AWAIT unary
    (150) unary -> . postfix
    (25) ternary -> . logical_or
    (36) ternary -> . logical_or TOKEN_QUESTION expr TOKEN_COLON ternary
    (151) postfix -> . primary
    (152) postfix -> . postfix TOKEN_LPAREN arg_list TOKEN_RPAREN
    (154) postfix -> . postfix TOKEN_LBRACKET expr TOKEN_RBRACKET
    (155) postfix -> . postfix TOKEN_DOT TOKEN_IDENTIFIER
    (156) postfix -> . postfix TOKEN_SCOPE_RES TOKEN_IDENTIFIER
    (157) postfix -> . postfix TOKEN_ARROW TOKEN_IDENTIFIER
    (158) postfix -> . postfix TOKEN_LEFT_ARROW TOKEN_IDENTIFIER
    (47) logical_or -> . logical_and
    (58) logical_or -> . logical_or TOKEN_OR logical_and
    (160) primary -> . TOKEN_IDENTIFIER
    (161) primary -> . factor
    (162) primary -> . TOKEN_LPAREN expr TOKEN_RPAREN
    (163) primary -> . TOKEN_KW_NULL
    (69) logical_and -> . bit_or
    (80) logical_and -> . logical_and TOKEN_AND bit_or
    (54) factor -> . TOKEN_INT_LITERAL
    (55) factor -> . TOKEN_FLOAT_LITERAL
    (56) factor -> . TOKEN_CHAR_LITERAL
    (57) factor -> . TOKEN_STRING_LITERAL
    (59) factor -> . TOKEN_BOOL_LITERAL
    (91) bit_or -> . xor
    (102) bit_or -> . bit_or TOKEN_BIT_OR xor
    (114) xor -> . bit_and
    (122) xor -> . xor TOKEN_XOR bit_and
    (123) bit_and -> . equality
    (124) bit_and -> . bit_and TOKEN_AMPERSAND equality
    (125) bit_and -> . bit_and TOKEN_NAND equality
    (126) equality -> . relational
    (127) equality -> . equality TOKEN_EQ relational
    (128) equality -> . equality TOKEN_NEQ relational
    (129) relational -> . additive
    (130) relational -> . relational TOKEN_LT additive
    (132) relational -> . relational TOKEN_GT additive
    (133) relational -> . relational TOKEN_LE additive
    (134) relational -> . relational TOKEN_GE additive
    (135) additive -> . multiplicative
    (136) additive -> . additive TOKEN_PLUS multiplicative
    (137) additive -> . additive TOKEN_MINUS multiplicative
    (138) multiplicative -> . unary
    (139) multiplicative -> . multiplicative TOKEN_STAR unary
    (140) multiplicative -> . multiplicative TOKEN_SLASH unary
    (141) multiplicative -> . multiplicative TOKEN_MOD unary

    TOKEN_PLUS      shift and go to state 78
    TOKEN_MINUS     shift and go to state 79
    TOKEN_NOT       shift and go to state 80
    TOKEN_BIT_NOT   shift and go to state 81
    TOKEN_AMPERSAND shift and go to state 82
    TOKEN_STAR      shift and go to state 83
    TOKEN_KW_AWAIT  shift and go to state 84
    TOKEN_IDENTIFIER shift and go to state 72
    TOKEN_LPAREN    shift and go to state 88
    TOKEN_KW_NULL   shift and go to state 91
    TOKEN_INT_LITERAL shift and go to state 93
    TOKEN_FLOAT_LITERAL shift and go to state 94
    TOKEN_CHAR_LITERAL shift and go to state 95
    TOKEN_STRING_LITERAL shift and go to state 96
    TOKEN_BOOL_LITERAL shift and go to state 97

    unary                          shift and go to state 76
    assignment                     shift and go to state 180
    ternary                        shift and go to state 77
    postfix                        shift and go to state 85
    logical_or                     shift and go to state 86
    primary                        shift and go to state 87
    logical_and                    shift and go to state 89
    factor                         shift and go to state 90
    bit_or                         shift and go to state 92
    xor                            shift and go to state 98
    bit_and                        shift and go to state 99
    equality                       shift and go to state 100
    relational                     shift and go to state 101
    additive                       shift and go to state 102
    multiplicative                 shift and go to state 103

state 124

    (14) assignment -> unary TOKEN_RSHIFT_ASSIGN . assignment
    (3) assignment -> . unary TOKEN_LSHIFT_ASSIGN assignment
    (14) assignment -> . unary TOKEN_RSHIFT_ASSIGN assignment
    (131) assignment -> . ternary
    (142) assignment -> . unary TOKEN_ASSIGN assignment
    (153) assignment -> . unary TOKEN_PLUS_EQ assignment
    (164) assignment -> . unary TOKEN_MINUS_EQ assignment
    (175) assignment -> . unary TOKEN_STAR_EQ assignment
    (186) assignment -> . unary TOKEN_SLASH_EQ assignment
    (197) assignment -> . unary TOKEN_MOD_EQ assignment
    (143) unary -> . TOKEN_PLUS unary
    (144) unary -> . TOKEN_MINUS unary
    (145) unary -> . TOKEN_NOT unary
    (146) unary -> . TOKEN_BIT_NOT unary
    (147) unary -> . TOKEN_AMPERSAND unary
    (148) unary -> . TOKEN_STAR unary
    (149) unary -> . TOKEN_KW_AWAIT unary
    (150) unary -> . postfix
    (25) ternary -> . logical_or
    (36) ternary -> . logical_or TOKEN_QUESTION expr TOKEN_COLON ternary
    (151) postfix -> . primary
    (152) postfix -> . postfix TOKEN_LPAREN arg_list TOKEN_RPAREN
    (154) postfix -> . postfix TOKEN_LBRACKET expr TOKEN_RBRACKET
    (155) postfix -> . postfix TOKEN_DOT TOKEN_IDENTIFIER
    (156) postfix -> . postfix TOKEN_SCOPE_RES TOKEN_IDENTIFIER
    (157) postfix -> . postfix TOKEN_ARROW TOKEN_IDENTIFIER
    (158) postfix -> . postfix TOKEN_LEFT_ARROW TOKEN_IDENTIFIER
    (47) logical_or -> . logical_and
    (58) logical_or -> . logical_or TOKEN_OR logical_and
    (160) primary -> . TOKEN_IDENTIFIER
    (161) primary -> . factor
    (162) primary -> . TOKEN_LPAREN expr TOKEN_RPAREN
    (163) primary -> . TOKEN_KW_NULL
    (69) logical_and -> . bit_or
    (80) logical_and -> . logical_and TOKEN_AND bit_or
    (54) factor -> . TOKEN_INT_LITERAL
    (55) factor -> . TOKEN_FLOAT_LITERAL
    (56) factor -> . TOKEN_CHAR_LITERAL
    (57) factor -> . TOKEN_STRING_LITERAL
    (59) factor -> . TOKEN_BOOL_LITERAL
    (91) bit_or -> . xor
    (102) bit_or -> . bit_or TOKEN_BIT_OR xor
    (114) xor -> . bit_and
    (122) xor -> . xor TOKEN_XOR bit_and
    (123) bit_and -> . equality
    (124) bit_and -> . bit_and TOKEN_AMPERSAND equality
    (125) bit_and -> . bit_and TOKEN_NAND equality
    (126) equality -> . relational
    (127) equality -> . equality TOKEN_EQ relational
    (128) equality -> . equality TOKEN_NEQ relational
    (129) relational -> . additive
    (130) relational -> . relational TOKEN_LT additive
    (132) relational -> . relational TOKEN_GT additive
    (133) relational -> . relational TOKEN_LE additive
    (134) relational -> . relational TOKEN_GE additive
    (135) additive -> . multiplicative
    (136) additive -> . additive TOKEN_PLUS multiplicative
    (137) additive -> . additive TOKEN_MINUS multiplicative
    (138) multiplicative -> . unary
    (139) multiplicative -> . multiplicative TOKEN_STAR unary
    (140) multiplicative -> . multiplicative TOKEN_SLASH unary
    (141) multiplicative -> . multiplicative TOKEN_MOD unary

    TOKEN_PLUS      shift and go to state 78
    TOKEN_MINUS     shift and go to state 79
    TOKEN_NOT       shift and go to state 80
    TOKEN_BIT_NOT   shift and go to state 81
    TOKEN_AMPERSAND shift and go to state 82
    TOKEN_STAR      shift and go to state 83
    TOKEN_KW_AWAIT  shift and go to state 84
    TOKEN_IDENTIFIER shift and go to state 72
    TOKEN_LPAREN    shift and go to state 88
    TOKEN_KW_NULL   shift and go to state 91
    TOKEN_INT_LITERAL shift and go to state 93
    TOKEN_FLOAT_LITERAL shift and go to state 94
    TOKEN_CHAR_LITERAL shift and go to state 95
    TOKEN_STRING_LITERAL shift and go to state 96
    TOKEN_BOOL_LITERAL shift and go to state 97

    unary                          shift and go to state 76
    assignment                     shift and go to state 181
    ternary                        shift and go to state 77
    postfix                        shift and go to state 85
    logical_or                     shift and go to state 86
    primary                        shift and go to state 87
    logical_and                    shift and go to state 89
    factor                         shift and go to state 90
    bit_or                         shift and go to state 92
    xor                            shift and go to state 98
    bit_and                        shift and go to state 99
    equality                       shift and go to state 100
    relational                     shift and go to state 101
    additive                       shift and go to state 102
    multiplicative                 shift and go to state 103

state 125

    (142) assignment -> unary TOKEN_ASSIGN . assignment
    (3) assignment -> . unary TOKEN_LSHIFT_ASSIGN assignment
    (14) assignment -> . unary TOKEN_RSHIFT_ASSIGN assignment
    (131) assignment -> . ternary
    (142) assignment -> . unary TOKEN_ASSIGN assignment
    (153) assignment -> . unary TOKEN_PLUS_EQ assignment
    (164) assignment -> . unary TOKEN_MINUS_EQ assignment
    (175) assignment -> . unary TOKEN_STAR_EQ assignment
    (186) assignment -> . unary TOKEN_SLASH_EQ assignment
    (197) assignment -> . unary TOKEN_MOD_EQ assignment
    (143) unary -> . TOKEN_PLUS unary
    (144) unary -> . TOKEN_MINUS unary
    (145) unary -> . TOKEN_NOT unary
    (146) unary -> . TOKEN_BIT_NOT unary
    (147) unary -> . TOKEN_AMPERSAND unary
    (148) unary -> . TOKEN_STAR unary
    (149) unary -> . TOKEN_KW_AWAIT unary
    (150) unary -> . postfix
    (25) ternary -> . logical_or
    (36) ternary -> . logical_or TOKEN_QUESTION expr TOKEN_COLON ternary
    (151) postfix -> . primary
    (152) postfix -> . postfix TOKEN_LPAREN arg_list TOKEN_RPAREN
    (154) postfix -> . postfix TOKEN_LBRACKET expr TOKEN_RBRACKET
    (155) postfix -> . postfix TOKEN_DOT TOKEN_IDENTIFIER
    (156) postfix -> . postfix TOKEN_SCOPE_RES TOKEN_IDENTIFIER
    (157) postfix -> . postfix TOKEN_ARROW TOKEN_IDENTIFIER
    (158) postfix -> . postfix TOKEN_LEFT_ARROW TOKEN_IDENTIFIER
    (47) logical_or -> . logical_and
    (58) logical_or -> . logical_or TOKEN_OR logical_and
    (160) primary -> . TOKEN_IDENTIFIER
    (161) primary -> . factor
    (162) primary -> . TOKEN_LPAREN expr TOKEN_RPAREN
    (163) primary -> . TOKEN_KW_NULL
    (69) logical_and -> . bit_or
    (80) logical_and -> . logical_and TOKEN_AND bit_or
    (54) factor -> . TOKEN_INT_LITERAL
    (55) factor -> . TOKEN_FLOAT_LITERAL
    (56) factor -> . TOKEN_CHAR_LITERAL
    (57) factor -> . TOKEN_STRING_LITERAL
    (59) factor -> . TOKEN_BOOL_LITERAL
    (91) bit_or -> . xor
    (102) bit_or -> . bit_or TOKEN_BIT_OR xor
    (114) xor -> . bit_and
    (122) xor -> . xor TOKEN_XOR bit_and
    (123) bit_and -> . equality
    (124) bit_and -> . bit_and TOKEN_AMPERSAND equality
    (125) bit_and -> . bit_and TOKEN_NAND equality
    (126) equality -> . relational
    (127) equality -> . equality TOKEN_EQ relational
    (128) equality -> . equality TOKEN_NEQ relational
    (129) relational -> . additive
    (130) relational -> . relational TOKEN_LT additive
    (132) relational -> . relational TOKEN_GT additive
    (133) relational -> . relational TOKEN_LE additive
    (134) relational -> . relational TOKEN_GE additive
    (135) additive -> . multiplicative
    (136) additive -> . additive TOKEN_PLUS multiplicative
    (137) additive -> . additive TOKEN_MINUS multiplicative
    (138) multiplicative -> . unary
    (139) multiplicative -> . multiplicative TOKEN_STAR unary
    (140) multiplicative -> . multiplicative TOKEN_SLASH unary
    (141) multiplicative -> . multiplicative TOKEN_MOD unary

    TOKEN_PLUS      shift and go to state 78
    TOKEN_MINUS     shift and go to state 79
    TOKEN_NOT       shift and go to state 80
    TOKEN_BIT_NOT   shift and go to state 81
    TOKEN_AMPERSAND shift and go to state 82
    TOKEN_STAR      shift and go to state 83
    TOKEN_KW_AWAIT  shift and go to state 84
    TOKEN_IDENTIFIER shift and go to state 72
    TOKEN_LPAREN    shift and go to state 88
    TOKEN_KW_NULL   shift and go to state 91
    TOKEN_INT_LITERAL shift and go to state 93
    TOKEN_FLOAT_LITERAL shift and go to state 94
    TOKEN_CHAR_LITERAL shift and go to state 95
    TOKEN_STRING_LITERAL shift and go to state 96
    TOKEN_BOOL_LITERAL shift and go to state 97

    unary                          shift and go to state 76
    assignment                     shift and go to state 182
    ternary                        shift and go to state 77
    postfix                        shift and go to state 85
    logical_or                     shift and go to state 86
    primary                        shift and go to state 87
    logical_and                    shift and go to state 89
    factor                         shift and go to state 90
    bit_or                         shift and go to state 92
    xor                            shift and go to state 98
    bit_and                        shift and go to state 99
    equality                       shift and go to state 100
    relational                     shift and go to state 101
    additive                       shift and go to state 102
    multiplicative                 shift and go to state 103

state 126

    (153) assignment -> unary TOKEN_PLUS_EQ . assignment
    (3) assignment -> . unary TOKEN_LSHIFT_ASSIGN assignment
    (14) assignment -> . unary TOKEN_RSHIFT_ASSIGN assignment
    (131) assignment -> . ternary
    (142) assignment -> . unary TOKEN_ASSIGN assignment
    (153) assignment -> . unary TOKEN_PLUS_EQ assignment
    (164) assignment -> . unary TOKEN_MINUS_EQ assignment
    (175) assignment -> . unary TOKEN_STAR_EQ assignment
    (186) assignment -> . unary TOKEN_SLASH_EQ assignment
    (197) assignment -> . unary TOKEN_MOD_EQ assignment
    (143) unary -> . TOKEN_PLUS unary
    (144) unary -> . TOKEN_MINUS unary
    (145) unary -> . TOKEN_NOT unary
    (146) unary -> . TOKEN_BIT_NOT unary
    (147) unary -> . TOKEN_AMPERSAND unary
    (148) unary -> . TOKEN_STAR unary
    (149) unary -> . TOKEN_KW_AWAIT unary
    (150) unary -> . postfix
    (25) ternary -> . logical_or
    (36) ternary -> . logical_or TOKEN_QUESTION expr TOKEN_COLON ternary
    (151) postfix -> . primary
    (152) postfix -> . postfix TOKEN_LPAREN arg_list TOKEN_RPAREN
    (154) postfix -> . postfix TOKEN_LBRACKET expr TOKEN_RBRACKET
    (155) postfix -> . postfix TOKEN_DOT TOKEN_IDENTIFIER
    (156) postfix -> . postfix TOKEN_SCOPE_RES TOKEN_IDENTIFIER
    (157) postfix -> . postfix TOKEN_ARROW TOKEN_IDENTIFIER
    (158) postfix -> . postfix TOKEN_LEFT_ARROW TOKEN_IDENTIFIER
    (47) logical_or -> . logical_and
    (58) logical_or -> . logical_or TOKEN_OR logical_and
    (160) primary -> . TOKEN_IDENTIFIER
    (161) primary -> . factor
    (162) primary -> . TOKEN_LPAREN expr TOKEN_RPAREN
    (163) primary -> . TOKEN_KW_NULL
    (69) logical_and -> . bit_or
    (80) logical_and -> . logical_and TOKEN_AND bit_or
    (54) factor -> . TOKEN_INT_LITERAL
    (55) factor -> . TOKEN_FLOAT_LITERAL
    (56) factor -> . TOKEN_CHAR_LITERAL
    (57) factor -> . TOKEN_STRING_LITERAL
    (59) factor -> . TOKEN_BOOL_LITERAL
    (91) bit_or -> . xor
    (102) bit_or -> . bit_or TOKEN_BIT_OR xor
    (114) xor -> . bit_and
    (122) xor -> . xor TOKEN_XOR bit_and
    (123) bit_and -> . equality
    (124) bit_and -> . bit_and TOKEN_AMPERSAND equality
    (125) bit_and -> . bit_and TOKEN_NAND equality
    (126) equality -> . relational
    (127) equality -> . equality TOKEN_EQ relational
    (128) equality -> . equality TOKEN_NEQ relational
    (129) relational -> . additive
    (130) relational -> . relational TOKEN_LT additive
    (132) relational -> . relational TOKEN_GT additive
    (133) relational -> . relational TOKEN_LE additive
    (134) relational -> . relational TOKEN_GE additive
    (135) additive -> . multiplicative
    (136) additive -> . additive TOKEN_PLUS multiplicative
    (137) additive -> . additive TOKEN_MINUS multiplicative
    (138) multiplicative -> . unary
    (139) multiplicative -> . multiplicative TOKEN_STAR unary
    (140) multiplicative -> . multiplicative TOKEN_SLASH unary
    (141) multiplicative -> . multiplicative TOKEN_MOD unary

    TOKEN_PLUS      shift and go to state 78
    TOKEN_MINUS     shift and go to state 79
    TOKEN_NOT       shift and go to state 80
    TOKEN_BIT_NOT   shift and go to state 81
    TOKEN_AMPERSAND shift and go to state 82
    TOKEN_STAR      shift and go to state 83
    TOKEN_KW_AWAIT  shift and go to state 84
    TOKEN_IDENTIFIER shift and go to state 72
    TOKEN_LPAREN    shift and go to state 88
    TOKEN_KW_NULL   shift and go to state 91
    TOKEN_INT_LITERAL shift and go to state 93
    TOKEN_FLOAT_LITERAL shift and go to state 94
    TOKEN_CHAR_LITERAL shift and go to state 95
    TOKEN_STRING_LITERAL shift and go to state 96
    TOKEN_BOOL_LITERAL shift and go to state 97

    unary                          shift and go to state 76
    assignment                     shift and go to state 183
    ternary                        shift and go to state 77
    postfix                        shift and go to state 85
    logical_or                     shift and go to state 86
    primary                        shift and go to state 87
    logical_and                    shift and go to state 89
    factor                         shift and go to state 90
    bit_or                         shift and go to state 92
    xor                            shift and go to state 98
    bit_and                        shift and go to state 99
    equality                       shift and go to state 100
    relational                     shift and go to state 101
    additive                       shift and go to state 102
    multiplicative                 shift and go to state 103

state 127

    (164) assignment -> unary TOKEN_MINUS_EQ . assignment
    (3) assignment -> . unary TOKEN_LSHIFT_ASSIGN assignment
    (14) assignment -> . unary TOKEN_RSHIFT_ASSIGN assignment
    (131) assignment -> . ternary
    (142) assignment -> . unary TOKEN_ASSIGN assignment
    (153) assignment -> . unary TOKEN_PLUS_EQ assignment
    (164) assignment -> . unary TOKEN_MINUS_EQ assignment
    (175) assignment -> . unary TOKEN_STAR_EQ assignment
    (186) assignment -> . unary TOKEN_SLASH_EQ assignment
    (197) assignment -> . unary TOKEN_MOD_EQ assignment
    (143) unary -> . TOKEN_PLUS unary
    (144) unary -> . TOKEN_MINUS unary
    (145) unary -> . TOKEN_NOT unary
    (146) unary -> . TOKEN_BIT_NOT unary
    (147) unary -> . TOKEN_AMPERSAND unary
    (148) unary -> . TOKEN_STAR unary
    (149) unary -> . TOKEN_KW_AWAIT unary
    (150) unary -> . postfix
    (25) ternary -> . logical_or
    (36) ternary -> . logical_or TOKEN_QUESTION expr TOKEN_COLON ternary
    (151) postfix -> . primary
    (152) postfix -> . postfix TOKEN_LPAREN arg_list TOKEN_RPAREN
    (154) postfix -> . postfix TOKEN_LBRACKET expr TOKEN_RBRACKET
    (155) postfix -> . postfix TOKEN_DOT TOKEN_IDENTIFIER
    (156) postfix -> . postfix TOKEN_SCOPE_RES TOKEN_IDENTIFIER
    (157) postfix -> . postfix TOKEN_ARROW TOKEN_IDENTIFIER
    (158) postfix -> . postfix TOKEN_LEFT_ARROW TOKEN_IDENTIFIER
    (47) logical_or -> . logical_and
    (58) logical_or -> . logical_or TOKEN_OR logical_and
    (160) primary -> . TOKEN_IDENTIFIER
    (161) primary -> . factor
    (162) primary -> . TOKEN_LPAREN expr TOKEN_RPAREN
    (163) primary -> . TOKEN_KW_NULL
    (69) logical_and -> . bit_or
    (80) logical_and -> . logical_and TOKEN_AND bit_or
    (54) factor -> . TOKEN_INT_LITERAL
    (55) factor -> . TOKEN_FLOAT_LITERAL
    (56) factor -> . TOKEN_CHAR_LITERAL
    (57) factor -> . TOKEN_STRING_LITERAL
    (59) factor -> . TOKEN_BOOL_LITERAL
    (91) bit_or -> . xor
    (102) bit_or -> . bit_or TOKEN_BIT_OR xor
    (114) xor -> . bit_and
    (122) xor -> . xor TOKEN_XOR bit_and
    (123) bit_and -> . equality
    (124) bit_and -> . bit_and TOKEN_AMPERSAND equality
    (125) bit_and -> . bit_and TOKEN_NAND equality
    (126) equality -> . relational
    (127) equality -> . equality TOKEN_EQ relational
    (128) equality -> . equality TOKEN_NEQ relational
    (129) relational -> . additive
    (130) relational -> . relational TOKEN_LT additive
    (132) relational -> . relational TOKEN_GT additive
    (133) relational -> . relational TOKEN_LE additive
    (134) relational -> . relational TOKEN_GE additive
    (135) additive -> . multiplicative
    (136) additive -> . additive TOKEN_PLUS multiplicative
    (137) additive -> . additive TOKEN_MINUS multiplicative
    (138) multiplicative -> . unary
    (139) multiplicative -> . multiplicative TOKEN_STAR unary
    (140) multiplicative -> . multiplicative TOKEN_SLASH unary
    (141) multiplicative -> . multiplicative TOKEN_MOD unary

    TOKEN_PLUS      shift and go to state 78
    TOKEN_MINUS     shift and go to state 79
    TOKEN_NOT       shift and go to state 80
    TOKEN_BIT_NOT   shift and go to state 81
    TOKEN_AMPERSAND shift and go to state 82
    TOKEN_STAR      shift and go to state 83
    TOKEN_KW_AWAIT  shift and go to state 84
    TOKEN_IDENTIFIER shift and go to state 72
    TOKEN_LPAREN    shift and go to state 88
    TOKEN_KW_NULL   shift and go to state 91
    TOKEN_INT_LITERAL shift and go to state 93
    TOKEN_FLOAT_LITERAL shift and go to state 94
    TOKEN_CHAR_LITERAL shift and go to state 95
    TOKEN_STRING_LITERAL shift and go to state 96
    TOKEN_BOOL_LITERAL shift and go to state 97

    unary                          shift and go to state 76
    assignment                     shift and go to state 184
    ternary                        shift and go to state 77
    postfix                        shift and go to state 85
    logical_or                     shift and go to state 86
    primary                        shift and go to state 87
    logical_and                    shift and go to state 89
    factor                         shift and go to state 90
    bit_or                         shift and go to state 92
    xor                            shift and go to state 98
    bit_and                        shift and go to state 99
    equality                       shift and go to state 100
    relational                     shift and go to state 101
    additive                       shift and go to state 102
    multiplicative                 shift and go to state 103

state 128

    (175) assignment -> unary TOKEN_STAR_EQ . assignment
    (3) assignment -> . unary TOKEN_LSHIFT_ASSIGN assignment
    (14) assignment -> . unary TOKEN_RSHIFT_ASSIGN assignment
    (131) assignment -> . ternary
    (142) assignment -> . unary TOKEN_ASSIGN assignment
    (153) assignment -> . unary TOKEN_PLUS_EQ assignment
    (164) assignment -> . unary TOKEN_MINUS_EQ assignment
    (175) assignment -> . unary TOKEN_STAR_EQ assignment
    (186) assignment -> . unary TOKEN_SLASH_EQ assignment
    (197) assignment -> . unary TOKEN_MOD_EQ assignment
    (143) unary -> . TOKEN_PLUS unary
    (144) unary -> . TOKEN_MINUS unary
    (145) unary -> . TOKEN_NOT unary
    (146) unary -> . TOKEN_BIT_NOT unary
    (147) unary -> . TOKEN_AMPERSAND unary
    (148) unary -> . TOKEN_STAR unary
    (149) unary -> . TOKEN_KW_AWAIT unary
    (150) unary -> . postfix
    (25) ternary -> . logical_or
    (36) ternary -> . logical_or TOKEN_QUESTION expr TOKEN_COLON ternary
    (151) postfix -> . primary
    (152) postfix -> . postfix TOKEN_LPAREN arg_list TOKEN_RPAREN
    (154) postfix -> . postfix TOKEN_LBRACKET expr TOKEN_RBRACKET
    (155) postfix -> . postfix TOKEN_DOT TOKEN_IDENTIFIER
    (156) postfix -> . postfix TOKEN_SCOPE_RES TOKEN_IDENTIFIER
    (157) postfix -> . postfix TOKEN_ARROW TOKEN_IDENTIFIER
    (158) postfix -> . postfix TOKEN_LEFT_ARROW TOKEN_IDENTIFIER
    (47) logical_or -> . logical_and
    (58) logical_or -> . logical_or TOKEN_OR logical_and
    (160) primary -> . TOKEN_IDENTIFIER
    (161) primary -> . factor
    (162) primary -> . TOKEN_LPAREN expr TOKEN_RPAREN
    (163) primary -> . TOKEN_KW_NULL
    (69) logical_and -> . bit_or
    (80) logical_and -> . logical_and TOKEN_AND bit_or
    (54) factor -> . TOKEN_INT_LITERAL
    (55) factor -> . TOKEN_FLOAT_LITERAL
    (56) factor -> . TOKEN_CHAR_LITERAL
    (57) factor -> . TOKEN_STRING_LITERAL
    (59) factor -> . TOKEN_BOOL_LITERAL
    (91) bit_or -> . xor
    (102) bit_or -> . bit_or TOKEN_BIT_OR xor
    (114) xor -> . bit_and
    (122) xor -> . xor TOKEN_XOR bit_and
    (123) bit_and -> . equality
    (124) bit_and -> . bit_and TOKEN_AMPERSAND equality
    (125) bit_and -> . bit_and TOKEN_NAND equality
    (126) equality -> . relational
    (127) equality -> . equality TOKEN_EQ relational
    (128) equality -> . equality TOKEN_NEQ relational
    (129) relational -> . additive
    (130) relational -> . relational TOKEN_LT additive
    (132) relational -> . relational TOKEN_GT additive
    (133) relational -> . relational TOKEN_LE additive
    (134) relational -> . relational TOKEN_GE additive
    (135) additive -> . multiplicative
    (136) additive -> . additive TOKEN_PLUS multiplicative
    (137) additive -> . additive TOKEN_MINUS multiplicative
    (138) multiplicative -> . unary
    (139) multiplicative -> . multiplicative TOKEN_STAR unary
    (140) multiplicative -> . multiplicative TOKEN_SLASH unary
    (141) multiplicative -> . multiplicative TOKEN_MOD unary

    TOKEN_PLUS      shift and go to state 78
    TOKEN_MINUS     shift and go to state 79
    TOKEN_NOT       shift and go to state 80
    TOKEN_BIT_NOT   shift and go to state 81
    TOKEN_AMPERSAND shift and go to state 82
    TOKEN_STAR      shift and go to state 83
    TOKEN_KW_AWAIT  shift and go to state 84
    TOKEN_IDENTIFIER shift and go to state 72
    TOKEN_LPAREN    shift and go to state 88
    TOKEN_KW_NULL   shift and go to state 91
    TOKEN_INT_LITERAL shift and go to state 93
    TOKEN_FLOAT_LITERAL shift and go to state 94
    TOKEN_CHAR_LITERAL shift and go to state 95
    TOKEN_STRING_LITERAL shift and go to state 96
    TOKEN_BOOL_LITERAL shift and go to state 97

    unary                          shift and go to state 76
    assignment                     shift and go to state 185
    ternary                        shift and go to state 77
    postfix                        shift and go to state 85
    logical_or                     shift and go to state 86
    primary                        shift and go to state 87
    logical_and                    shift and go to state 89
    factor                         shift and go to state 90
    bit_or                         shift and go to state 92
    xor                            shift and go to state 98
    bit_and                        shift and go to state 99
    equality                       shift and go to state 100
    relational                     shift and go to state 101
    additive                       shift and go to state 102
    multiplicative                 shift and go to state 103

state 129

    (186) assignment -> unary TOKEN_SLASH_EQ . assignment
    (3) assignment -> . unary TOKEN_LSHIFT_ASSIGN assignment
    (14) assignment -> . unary TOKEN_RSHIFT_ASSIGN assignment
    (131) assignment -> . ternary
    (142) assignment -> . unary TOKEN_ASSIGN assignment
    (153) assignment -> . unary TOKEN_PLUS_EQ assignment
    (164) assignment -> . unary TOKEN_MINUS_EQ assignment
    (175) assignment -> . unary TOKEN_STAR_EQ assignment
    (186) assignment -> . unary TOKEN_SLASH_EQ assignment
    (197) assignment -> . unary TOKEN_MOD_EQ assignment
    (143) unary -> . TOKEN_PLUS unary
    (144) unary -> . TOKEN_MINUS unary
    (145) unary -> . TOKEN_NOT unary
    (146) unary -> . TOKEN_BIT_NOT unary
    (147) unary -> . TOKEN_AMPERSAND unary
    (148) unary -> . TOKEN_STAR unary
    (149) unary -> . TOKEN_KW_AWAIT unary
    (150) unary -> . postfix
    (25) ternary -> . logical_or
    (36) ternary -> . logical_or TOKEN_QUESTION expr TOKEN_COLON ternary
    (151) postfix -> . primary
    (152) postfix -> . postfix TOKEN_LPAREN arg_list TOKEN_RPAREN
    (154) postfix -> . postfix TOKEN_LBRACKET expr TOKEN_RBRACKET
    (155) postfix -> . postfix TOKEN_DOT TOKEN_IDENTIFIER
    (156) postfix -> . postfix TOKEN_SCOPE_RES TOKEN_IDENTIFIER
    (157) postfix -> . postfix TOKEN_ARROW TOKEN_IDENTIFIER
    (158) postfix -> . postfix TOKEN_LEFT_ARROW TOKEN_IDENTIFIER
    (47) logical_or -> . logical_and
    (58) logical_or -> . logical_or TOKEN_OR logical_and
    (160) primary -> . TOKEN_IDENTIFIER
    (161) primary -> . factor
    (162) primary -> . TOKEN_LPAREN expr TOKEN_RPAREN
    (163) primary -> . TOKEN_KW_NULL
    (69) logical_and -> . bit_or
    (80) logical_and -> . logical_and TOKEN_AND bit_or
    (54) factor -> . TOKEN_INT_LITERAL
    (55) factor -> . TOKEN_FLOAT_LITERAL
    (56) factor -> . TOKEN_CHAR_LITERAL
    (57) factor -> . TOKEN_STRING_LITERAL
    (59) factor -> . TOKEN_BOOL_LITERAL
    (91) bit_or -> . xor
    (102) bit_or -> . bit_or TOKEN_BIT_OR xor
    (114) xor -> . bit_and
    (122) xor -> . xor TOKEN_XOR bit_and
    (123) bit_and -> . equality
    (124) bit_and -> . bit_and TOKEN_AMPERSAND equality
    (125) bit_and -> . bit_and TOKEN_NAND equality
    (126) equality -> . relational
    (127) equality -> . equality TOKEN_EQ relational
    (128) equality -> . equality TOKEN_NEQ relational
    (129) relational -> . additive
    (130) relational -> . relational TOKEN_LT additive
    (132) relational -> . relational TOKEN_GT additive
    (133) relational -> . relational TOKEN_LE additive
    (134) relational -> . relational TOKEN_GE additive
    (135) additive -> . multiplicative
    (136) additive -> . additive TOKEN_PLUS multiplicative
    (137) additive -> . additive TOKEN_MINUS multiplicative
    (138) multiplicative -> . unary
    (139) multiplicative -> . multiplicative TOKEN_STAR unary
    (140) multiplicative -> . multiplicative TOKEN_SLASH unary
    (141) multiplicative -> . multiplicative TOKEN_MOD unary

    TOKEN_PLUS      shift and go to state 78
    TOKEN_MINUS     shift and go to state 79
    TOKEN_NOT       shift and go to state 80
    TOKEN_BIT_NOT   shift and go to state 81
    TOKEN_AMPERSAND shift and go to state 82
    TOKEN_STAR      shift and go to state 83
    TOKEN_KW_AWAIT  shift and go to state 84
    TOKEN_IDENTIFIER shift and go to state 72
    TOKEN_LPAREN    shift and go to state 88
    TOKEN_KW_NULL   shift and go to state 91
    TOKEN_INT_LITERAL shift and go to state 93
    TOKEN_FLOAT_LITERAL shift and go to state 94
    TOKEN_CHAR_LITERAL shift and go to state 95
    TOKEN_STRING_LITERAL shift and go to state 96
    TOKEN_BOOL_LITERAL shift and go to state 97

    unary                          shift and go to state 76
    assignment                     shift and go to state 186
    ternary                        shift and go to state 77
    postfix                        shift and go to state 85
    logical_or                     shift and go to state 86
    primary                        shift and go to state 87
    logical_and                    shift and go to state 89
    factor                         shift and go to state 90
    bit_or                         shift and go to state 92
    xor                            shift and go to state 98
    bit_and                        shift and go to state 99
    equality                       shift and go to state 100
    relational                     shift and go to state 101
    additive                       shift and go to state 102
    multiplicative                 shift and go to state 103

state 130

    (197) assignment -> unary TOKEN_MOD_EQ . assignment
    (3) assignment -> . unary TOKEN_LSHIFT_ASSIGN assignment
    (14) assignment -> . unary TOKEN_RSHIFT_ASSIGN assignment
    (131) assignment -> . ternary
    (142) assignment -> . unary TOKEN_ASSIGN assignment
    (153) assignment -> . unary TOKEN_PLUS_EQ assignment
    (164) assignment -> . unary TOKEN_MINUS_EQ assignment
    (175) assignment -> . unary TOKEN_STAR_EQ assignment
    (186) assignment -> . unary TOKEN_SLASH_EQ assignment
    (197) assignment -> . unary TOKEN_MOD_EQ assignment
    (143) unary -> . TOKEN_PLUS unary
    (144) unary -> . TOKEN_MINUS unary
    (145) unary -> . TOKEN_NOT unary
    (146) unary -> . TOKEN_BIT_NOT unary
    (147) unary -> . TOKEN_AMPERSAND unary
    (148) unary -> . TOKEN_STAR unary
    (149) unary -> . TOKEN_KW_AWAIT unary
    (150) unary -> . postfix
    (25) ternary -> . logical_or
    (36) ternary -> . logical_or TOKEN_QUESTION expr TOKEN_COLON ternary
    (151) postfix -> . primary
    (152) postfix -> . postfix TOKEN_LPAREN arg_list TOKEN_RPAREN
    (154) postfix -> . postfix TOKEN_LBRACKET expr TOKEN_RBRACKET
    (155) postfix -> . postfix TOKEN_DOT TOKEN_IDENTIFIER
    (156) postfix -> . postfix TOKEN_SCOPE_RES TOKEN_IDENTIFIER
    (157) postfix -> . postfix TOKEN_ARROW TOKEN_IDENTIFIER
    (158) postfix -> . postfix TOKEN_LEFT_ARROW TOKEN_IDENTIFIER
    (47) logical_or -> . logical_and
    (58) logical_or -> . logical_or TOKEN_OR logical_and
    (160) primary -> . TOKEN_IDENTIFIER
    (161) primary -> . factor
    (162) primary -> . TOKEN_LPAREN expr TOKEN_RPAREN
    (163) primary -> . TOKEN_KW_NULL
    (69) logical_and -> . bit_or
    (80) logical_and -> . logical_and TOKEN_AND bit_or
    (54) factor -> . TOKEN_INT_LITERAL
    (55) factor -> . TOKEN_FLOAT_LITERAL
    (56) factor -> . TOKEN_CHAR_LITERAL
    (57) factor -> . TOKEN_STRING_LITERAL
    (59) factor -> . TOKEN_BOOL_LITERAL
    (91) bit_or -> . xor
    (102) bit_or -> . bit_or TOKEN_BIT_OR xor
    (114) xor -> . bit_and
    (122) xor -> . xor TOKEN_XOR bit_and
    (123) bit_and -> . equality
    (124) bit_and -> . bit_and TOKEN_AMPERSAND equality
    (125) bit_and -> . bit_and TOKEN_NAND equality
    (126) equality -> . relational
    (127) equality -> . equality TOKEN_EQ relational
    (128) equality -> . equality TOKEN_NEQ relational
    (129) relational -> . additive
    (130) relational -> . relational TOKEN_LT additive
    (132) relational -> . relational TOKEN_GT additive
    (133) relational -> . relational TOKEN_LE additive
    (134) relational -> . relational TOKEN_GE additive
    (135) additive -> . multiplicative
    (136) additive -> . additive TOKEN_PLUS multiplicative
    (137) additive -> . additive TOKEN_MINUS multiplicative
    (138) multiplicative -> . unary
    (139) multiplicative -> . multiplicative TOKEN_STAR unary
    (140) multiplicative -> . multiplicative TOKEN_SLASH unary
    (141) multiplicative -> . multiplicative TOKEN_MOD unary

    TOKEN_PLUS      shift and go to state 78
    TOKEN_MINUS     shift and go to state 79
    TOKEN_NOT       shift and go to state 80
    TOKEN_BIT_NOT   shift and go to state 81
    TOKEN_AMPERSAND shift and go to state 82
    TOKEN_STAR      shift and go to state 83
    TOKEN_KW_AWAIT  shift and go to state 84
    TOKEN_IDENTIFIER shift and go to state 72
    TOKEN_LPAREN    shift and go to state 88
    TOKEN_KW_NULL   shift and go to state 91
    TOKEN_INT_LITERAL shift and go to state 93
    TOKEN_FLOAT_LITERAL shift and go to state 94
    TOKEN_CHAR_LITERAL shift and go to state 95
    TOKEN_STRING_LITERAL shift and go to state 96
    TOKEN_BOOL_LITERAL shift and go to state 97

    unary                          shift and go to state 76
    assignment                     shift and go to state 187
    ternary                        shift and go to state 77
    postfix                        shift and go to state 85
    logical_or                     shift and go to state 86
    primary                        shift and go to state 87
    logical_and                    shift and go to state 89
    factor                         shift and go to state 90
    bit_or                         shift and go to state 92
    xor                            shift and go to state 98
    bit_and                        shift and go to state 99
    equality                       shift and go to state 100
    relational                     shift and go to state 101
    additive                       shift and go to state 102
    multiplicative                 shift and go to state 103

state 131

    (143) unary -> TOKEN_PLUS unary .

    TOKEN_LSHIFT_ASSIGN reduce using rule 143 (unary -> TOKEN_PLUS unary .)
    TOKEN_RSHIFT_ASSIGN reduce using rule 143 (unary -> TOKEN_PLUS unary .)
    TOKEN_ASSIGN    reduce using rule 143 (unary -> TOKEN_PLUS unary .)
    TOKEN_PLUS_EQ   reduce using rule 143 (unary -> TOKEN_PLUS unary .)
    TOKEN_MINUS_EQ  reduce using rule 143 (unary -> TOKEN_PLUS unary .)
    TOKEN_STAR_EQ   reduce using rule 143 (unary -> TOKEN_PLUS unary .)
    TOKEN_SLASH_EQ  reduce using rule 143 (unary -> TOKEN_PLUS unary .)
    TOKEN_MOD_EQ    reduce using rule 143 (unary -> TOKEN_PLUS unary .)
    TOKEN_STAR      reduce using rule 143 (unary -> TOKEN_PLUS unary .)
    TOKEN_SLASH     reduce using rule 143 (unary -> TOKEN_PLUS unary .)
    TOKEN_MOD       reduce using rule 143 (unary -> TOKEN_PLUS unary .)
    TOKEN_PLUS      reduce using rule 143 (unary -> TOKEN_PLUS unary .)
    TOKEN_MINUS     reduce using rule 143 (unary -> TOKEN_PLUS unary .)
    TOKEN_LT        reduce using rule 143 (unary -> TOKEN_PLUS unary .)
    TOKEN_GT        reduce using rule 143 (unary -> TOKEN_PLUS unary .)
    TOKEN_LE        reduce using rule 143 (unary -> TOKEN_PLUS unary .)
    TOKEN_GE        reduce using rule 143 (unary -> TOKEN_PLUS unary .)
    TOKEN_EQ        reduce using rule 143 (unary -> TOKEN_PLUS unary .)
    TOKEN_NEQ       reduce using rule 143 (unary -> TOKEN_PLUS unary .)
    TOKEN_AMPERSAND reduce using rule 143 (unary -> TOKEN_PLUS unary .)
    TOKEN_NAND      reduce using rule 143 (unary -> TOKEN_PLUS unary .)
    TOKEN_XOR       reduce using rule 143 (unary -> TOKEN_PLUS unary .)
    TOKEN_BIT_OR    reduce using rule 143 (unary -> TOKEN_PLUS unary .)
    TOKEN_AND       reduce using rule 143 (unary -> TOKEN_PLUS unary .)
    TOKEN_QUESTION  reduce using rule 143 (unary -> TOKEN_PLUS unary .)
    TOKEN_OR        reduce using rule 143 (unary -> TOKEN_PLUS unary .)
    TOKEN_SEMICOLON reduce using rule 143 (unary -> TOKEN_PLUS unary .)
    TOKEN_RBRACKET  reduce using rule 143 (unary -> TOKEN_PLUS unary .)
    TOKEN_RPAREN    reduce using rule 143 (unary -> TOKEN_PLUS unary .)
    TOKEN_COMMA     reduce using rule 143 (unary -> TOKEN_PLUS unary .)
    TOKEN_COLON     reduce using rule 143 (unary -> TOKEN_PLUS unary .)
    TOKEN_RBRACE    reduce using rule 143 (unary -> TOKEN_PLUS unary .)
    TOKEN_FAT_ARROW reduce using rule 143 (unary -> TOKEN_PLUS unary .)


state 132

    (144) unary -> TOKEN_MINUS unary .

    TOKEN_LSHIFT_ASSIGN reduce using rule 144 (unary -> TOKEN_MINUS unary .)
    TOKEN_RSHIFT_ASSIGN reduce using rule 144 (unary -> TOKEN_MINUS unary .)
    TOKEN_ASSIGN    reduce using rule 144 (unary -> TOKEN_MINUS unary .)
    TOKEN_PLUS_EQ   reduce using rule 144 (unary -> TOKEN_MINUS unary .)
    TOKEN_MINUS_EQ  reduce using rule 144 (unary -> TOKEN_MINUS unary .)
    TOKEN_STAR_EQ   reduce using rule 144 (unary -> TOKEN_MINUS unary .)
    TOKEN_SLASH_EQ  reduce using rule 144 (unary -> TOKEN_MINUS unary .)
    TOKEN_MOD_EQ    reduce using rule 144 (unary -> TOKEN_MINUS unary .)
    TOKEN_STAR      reduce using rule 144 (unary -> TOKEN_MINUS unary .)
    TOKEN_SLASH     reduce using rule 144 (unary -> TOKEN_MINUS unary .)
    TOKEN_MOD       reduce using rule 144 (unary -> TOKEN_MINUS unary .)
    TOKEN_PLUS      reduce using rule 144 (unary -> TOKEN_MINUS unary .)
    TOKEN_MINUS     reduce using rule 144 (unary -> TOKEN_MINUS unary .)
    TOKEN_LT        reduce using rule 144 (unary -> TOKEN_MINUS unary .)
    TOKEN_GT        reduce using rule 144 (unary -> TOKEN_MINUS unary .)
    TOKEN_LE        reduce using rule 144 (unary -> TOKEN_MINUS unary .)
    TOKEN_GE        reduce using rule 144 (unary -> TOKEN_MINUS unary .)
    TOKEN_EQ        reduce using rule 144 (unary -> TOKEN_MINUS unary .)
    TOKEN_NEQ       reduce using rule 144 (unary -> TOKEN_MINUS unary .)
    TOKEN_AMPERSAND reduce using rule 144 (unary -> TOKEN_MINUS unary .)
    TOKEN_NAND      reduce using rule 144 (unary -> TOKEN_MINUS unary .)
    TOKEN_XOR       reduce using rule 144 (unary -> TOKEN_MINUS unary .)
    TOKEN_BIT_OR    reduce using rule 144 (unary -> TOKEN_MINUS unary .)
    TOKEN_AND       reduce using rule 144 (unary -> TOKEN_MINUS unary .)
    TOKEN_QUESTION  reduce using rule 144 (unary -> TOKEN_MINUS unary .)
    TOKEN_OR        reduce using rule 144 (unary -> TOKEN_MINUS unary .)
    TOKEN_SEMICOLON reduce using rule 144 (unary -> TOKEN_MINUS unary .)
    TOKEN_RBRACKET  reduce using rule 144 (unary -> TOKEN_MINUS unary .)
    TOKEN_RPAREN    reduce using rule 144 (unary -> TOKEN_MINUS unary .)
    TOKEN_COMMA     reduce using rule 144 (unary -> TOKEN_MINUS unary .)
    TOKEN_COLON     reduce using rule 144 (unary -> TOKEN_MINUS unary .)
    TOKEN_RBRACE    reduce using rule 144 (unary -> TOKEN_MINUS unary .)
    TOKEN_FAT_ARROW reduce using rule 144 (unary -> TOKEN_MINUS unary .)


state 133

    (145) unary -> TOKEN_NOT unary .

    TOKEN_LSHIFT_ASSIGN reduce using rule 145 (unary -> TOKEN_NOT unary .)
    TOKEN_RSHIFT_ASSIGN reduce using rule 145 (unary -> TOKEN_NOT unary .)
    TOKEN_ASSIGN    reduce using rule 145 (unary -> TOKEN_NOT unary .)
    TOKEN_PLUS_EQ   reduce using rule 145 (unary -> TOKEN_NOT unary .)
    TOKEN_MINUS_EQ  reduce using rule 145 (unary -> TOKEN_NOT unary .)
    TOKEN_STAR_EQ   reduce using rule 145 (unary -> TOKEN_NOT unary .)
    TOKEN_SLASH_EQ  reduce using rule 145 (unary -> TOKEN_NOT unary .)
    TOKEN_MOD_EQ    reduce using rule 145 (unary -> TOKEN_NOT unary .)
    TOKEN_STAR      reduce using rule 145 (unary -> TOKEN_NOT unary .)
    TOKEN_SLASH     reduce using rule 145 (unary -> TOKEN_NOT unary .)
    TOKEN_MOD       reduce using rule 145 (unary -> TOKEN_NOT unary .)
    TOKEN_PLUS      reduce using rule 145 (unary -> TOKEN_NOT unary .)
    TOKEN_MINUS     reduce using rule 145 (unary -> TOKEN_NOT unary .)
    TOKEN_LT        reduce using rule 145 (unary -> TOKEN_NOT unary .)
    TOKEN_GT        reduce using rule 145 (unary -> TOKEN_NOT unary .)
    TOKEN_LE        reduce using rule 145 (unary -> TOKEN_NOT unary .)
    TOKEN_GE        reduce using rule 145 (unary -> TOKEN_NOT unary .)
    TOKEN_EQ        reduce using rule 145 (unary -> TOKEN_NOT unary .)
    TOKEN_NEQ       reduce using rule 145 (unary -> TOKEN_NOT unary .)
    TOKEN_AMPERSAND reduce using rule 145 (unary -> TOKEN_NOT unary .)
    TOKEN_NAND      reduce using rule 145 (unary -> TOKEN_NOT unary .)
    TOKEN_XOR       reduce using rule 145 (unary -> TOKEN_NOT unary .)
    TOKEN_BIT_OR    reduce using rule 145 (unary -> TOKEN_NOT unary .)
    TOKEN_AND       reduce using rule 145 (unary -> TOKEN_NOT unary .)
    TOKEN_QUESTION  reduce using rule 145 (unary -> TOKEN_NOT unary .)
    TOKEN_OR        reduce using rule 145 (unary -> TOKEN_NOT unary .)
    TOKEN_SEMICOLON reduce using rule 145 (unary -> TOKEN_NOT unary .)
    TOKEN_RBRACKET  reduce using rule 145 (unary -> TOKEN_NOT unary .)
    TOKEN_RPAREN    reduce using rule 145 (unary -> TOKEN_NOT unary .)
    TOKEN_COMMA     reduce using rule 145 (unary -> TOKEN_NOT unary .)
    TOKEN_COLON     reduce using rule 145 (unary -> TOKEN_NOT unary .)
    TOKEN_RBRACE    reduce using rule 145 (unary -> TOKEN_NOT unary .)
    TOKEN_FAT_ARROW reduce using rule 145 (unary -> TOKEN_NOT unary .)


state 134

    (146) unary -> TOKEN_BIT_NOT unary .

    TOKEN_LSHIFT_ASSIGN reduce using rule 146 (unary -> TOKEN_BIT_NOT unary .)
    TOKEN_RSHIFT_ASSIGN reduce using rule 146 (unary -> TOKEN_BIT_NOT unary .)
    TOKEN_ASSIGN    reduce using rule 146 (unary -> TOKEN_BIT_NOT unary .)
    TOKEN_PLUS_EQ   reduce using rule 146 (unary -> TOKEN_BIT_NOT unary .)
    TOKEN_MINUS_EQ  reduce using rule 146 (unary -> TOKEN_BIT_NOT unary .)
    TOKEN_STAR_EQ   reduce using rule 146 (unary -> TOKEN_BIT_NOT unary .)
    TOKEN_SLASH_EQ  reduce using rule 146 (unary -> TOKEN_BIT_NOT unary .)
    TOKEN_MOD_EQ    reduce using rule 146 (unary -> TOKEN_BIT_NOT unary .)
    TOKEN_STAR      reduce using rule 146 (unary -> TOKEN_BIT_NOT unary .)
    TOKEN_SLASH     reduce using rule 146 (unary -> TOKEN_BIT_NOT unary .)
    TOKEN_MOD       reduce using rule 146 (unary -> TOKEN_BIT_NOT unary .)
    TOKEN_PLUS      reduce using rule 146 (unary -> TOKEN_BIT_NOT unary .)
    TOKEN_MINUS     reduce using rule 146 (unary -> TOKEN_BIT_NOT unary .)
    TOKEN_LT        reduce using rule 146 (unary -> TOKEN_BIT_NOT unary .)
    TOKEN_GT        reduce using rule 146 (unary -> TOKEN_BIT_NOT unary .)
    TOKEN_LE        reduce using rule 146 (unary -> TOKEN_BIT_NOT unary .)
    TOKEN_GE        reduce using rule 146 (unary -> TOKEN_BIT_NOT unary .)
    TOKEN_EQ        reduce using rule 146 (unary -> TOKEN_BIT_NOT unary .)
    TOKEN_NEQ       reduce using rule 146 (unary -> TOKEN_BIT_NOT unary .)
    TOKEN_AMPERSAND reduce using rule 146 (unary -> TOKEN_BIT_NOT unary .)
    TOKEN_NAND      reduce using rule 146 (unary -> TOKEN_BIT_NOT unary .)
    TOKEN_XOR       reduce using rule 146 (unary -> TOKEN_BIT_NOT unary .)
    TOKEN_BIT_OR    reduce using rule 146 (unary -> TOKEN_BIT_NOT unary .)
    TOKEN_AND       reduce using rule 146 (unary -> TOKEN_BIT_NOT unary .)
    TOKEN_QUESTION  reduce using rule 146 (unary -> TOKEN_BIT_NOT unary .)
    TOKEN_OR        reduce using rule 146 (unary -> TOKEN_BIT_NOT unary .)
    TOKEN_SEMICOLON reduce using rule 146 (unary -> TOKEN_BIT_NOT unary .)
    TOKEN_RBRACKET  reduce using rule 146 (unary -> TOKEN_BIT_NOT unary .)
    TOKEN_RPAREN    reduce using rule 146 (unary -> TOKEN_BIT_NOT unary .)
    TOKEN_COMMA     reduce using rule 146 (unary -> TOKEN_BIT_NOT unary .)
    TOKEN_COLON     reduce using rule 146 (unary -> TOKEN_BIT_NOT unary .)
    TOKEN_RBRACE    reduce using rule 146 (unary -> TOKEN_BIT_NOT unary .)
    TOKEN_FAT_ARROW reduce using rule 146 (unary -> TOKEN_BIT_NOT unary .)


state 135

    (147) unary -> TOKEN_AMPERSAND unary .

    TOKEN_LSHIFT_ASSIGN reduce using rule 147 (unary -> TOKEN_AMPERSAND unary .)
    TOKEN_RSHIFT_ASSIGN reduce using rule 147 (unary -> TOKEN_AMPERSAND unary .)
    TOKEN_ASSIGN    reduce using rule 147 (unary -> TOKEN_AMPERSAND unary .)
    TOKEN_PLUS_EQ   reduce using rule 147 (unary -> TOKEN_AMPERSAND unary .)
    TOKEN_MINUS_EQ  reduce using rule 147 (unary -> TOKEN_AMPERSAND unary .)
    TOKEN_STAR_EQ   reduce using rule 147 (unary -> TOKEN_AMPERSAND unary .)
    TOKEN_SLASH_EQ  reduce using rule 147 (unary -> TOKEN_AMPERSAND unary .)
    TOKEN_MOD_EQ    reduce using rule 147 (unary -> TOKEN_AMPERSAND unary .)
    TOKEN_STAR      reduce using rule 147 (unary -> TOKEN_AMPERSAND unary .)
    TOKEN_SLASH     reduce using rule 147 (unary -> TOKEN_AMPERSAND unary .)
    TOKEN_MOD       reduce using rule 147 (unary -> TOKEN_AMPERSAND unary .)
    TOKEN_PLUS      reduce using rule 147 (unary -> TOKEN_AMPERSAND unary .)
    TOKEN_MINUS     reduce using rule 147 (unary -> TOKEN_AMPERSAND unary .)
    TOKEN_LT        reduce using rule 147 (unary -> TOKEN_AMPERSAND unary .)
    TOKEN_GT        reduce using rule 147 (unary -> TOKEN_AMPERSAND unary .)
    TOKEN_LE        reduce using rule 147 (unary -> TOKEN_AMPERSAND unary .)
    TOKEN_GE        reduce using rule 147 (unary -> TOKEN_AMPERSAND unary .)
    TOKEN_EQ        reduce using rule 147 (unary -> TOKEN_AMPERSAND unary .)
    TOKEN_NEQ       reduce using rule 147 (unary -> TOKEN_AMPERSAND unary .)
    TOKEN_AMPERSAND reduce using rule 147 (unary -> TOKEN_AMPERSAND unary .)
    TOKEN_NAND      reduce using rule 147 (unary -> TOKEN_AMPERSAND unary .)
    TOKEN_XOR       reduce using rule 147 (unary -> TOKEN_AMPERSAND unary .)
    TOKEN_BIT_OR    reduce using rule 147 (unary -> TOKEN_AMPERSAND unary .)
    TOKEN_AND       reduce using rule 147 (unary -> TOKEN_AMPERSAND unary .)
    TOKEN_QUESTION  reduce using rule 147 (unary -> TOKEN_AMPERSAND unary .)
    TOKEN_OR        reduce using rule 147 (unary -> TOKEN_AMPERSAND unary .)
    TOKEN_SEMICOLON reduce using rule 147 (unary -> TOKEN_AMPERSAND unary .)
    TOKEN_RBRACKET  reduce using rule 147 (unary -> TOKEN_AMPERSAND unary .)
    TOKEN_RPAREN    reduce using rule 147 (unary -> TOKEN_AMPERSAND unary .)
    TOKEN_COMMA     reduce using rule 147 (unary -> TOKEN_AMPERSAND unary .)
    TOKEN_COLON     reduce using rule 147 (unary -> TOKEN_AMPERSAND unary .)
    TOKEN_RBRACE    reduce using rule 147 (unary -> TOKEN_AMPERSAND unary .)
    TOKEN_FAT_ARROW reduce using rule 147 (unary -> TOKEN_AMPERSAND unary .)


state 136

    (148) unary -> TOKEN_STAR unary .

    TOKEN_LSHIFT_ASSIGN reduce using rule 148 (unary -> TOKEN_STAR unary .)
    TOKEN_RSHIFT_ASSIGN reduce using rule 148 (unary -> TOKEN_STAR unary .)
    TOKEN_ASSIGN    reduce using rule 148 (unary -> TOKEN_STAR unary .)
    TOKEN_PLUS_EQ   reduce using rule 148 (unary -> TOKEN_STAR unary .)
    TOKEN_MINUS_EQ  reduce using rule 148 (unary -> TOKEN_STAR unary .)
    TOKEN_STAR_EQ   reduce using rule 148 (unary -> TOKEN_STAR unary .)
    TOKEN_SLASH_EQ  reduce using rule 148 (unary -> TOKEN_STAR unary .)
    TOKEN_MOD_EQ    reduce using rule 148 (unary -> TOKEN_STAR unary .)
    TOKEN_STAR      reduce using rule 148 (unary -> TOKEN_STAR unary .)
    TOKEN_SLASH     reduce using rule 148 (unary -> TOKEN_STAR unary .)
    TOKEN_MOD       reduce using rule 148 (unary -> TOKEN_STAR unary .)
    TOKEN_PLUS      reduce using rule 148 (unary -> TOKEN_STAR unary .)
    TOKEN_MINUS     reduce using rule 148 (unary -> TOKEN_STAR unary .)
    TOKEN_LT        reduce using rule 148 (unary -> TOKEN_STAR unary .)
    TOKEN_GT        reduce using rule 148 (unary -> TOKEN_STAR unary .)
    TOKEN_LE        reduce using rule 148 (unary -> TOKEN_STAR unary .)
    TOKEN_GE        reduce using rule 148 (unary -> TOKEN_STAR unary .)
    TOKEN_EQ        reduce using rule 148 (unary -> TOKEN_STAR unary .)
    TOKEN_NEQ       reduce using rule 148 (unary -> TOKEN_STAR unary .)
    TOKEN_AMPERSAND reduce using rule 148 (unary -> TOKEN_STAR unary .)
    TOKEN_NAND      reduce using rule 148 (unary -> TOKEN_STAR unary .)
    TOKEN_XOR       reduce using rule 148 (unary -> TOKEN_STAR unary .)
    TOKEN_BIT_OR    reduce using rule 148 (unary -> TOKEN_STAR unary .)
    TOKEN_AND       reduce using rule 148 (unary -> TOKEN_STAR unary .)
    TOKEN_QUESTION  reduce using rule 148 (unary -> TOKEN_STAR unary .)
    TOKEN_OR        reduce using rule 148 (unary -> TOKEN_STAR unary .)
    TOKEN_SEMICOLON reduce using rule 148 (unary -> TOKEN_STAR unary .)
    TOKEN_RBRACKET  reduce using rule 148 (unary -> TOKEN_STAR unary .)
    TOKEN_RPAREN    reduce using rule 148 (unary -> TOKEN_STAR unary .)
    TOKEN_COMMA     reduce using rule 148 (unary -> TOKEN_STAR unary .)
    TOKEN_COLON     reduce using rule 148 (unary -> TOKEN_STAR unary .)
    TOKEN_RBRACE    reduce using rule 148 (unary -> TOKEN_STAR unary .)
    TOKEN_FAT_ARROW reduce using rule 148 (unary -> TOKEN_STAR unary .)


state 137

    (149) unary -> TOKEN_KW_AWAIT unary .

    TOKEN_LSHIFT_ASSIGN reduce using rule 149 (unary -> TOKEN_KW_AWAIT unary .)
    TOKEN_RSHIFT_ASSIGN reduce using rule 149 (unary -> TOKEN_KW_AWAIT unary .)
    TOKEN_ASSIGN    reduce using rule 149 (unary -> TOKEN_KW_AWAIT unary .)
    TOKEN_PLUS_EQ   reduce using rule 149 (unary -> TOKEN_KW_AWAIT unary .)
    TOKEN_MINUS_EQ  reduce using rule 149 (unary -> TOKEN_KW_AWAIT unary .)
    TOKEN_STAR_EQ   reduce using rule 149 (unary -> TOKEN_KW_AWAIT unary .)
    TOKEN_SLASH_EQ  reduce using rule 149 (unary -> TOKEN_KW_AWAIT unary .)
    TOKEN_MOD_EQ    reduce using rule 149 (unary -> TOKEN_KW_AWAIT unary .)
    TOKEN_STAR      reduce using rule 149 (unary -> TOKEN_KW_AWAIT unary .)
    TOKEN_SLASH     reduce using rule 149 (unary -> TOKEN_KW_AWAIT unary .)
    TOKEN_MOD       reduce using rule 149 (unary -> TOKEN_KW_AWAIT unary .)
    TOKEN_PLUS      reduce using rule 149 (unary -> TOKEN_KW_AWAIT unary .)
    TOKEN_MINUS     reduce using rule 149 (unary -> TOKEN_KW_AWAIT unary .)
    TOKEN_LT        reduce using rule 149 (unary -> TOKEN_KW_AWAIT unary .)
    TOKEN_GT        reduce using rule 149 (unary -> TOKEN_KW_AWAIT unary .)
    TOKEN_LE        reduce using rule 149 (unary -> TOKEN_KW_AWAIT unary .)
    TOKEN_GE        reduce using rule 149 (unary -> TOKEN_KW_AWAIT unary .)
    TOKEN_EQ        reduce using rule 149 (unary -> TOKEN_KW_AWAIT unary .)
    TOKEN_NEQ       reduce using rule 149 (unary -> TOKEN_KW_AWAIT unary .)
    TOKEN_AMPERSAND reduce using rule 149 (unary -> TOKEN_KW_AWAIT unary .)
    TOKEN_NAND      reduce using rule 149 (unary -> TOKEN_KW_AWAIT unary .)
    TOKEN_XOR       reduce using rule 149 (unary -> TOKEN_KW_AWAIT unary .)
    TOKEN_BIT_OR    reduce using rule 149 (unary -> TOKEN_KW_AWAIT unary .)
    TOKEN_AND       reduce using rule 149 (unary -> TOKEN_KW_AWAIT unary .)
    TOKEN_QUESTION  reduce using rule 149 (unary -> TOKEN_KW_AWAIT unary .)
    TOKEN_OR        reduce using rule 149 (unary -> TOKEN_KW_AWAIT unary .)
    TOKEN_SEMICOLON reduce using rule 149 (unary -> TOKEN_KW_AWAIT unary .)
    TOKEN_RBRACKET  reduce using rule 149 (unary -> TOKEN_KW_AWAIT unary .)
    TOKEN_RPAREN    reduce using rule 149 (unary -> TOKEN_KW_AWAIT unary .)
    TOKEN_COMMA     reduce using rule 149 (unary -> TOKEN_KW_AWAIT unary .)
    TOKEN_COLON     reduce using rule 149 (unary -> TOKEN_KW_AWAIT unary .)
    TOKEN_RBRACE    reduce using rule 149 (unary -> TOKEN_KW_AWAIT unary .)
    TOKEN_FAT_ARROW reduce using rule 149 (unary -> TOKEN_KW_AWAIT unary .)


state 138

    (152) postfix -> postfix TOKEN_LPAREN . arg_list TOKEN_RPAREN
    (165) arg_list -> . arg_list_nonempty
    (166) arg_list -> .
    (167) arg_list_nonempty -> . expr
    (168) arg_list_nonempty -> . arg_list_nonempty TOKEN_COMMA expr
    (113) expr -> . assignment
    (159) expr -> . TOKEN_KW_CAST type TOKEN_ARROW expr
    (3) assignment -> . unary TOKEN_LSHIFT_ASSIGN assignment
    (14) assignment -> . unary TOKEN_RSHIFT_ASSIGN assignment
    (131) assignment -> . ternary
    (142) assignment -> . unary TOKEN_ASSIGN assignment
    (153) assignment -> . unary TOKEN_PLUS_EQ assignment
    (164) assignment -> . unary TOKEN_MINUS_EQ assignment
    (175) assignment -> . unary TOKEN_STAR_EQ assignment
    (186) assignment -> . unary TOKEN_SLASH_EQ assignment
    (197) assignment -> . unary TOKEN_MOD_EQ assignment
    (143) unary -> . TOKEN_PLUS unary
    (144) unary -> . TOKEN_MINUS unary
    (145) unary -> . TOKEN_NOT unary
    (146) unary -> . TOKEN_BIT_NOT unary
    (147) unary -> . TOKEN_AMPERSAND unary
    (148) unary -> . TOKEN_STAR unary
    (149) unary -> . TOKEN_KW_AWAIT unary
    (150) unary -> . postfix
    (25) ternary -> . logical_or
    (36) ternary -> . logical_or TOKEN_QUESTION expr TOKEN_COLON ternary
    (151) postfix -> . primary
    (152) postfix -> . postfix TOKEN_LPAREN arg_list TOKEN_RPAREN
    (154) postfix -> . postfix TOKEN_LBRACKET expr TOKEN_RBRACKET
    (155) postfix -> . postfix TOKEN_DOT TOKEN_IDENTIFIER
    (156) postfix -> . postfix TOKEN_SCOPE_RES TOKEN_IDENTIFIER
    (157) postfix -> . postfix TOKEN_ARROW TOKEN_IDENTIFIER
    (158) postfix -> . postfix TOKEN_LEFT_ARROW TOKEN_IDENTIFIER
    (47) logical_or -> . logical_and
    (58) logical_or -> . logical_or TOKEN_OR logical_and
    (160) primary -> . TOKEN_IDENTIFIER
    (161) primary -> . factor
    (162) primary -> . TOKEN_LPAREN expr TOKEN_RPAREN
    (163) primary -> . TOKEN_KW_NULL
    (69) logical_and -> . bit_or
    (80) logical_and -> . logical_and TOKEN_AND bit_or
    (54) factor -> . TOKEN_INT_LITERAL
    (55) factor -> . TOKEN_FLOAT_LITERAL
    (56) factor -> . TOKEN_CHAR_LITERAL
    (57) factor -> . TOKEN_STRING_LITERAL
    (59) factor -> . TOKEN_BOOL_LITERAL
    (91) bit_or -> . xor
    (102) bit_or -> . bit_or TOKEN_BIT_OR xor
    (114) xor -> . bit_and
    (122) xor -> . xor TOKEN_XOR bit_and
    (123) bit_and -> . equality
    (124) bit_and -> . bit_and TOKEN_AMPERSAND equality
    (125) bit_and -> . bit_and TOKEN_NAND equality
    (126) equality -> . relational
    (127) equality -> . equality TOKEN_EQ relational
    (128) equality -> . equality TOKEN_NEQ relational
    (129) relational -> . additive
    (130) relational -> . relational TOKEN_LT additive
    (132) relational -> . relational TOKEN_GT additive
    (133) relational -> . relational TOKEN_LE additive
    (134) relational -> . relational TOKEN_GE additive
    (135) additive -> . multiplicative
    (136) additive -> . additive TOKEN_PLUS multiplicative
    (137) additive -> . additive TOKEN_MINUS multiplicative
    (138) multiplicative -> . unary
    (139) multiplicative -> . multiplicative TOKEN_STAR unary
    (140) multiplicative -> . multiplicative TOKEN_SLASH unary
    (141) multiplicative -> . multiplicative TOKEN_MOD unary

    TOKEN_RPAREN    reduce using rule 166 (arg_list -> .)
    TOKEN_KW_CAST   shift and go to state 75
    TOKEN_PLUS      shift and go to state 78
    TOKEN_MINUS     shift and go to state 79
    TOKEN_NOT       shift and go to state 80
    TOKEN_BIT_NOT   shift and go to state 81
    TOKEN_AMPERSAND shift and go to state 82
    TOKEN_STAR      shift and go to state 83
    TOKEN_KW_AWAIT  shift and go to state 84
    TOKEN_IDENTIFIER shift and go to state 72
    TOKEN_LPAREN    shift and go to state 88
    TOKEN_KW_NULL   shift and go to state 91
    TOKEN_INT_LITERAL shift and go to state 93
    TOKEN_FLOAT_LITERAL shift and go to state 94
    TOKEN_CHAR_LITERAL shift and go to state 95
    TOKEN_STRING_LITERAL shift and go to state 96
    TOKEN_BOOL_LITERAL shift and go to state 97

    postfix                        shift and go to state 85
    arg_list                       shift and go to state 188
    arg_list_nonempty              shift and go to state 189
    expr                           shift and go to state 190
    assignment                     shift and go to state 74
    unary                          shift and go to state 76
    ternary                        shift and go to state 77
    logical_or                     shift and go to state 86
    primary                        shift and go to state 87
    logical_and                    shift and go to state 89
    factor                         shift and go to state 90
    bit_or                         shift and go to state 92
    xor                            shift and go to state 98
    bit_and                        shift and go to state 99
    equality                       shift and go to state 100
    relational                     shift and go to state 101
    additive                       shift and go to state 102
    multiplicative                 shift and go to state 103

state 139

    (154) postfix -> postfix TOKEN_LBRACKET . expr TOKEN_RBRACKET
    (113) expr -> . assignment
    (159) expr -> . TOKEN_KW_CAST type TOKEN_ARROW expr
    (3) assignment -> . unary TOKEN_LSHIFT_ASSIGN assignment
    (14) assignment -> . unary TOKEN_RSHIFT_ASSIGN assignment
    (131) assignment -> . ternary
    (142) assignment -> . unary TOKEN_ASSIGN assignment
    (153) assignment -> . unary TOKEN_PLUS_EQ assignment
    (164) assignment -> . unary TOKEN_MINUS_EQ assignment
    (175) assignment -> . unary TOKEN_STAR_EQ assignment
    (186) assignment -> . unary TOKEN_SLASH_EQ assignment
    (197) assignment -> . unary TOKEN_MOD_EQ assignment
    (143) unary -> . TOKEN_PLUS unary
    (144) unary -> . TOKEN_MINUS unary
    (145) unary -> . TOKEN_NOT unary
    (146) unary -> . TOKEN_BIT_NOT unary
    (147) unary -> . TOKEN_AMPERSAND unary
    (148) unary -> . TOKEN_STAR unary
    (149) unary -> . TOKEN_KW_AWAIT unary
    (150) unary -> . postfix
    (25) ternary -> . logical_or
    (36) ternary -> . logical_or TOKEN_QUESTION expr TOKEN_COLON ternary
    (151) postfix -> . primary
    (152) postfix -> . postfix TOKEN_LPAREN arg_list TOKEN_RPAREN
    (154) postfix -> . postfix TOKEN_LBRACKET expr TOKEN_RBRACKET
    (155) postfix -> . postfix TOKEN_DOT TOKEN_IDENTIFIER
    (156) postfix -> . postfix TOKEN_SCOPE_RES TOKEN_IDENTIFIER
    (157) postfix -> . postfix TOKEN_ARROW TOKEN_IDENTIFIER
    (158) postfix -> . postfix TOKEN_LEFT_ARROW TOKEN_IDENTIFIER
    (47) logical_or -> . logical_and
    (58) logical_or -> . logical_or TOKEN_OR logical_and
    (160) primary -> . TOKEN_IDENTIFIER
    (161) primary -> . factor
    (162) primary -> . TOKEN_LPAREN expr TOKEN_RPAREN
    (163) primary -> . TOKEN_KW_NULL
    (69) logical_and -> . bit_or
    (80) logical_and -> . logical_and TOKEN_AND bit_or
    (54) factor -> . TOKEN_INT_LITERAL
    (55) factor -> . TOKEN_FLOAT_LITERAL
    (56) factor -> . TOKEN_CHAR_LITERAL
    (57) factor -> . TOKEN_STRING_LITERAL
    (59) factor -> . TOKEN_BOOL_LITERAL
    (91) bit_or -> . xor
    (102) bit_or -> . bit_or TOKEN_BIT_OR xor
    (114) xor -> . bit_and
    (122) xor -> . xor TOKEN_XOR bit_and
    (123) bit_and -> . equality
    (124) bit_and -> . bit_and TOKEN_AMPERSAND equality
    (125) bit_and -> . bit_and TOKEN_NAND equality
    (126) equality -> . relational
    (127) equality -> . equality TOKEN_EQ relational
    (128) equality -> . equality TOKEN_NEQ relational
    (129) relational -> . additive
    (130) relational -> . relational TOKEN_LT additive
    (132) relational -> . relational TOKEN_GT additive
    (133) relational -> . relational TOKEN_LE additive
    (134) relational -> . relational TOKEN_GE additive
    (135) additive -> . multiplicative
    (136) additive -> . additive TOKEN_PLUS multiplicative
    (137) additive -> . additive TOKEN_MINUS multiplicative
    (138) multiplicative -> . unary
    (139) multiplicative -> . multiplicative TOKEN_STAR unary
    (140) multiplicative -> . multiplicative TOKEN_SLASH unary
    (141) multiplicative -> . multiplicative TOKEN_MOD unary

    TOKEN_KW_CAST   shift and go to state 75
    TOKEN_PLUS      shift and go to state 78
    TOKEN_MINUS     shift and go to state 79
    TOKEN_NOT       shift and go to state 80
    TOKEN_BIT_NOT   shift and go to state 81
    TOKEN_AMPERSAND shift and go to state 82
    TOKEN_STAR      shift and go to state 83
    TOKEN_KW_AWAIT  shift and go to state 84
    TOKEN_IDENTIFIER shift and go to state 72
    TOKEN_LPAREN    shift and go to state 88
    TOKEN_KW_NULL   shift and go to state 91
    TOKEN_INT_LITERAL shift and go to state 93
    TOKEN_FLOAT_LITERAL shift and go to state 94
    TOKEN_CHAR_LITERAL shift and go to state 95
    TOKEN_STRING_LITERAL shift and go to state 96
    TOKEN_BOOL_LITERAL shift and go to state 97

    postfix                        shift and go to state 85
    expr                           shift and go to state 191
    assignment                     shift and go to state 74
    unary                          shift and go to state 76
    ternary                        shift and go to state 77
    logical_or                     shift and go to state 86
    primary                        shift and go to state 87
    logical_and                    shift and go to state 89
    factor                         shift and go to state 90
    bit_or                         shift and go to state 92
    xor                            shift and go to state 98
    bit_and                        shift and go to state 99
    equality                       shift and go to state 100
    relational                     shift and go to state 101
    additive                       shift and go to state 102
    multiplicative                 shift and go to state 103

state 140

    (155) postfix -> postfix TOKEN_DOT . TOKEN_IDENTIFIER

    TOKEN_IDENTIFIER shift and go to state 192


state 141

    (156) postfix -> postfix TOKEN_SCOPE_RES . TOKEN_IDENTIFIER

    TOKEN_IDENTIFIER shift and go to state 193


state 142

    (157) postfix -> postfix TOKEN_ARROW . TOKEN_IDENTIFIER

    TOKEN_IDENTIFIER shift and go to state 194


state 143

    (158) postfix -> postfix TOKEN_LEFT_ARROW . TOKEN_IDENTIFIER

    TOKEN_IDENTIFIER shift and go to state 195


state 144

    (36) ternary -> logical_or TOKEN_QUESTION . expr TOKEN_COLON ternary
    (113) expr -> . assignment
    (159) expr -> . TOKEN_KW_CAST type TOKEN_ARROW expr
    (3) assignment -> . unary TOKEN_LSHIFT_ASSIGN assignment
    (14) assignment -> . unary TOKEN_RSHIFT_ASSIGN assignment
    (131) assignment -> . ternary
    (142) assignment -> . unary TOKEN_ASSIGN assignment
    (153) assignment -> . unary TOKEN_PLUS_EQ assignment
    (164) assignment -> . unary TOKEN_MINUS_EQ assignment
    (175) assignment -> . unary TOKEN_STAR_EQ assignment
    (186) assignment -> . unary TOKEN_SLASH_EQ assignment
    (197) assignment -> . unary TOKEN_MOD_EQ assignment
    (143) unary -> . TOKEN_PLUS unary
    (144) unary -> . TOKEN_MINUS unary
    (145) unary -> . TOKEN_NOT unary
    (146) unary -> . TOKEN_BIT_NOT unary
    (147) unary -> . TOKEN_AMPERSAND unary
    (148) unary -> . TOKEN_STAR unary
    (149) unary -> . TOKEN_KW_AWAIT unary
    (150) unary -> . postfix
    (25) ternary -> . logical_or
    (36) ternary -> . logical_or TOKEN_QUESTION expr TOKEN_COLON ternary
    (151) postfix -> . primary
    (152) postfix -> . postfix TOKEN_LPAREN arg_list TOKEN_RPAREN
    (154) postfix -> . postfix TOKEN_LBRACKET expr TOKEN_RBRACKET
    (155) postfix -> . postfix TOKEN_DOT TOKEN_IDENTIFIER
    (156) postfix -> . postfix TOKEN_SCOPE_RES TOKEN_IDENTIFIER
    (157) postfix -> . postfix TOKEN_ARROW TOKEN_IDENTIFIER
    (158) postfix -> . postfix TOKEN_LEFT_ARROW TOKEN_IDENTIFIER
    (47) logical_or -> . logical_and
    (58) logical_or -> . logical_or TOKEN_OR logical_and
    (160) primary -> . TOKEN_IDENTIFIER
    (161) primary -> . factor
    (162) primary -> . TOKEN_LPAREN expr TOKEN_RPAREN
    (163) primary -> . TOKEN_KW_NULL
    (69) logical_and -> . bit_or
    (80) logical_and -> . logical_and TOKEN_AND bit_or
    (54) factor -> . TOKEN_INT_LITERAL
    (55) factor -> . TOKEN_FLOAT_LITERAL
    (56) factor -> . TOKEN_CHAR_LITERAL
    (57) factor -> . TOKEN_STRING_LITERAL
    (59) factor -> . TOKEN_BOOL_LITERAL
    (91) bit_or -> . xor
    (102) bit_or -> . bit_or TOKEN_BIT_OR xor
    (114) xor -> . bit_and
    (122) xor -> . xor TOKEN_XOR bit_and
    (123) bit_and -> . equality
    (124) bit_and -> . bit_and TOKEN_AMPERSAND equality
    (125) bit_and -> . bit_and TOKEN_NAND equality
    (126) equality -> . relational
    (127) equality -> . equality TOKEN_EQ relational
    (128) equality -> . equality TOKEN_NEQ relational
    (129) relational -> . additive
    (130) relational -> . relational TOKEN_LT additive
    (132) relational -> . relational TOKEN_GT additive
    (133) relational -> . relational TOKEN_LE additive
    (134) relational -> . relational TOKEN_GE additive
    (135) additive -> . multiplicative
    (136) additive -> . additive TOKEN_PLUS multiplicative
    (137) additive -> . additive TOKEN_MINUS multiplicative
    (138) multiplicative -> . unary
    (139) multiplicative -> . multiplicative TOKEN_STAR unary
    (140) multiplicative -> . multiplicative TOKEN_SLASH unary
    (141) multiplicative -> . multiplicative TOKEN_MOD unary

    TOKEN_KW_CAST   shift and go to state 75
    TOKEN_PLUS      shift and go to state 78
    TOKEN_MINUS     shift and go to state 79
    TOKEN_NOT       shift and go to state 80
    TOKEN_BIT_NOT   shift and go to state 81
    TOKEN_AMPERSAND shift and go to state 82
    TOKEN_STAR      shift and go to state 83
    TOKEN_KW_AWAIT  shift and go to state 84
    TOKEN_IDENTIFIER shift and go to state 72
    TOKEN_LPAREN    shift and go to state 88
    TOKEN_KW_NULL   shift and go to state 91
    TOKEN_INT_LITERAL shift and go to state 93
    TOKEN_FLOAT_LITERAL shift and go to state 94
    TOKEN_CHAR_LITERAL shift and go to state 95
    TOKEN_STRING_LITERAL shift and go to state 96
    TOKEN_BOOL_LITERAL shift and go to state 97

    logical_or                     shift and go to state 86
    expr                           shift and go to state 196
    ternary                        shift and go to state 77
    assignment                     shift and go to state 74
    unary                          shift and go to state 76
    postfix                        shift and go to state 85
    primary                        shift and go to state 87
    logical_and                    shift and go to state 89
    factor                         shift and go to state 90
    bit_or                         shift and go to state 92
    xor                            shift and go to state 98
    bit_and                        shift and go to state 99
    equality                       shift and go to state 100
    relational                     shift and go to state 101
    additive                       shift and go to state 102
    multiplicative                 shift and go to state 103

state 145

    (58) logical_or -> logical_or TOKEN_OR . logical_and
    (69) logical_and -> . bit_or
    (80) logical_and -> . logical_and TOKEN_AND bit_or
    (91) bit_or -> . xor
    (102) bit_or -> . bit_or TOKEN_BIT_OR xor
    (114) xor -> . bit_and
    (122) xor -> . xor TOKEN_XOR bit_and
    (123) bit_and -> . equality
    (124) bit_and -> . bit_and TOKEN_AMPERSAND equality
    (125) bit_and -> . bit_and TOKEN_NAND equality
    (126) equality -> . relational
    (127) equality -> . equality TOKEN_EQ relational
    (128) equality -> . equality TOKEN_NEQ relational
    (129) relational -> . additive
    (130) relational -> . relational TOKEN_LT additive
    (132) relational -> . relational TOKEN_GT additive
    (133) relational -> . relational TOKEN_LE additive
    (134) relational -> . relational TOKEN_GE additive
    (135) additive -> . multiplicative
    (136) additive -> . additive TOKEN_PLUS multiplicative
    (137) additive -> . additive TOKEN_MINUS multiplicative
    (138) multiplicative -> . unary
    (139) multiplicative -> . multiplicative TOKEN_STAR unary
    (140) multiplicative -> . multiplicative TOKEN_SLASH unary
    (141) multiplicative -> . multiplicative TOKEN_MOD unary
    (143) unary -> . TOKEN_PLUS unary
    (144) unary -> . TOKEN_MINUS unary
    (145) unary -> . TOKEN_NOT unary
    (146) unary -> . TOKEN_BIT_NOT unary
    (147) unary -> . TOKEN_AMPERSAND unary
    (148) unary -> . TOKEN_STAR unary
    (149) unary -> . TOKEN_KW_AWAIT unary
    (150) unary -> . postfix
    (151) postfix -> . primary
    (152) postfix -> . postfix TOKEN_LPAREN arg_list TOKEN_RPAREN
    (154) postfix -> . postfix TOKEN_LBRACKET expr TOKEN_RBRACKET
    (155) postfix -> . postfix TOKEN_DOT TOKEN_IDENTIFIER
    (156) postfix -> . postfix TOKEN_SCOPE_RES TOKEN_IDENTIFIER
    (157) postfix -> . postfix TOKEN_ARROW TOKEN_IDENTIFIER
    (158) postfix -> . postfix TOKEN_LEFT_ARROW TOKEN_IDENTIFIER
    (160) primary -> . TOKEN_IDENTIFIER
    (161) primary -> . factor
    (162) primary -> . TOKEN_LPAREN expr TOKEN_RPAREN
    (163) primary -> . TOKEN_KW_NULL
    (54) factor -> . TOKEN_INT_LITERAL
    (55) factor -> . TOKEN_FLOAT_LITERAL
    (56) factor -> . TOKEN_CHAR_LITERAL
    (57) factor -> . TOKEN_STRING_LITERAL
    (59) factor -> . TOKEN_BOOL_LITERAL

    TOKEN_PLUS      shift and go to state 78
    TOKEN_MINUS     shift and go to state 79
    TOKEN_NOT       shift and go to state 80
    TOKEN_BIT_NOT   shift and go to state 81
    TOKEN_AMPERSAND shift and go to state 82
    TOKEN_STAR      shift and go to state 83
    TOKEN_KW_AWAIT  shift and go to state 84
    TOKEN_IDENTIFIER shift and go to state 72
    TOKEN_LPAREN    shift and go to state 88
    TOKEN_KW_NULL   shift and go to state 91
    TOKEN_INT_LITERAL shift and go to state 93
    TOKEN_FLOAT_LITERAL shift and go to state 94
    TOKEN_CHAR_LITERAL shift and go to state 95
    TOKEN_STRING_LITERAL shift and go to state 96
    TOKEN_BOOL_LITERAL shift and go to state 97

    logical_and                    shift and go to state 197
    bit_or                         shift and go to state 92
    xor                            shift and go to state 98
    bit_and                        shift and go to state 99
    equality                       shift and go to state 100
    relational                     shift and go to state 101
    additive                       shift and go to state 102
    multiplicative                 shift and go to state 103
    unary                          shift and go to state 198
    postfix                        shift and go to state 85
    primary                        shift and go to state 87
    factor                         shift and go to state 90

state 146

    (162) primary -> TOKEN_LPAREN expr . TOKEN_RPAREN

    TOKEN_RPAREN    shift and go to state 199


state 147

    (80) logical_and -> logical_and TOKEN_AND . bit_or
    (91) bit_or -> . xor
    (102) bit_or -> . bit_or TOKEN_BIT_OR xor
    (114) xor -> . bit_and
    (122) xor -> . xor TOKEN_XOR bit_and
    (123) bit_and -> . equality
    (124) bit_and -> . bit_and TOKEN_AMPERSAND equality
    (125) bit_and -> . bit_and TOKEN_NAND equality
    (126) equality -> . relational
    (127) equality -> . equality TOKEN_EQ relational
    (128) equality -> . equality TOKEN_NEQ relational
    (129) relational -> . additive
    (130) relational -> . relational TOKEN_LT additive
    (132) relational -> . relational TOKEN_GT additive
    (133) relational -> . relational TOKEN_LE additive
    (134) relational -> . relational TOKEN_GE additive
    (135) additive -> . multiplicative
    (136) additive -> . additive TOKEN_PLUS multiplicative
    (137) additive -> . additive TOKEN_MINUS multiplicative
    (138) multiplicative -> . unary
    (139) multiplicative -> . multiplicative TOKEN_STAR unary
    (140) multiplicative -> . multiplicative TOKEN_SLASH unary
    (141) multiplicative -> . multiplicative TOKEN_MOD unary
    (143) unary -> . TOKEN_PLUS unary
    (144) unary -> . TOKEN_MINUS unary
    (145) unary -> . TOKEN_NOT unary
    (146) unary -> . TOKEN_BIT_NOT unary
    (147) unary -> . TOKEN_AMPERSAND unary
    (148) unary -> . TOKEN_STAR unary
    (149) unary -> . TOKEN_KW_AWAIT unary
    (150) unary -> . postfix
    (151) postfix -> . primary
    (152) postfix -> . postfix TOKEN_LPAREN arg_list TOKEN_RPAREN
    (154) postfix -> . postfix TOKEN_LBRACKET expr TOKEN_RBRACKET
    (155) postfix -> . postfix TOKEN_DOT TOKEN_IDENTIFIER
    (156) postfix -> . postfix TOKEN_SCOPE_RES TOKEN_IDENTIFIER
    (157) postfix -> . postfix TOKEN_ARROW TOKEN_IDENTIFIER
    (158) postfix -> . postfix TOKEN_LEFT_ARROW TOKEN_IDENTIFIER
    (160) primary -> . TOKEN_IDENTIFIER
    (161) primary -> . factor
    (162) primary -> . TOKEN_LPAREN expr TOKEN_RPAREN
    (163) primary -> . TOKEN_KW_NULL
    (54) factor -> . TOKEN_INT_LITERAL
    (55) factor -> . TOKEN_FLOAT_LITERAL
    (56) factor -> . TOKEN_CHAR_LITERAL
    (57) factor -> . TOKEN_STRING_LITERAL
    (59) factor -> . TOKEN_BOOL_LITERAL

    TOKEN_PLUS      shift and go to state 78
    TOKEN_MINUS     shift and go to state 79
    TOKEN_NOT       shift and go to state 80
    TOKEN_BIT_NOT   shift and go to state 81
    TOKEN_AMPERSAND shift and go to state 82
    TOKEN_STAR      shift and go to state 83
    TOKEN_KW_AWAIT  shift and go to state 84
    TOKEN_IDENTIFIER shift and go to state 72
    TOKEN_LPAREN    shift and go to state 88
    TOKEN_KW_NULL   shift and go to state 91
    TOKEN_INT_LITERAL shift and go to state 93
    TOKEN_FLOAT_LITERAL shift and go to state 94
    TOKEN_CHAR_LITERAL shift and go to state 95
    TOKEN_STRING_LITERAL shift and go to state 96
    TOKEN_BOOL_LITERAL shift and go to state 97

    bit_or                         shift and go to state 200
    xor                            shift and go to state 98
    bit_and                        shift and go to state 99
    equality                       shift and go to state 100
    relational                     shift and go to state 101
    additive                       shift and go to state 102
    multiplicative                 shift and go to state 103
    unary                          shift and go to state 198
    postfix                        shift and go to state 85
    primary                        shift and go to state 87
    factor                         shift and go to state 90

state 148

    (102) bit_or -> bit_or TOKEN_BIT_OR . xor
    (114) xor -> . bit_and
    (122) xor -> . xor TOKEN_XOR bit_and
    (123) bit_and -> . equality
    (124) bit_and -> . bit_and TOKEN_AMPERSAND equality
    (125) bit_and -> . bit_and TOKEN_NAND equality
    (126) equality -> . relational
    (127) equality -> . equality TOKEN_EQ relational
    (128) equality -> . equality TOKEN_NEQ relational
    (129) relational -> . additive
    (130) relational -> . relational TOKEN_LT additive
    (132) relational -> . relational TOKEN_GT additive
    (133) relational -> . relational TOKEN_LE additive
    (134) relational -> . relational TOKEN_GE additive
    (135) additive -> . multiplicative
    (136) additive -> . additive TOKEN_PLUS multiplicative
    (137) additive -> . additive TOKEN_MINUS multiplicative
    (138) multiplicative -> . unary
    (139) multiplicative -> . multiplicative TOKEN_STAR unary
    (140) multiplicative -> . multiplicative TOKEN_SLASH unary
    (141) multiplicative -> . multiplicative TOKEN_MOD unary
    (143) unary -> . TOKEN_PLUS unary
    (144) unary -> . TOKEN_MINUS unary
    (145) unary -> . TOKEN_NOT unary
    (146) unary -> . TOKEN_BIT_NOT unary
    (147) unary -> . TOKEN_AMPERSAND unary
    (148) unary -> . TOKEN_STAR unary
    (149) unary -> . TOKEN_KW_AWAIT unary
    (150) unary -> . postfix
    (151) postfix -> . primary
    (152) postfix -> . postfix TOKEN_LPAREN arg_list TOKEN_RPAREN
    (154) postfix -> . postfix TOKEN_LBRACKET expr TOKEN_RBRACKET
    (155) postfix -> . postfix TOKEN_DOT TOKEN_IDENTIFIER
    (156) postfix -> . postfix TOKEN_SCOPE_RES TOKEN_IDENTIFIER
    (157) postfix -> . postfix TOKEN_ARROW TOKEN_IDENTIFIER
    (158) postfix -> . postfix TOKEN_LEFT_ARROW TOKEN_IDENTIFIER
    (160) primary -> . TOKEN_IDENTIFIER
    (161) primary -> . factor
    (162) primary -> . TOKEN_LPAREN expr TOKEN_RPAREN
    (163) primary -> . TOKEN_KW_NULL
    (54) factor -> . TOKEN_INT_LITERAL
    (55) factor -> . TOKEN_FLOAT_LITERAL
    (56) factor -> . TOKEN_CHAR_LITERAL
    (57) factor -> . TOKEN_STRING_LITERAL
    (59) factor -> . TOKEN_BOOL_LITERAL

    TOKEN_PLUS      shift and go to state 78
    TOKEN_MINUS     shift and go to state 79
    TOKEN_NOT       shift and go to state 80
    TOKEN_BIT_NOT   shift and go to state 81
    TOKEN_AMPERSAND shift and go to state 82
    TOKEN_STAR      shift and go to state 83
    TOKEN_KW_AWAIT  shift and go to state 84
    TOKEN_IDENTIFIER shift and go to state 72
    TOKEN_LPAREN    shift and go to state 88
    TOKEN_KW_NULL   shift and go to state 91
    TOKEN_INT_LITERAL shift and go to state 93
    TOKEN_FLOAT_LITERAL shift and go to state 94
    TOKEN_CHAR_LITERAL shift and go to state 95
    TOKEN_STRING_LITERAL shift and go to state 96
    TOKEN_BOOL_LITERAL shift and go to state 97

    xor                            shift and go to state 201
    bit_and                        shift and go to state 99
    equality                       shift and go to state 100
    relational                     shift and go to state 101
    additive                       shift and go to state 102
    multiplicative                 shift and go to state 103
    unary                          shift and go to state 198
    postfix                        shift and go to state 85
    primary                        shift and go to state 87
    factor                         shift and go to state 90

state 149

    (122) xor -> xor TOKEN_XOR . bit_and
    (123) bit_and -> . equality
    (124) bit_and -> . bit_and TOKEN_AMPERSAND equality
    (125) bit_and -> . bit_and TOKEN_NAND equality
    (126) equality -> . relational
    (127) equality -> . equality TOKEN_EQ relational
    (128) equality -> . equality TOKEN_NEQ relational
    (129) relational -> . additive
    (130) relational -> . relational TOKEN_LT additive
    (132) relational -> . relational TOKEN_GT additive
    (133) relational -> . relational TOKEN_LE additive
    (134) relational -> . relational TOKEN_GE additive
    (135) additive -> . multiplicative
    (136) additive -> . additive TOKEN_PLUS multiplicative
    (137) additive -> . additive TOKEN_MINUS multiplicative
    (138) multiplicative -> . unary
    (139) multiplicative -> . multiplicative TOKEN_STAR unary
    (140) multiplicative -> . multiplicative TOKEN_SLASH unary
    (141) multiplicative -> . multiplicative TOKEN_MOD unary
    (143) unary -> . TOKEN_PLUS unary
    (144) unary -> . TOKEN_MINUS unary
    (145) unary -> . TOKEN_NOT unary
    (146) unary -> . TOKEN_BIT_NOT unary
    (147) unary -> . TOKEN_AMPERSAND unary
    (148) unary -> . TOKEN_STAR unary
    (149) unary -> . TOKEN_KW_AWAIT unary
    (150) unary -> . postfix
    (151) postfix -> . primary
    (152) postfix -> . postfix TOKEN_LPAREN arg_list TOKEN_RPAREN
    (154) postfix -> . postfix TOKEN_LBRACKET expr TOKEN_RBRACKET
    (155) postfix -> . postfix TOKEN_DOT TOKEN_IDENTIFIER
    (156) postfix -> . postfix TOKEN_SCOPE_RES TOKEN_IDENTIFIER
    (157) postfix -> . postfix TOKEN_ARROW TOKEN_IDENTIFIER
    (158) postfix -> . postfix TOKEN_LEFT_ARROW TOKEN_IDENTIFIER
    (160) primary -> . TOKEN_IDENTIFIER
    (161) primary -> . factor
    (162) primary -> . TOKEN_LPAREN expr TOKEN_RPAREN
    (163) primary -> . TOKEN_KW_NULL
    (54) factor -> . TOKEN_INT_LITERAL
    (55) factor -> . TOKEN_FLOAT_LITERAL
    (56) factor -> . TOKEN_CHAR_LITERAL
    (57) factor -> . TOKEN_STRING_LITERAL
    (59) factor -> . TOKEN_BOOL_LITERAL

    TOKEN_PLUS      shift and go to state 78
    TOKEN_MINUS     shift and go to state 79
    TOKEN_NOT       shift and go to state 80
    TOKEN_BIT_NOT   shift and go to state 81
    TOKEN_AMPERSAND shift and go to state 82
    TOKEN_STAR      shift and go to state 83
    TOKEN_KW_AWAIT  shift and go to state 84
    TOKEN_IDENTIFIER shift and go to state 72
    TOKEN_LPAREN    shift and go to state 88
    TOKEN_KW_NULL   shift and go to state 91
    TOKEN_INT_LITERAL shift and go to state 93
    TOKEN_FLOAT_LITERAL shift and go to state 94
    TOKEN_CHAR_LITERAL shift and go to state 95
    TOKEN_STRING_LITERAL shift and go to state 96
    TOKEN_BOOL_LITERAL shift and go to state 97

    bit_and                        shift and go to state 202
    equality                       shift and go to state 100
    relational                     shift and go to state 101
    additive                       shift and go to state 102
    multiplicative                 shift and go to state 103
    unary                          shift and go to state 198
    postfix                        shift and go to state 85
    primary                        shift and go to state 87
    factor                         shift and go to state 90

state 150

    (124) bit_and -> bit_and TOKEN_AMPERSAND . equality
    (126) equality -> . relational
    (127) equality -> . equality TOKEN_EQ relational
    (128) equality -> . equality TOKEN_NEQ relational
    (129) relational -> . additive
    (130) relational -> . relational TOKEN_LT additive
    (132) relational -> . relational TOKEN_GT additive
    (133) relational -> . relational TOKEN_LE additive
    (134) relational -> . relational TOKEN_GE additive
    (135) additive -> . multiplicative
    (136) additive -> . additive TOKEN_PLUS multiplicative
    (137) additive -> . additive TOKEN_MINUS multiplicative
    (138) multiplicative -> . unary
    (139) multiplicative -> . multiplicative TOKEN_STAR unary
    (140) multiplicative -> . multiplicative TOKEN_SLASH unary
    (141) multiplicative -> . multiplicative TOKEN_MOD unary
    (143) unary -> . TOKEN_PLUS unary
    (144) unary -> . TOKEN_MINUS unary
    (145) unary -> . TOKEN_NOT unary
    (146) unary -> . TOKEN_BIT_NOT unary
    (147) unary -> . TOKEN_AMPERSAND unary
    (148) unary -> . TOKEN_STAR unary
    (149) unary -> . TOKEN_KW_AWAIT unary
    (150) unary -> . postfix
    (151) postfix -> . primary
    (152) postfix -> . postfix TOKEN_LPAREN arg_list TOKEN_RPAREN
    (154) postfix -> . postfix TOKEN_LBRACKET expr TOKEN_RBRACKET
    (155) postfix -> . postfix TOKEN_DOT TOKEN_IDENTIFIER
    (156) postfix -> . postfix TOKEN_SCOPE_RES TOKEN_IDENTIFIER
    (157) postfix -> . postfix TOKEN_ARROW TOKEN_IDENTIFIER
    (158) postfix -> . postfix TOKEN_LEFT_ARROW TOKEN_IDENTIFIER
    (160) primary -> . TOKEN_IDENTIFIER
    (161) primary -> . factor
    (162) primary -> . TOKEN_LPAREN expr TOKEN_RPAREN
    (163) primary -> . TOKEN_KW_NULL
    (54) factor -> . TOKEN_INT_LITERAL
    (55) factor -> . TOKEN_FLOAT_LITERAL
    (56) factor -> . TOKEN_CHAR_LITERAL
    (57) factor -> . TOKEN_STRING_LITERAL
    (59) factor -> . TOKEN_BOOL_LITERAL

    TOKEN_PLUS      shift and go to state 78
    TOKEN_MINUS     shift and go to state 79
    TOKEN_NOT       shift and go to state 80
    TOKEN_BIT_NOT   shift and go to state 81
    TOKEN_AMPERSAND shift and go to state 82
    TOKEN_STAR      shift and go to state 83
    TOKEN_KW_AWAIT  shift and go to state 84
    TOKEN_IDENTIFIER shift and go to state 72
    TOKEN_LPAREN    shift and go to state 88
    TOKEN_KW_NULL   shift and go to state 91
    TOKEN_INT_LITERAL shift and go to state 93
    TOKEN_FLOAT_LITERAL shift and go to state 94
    TOKEN_CHAR_LITERAL shift and go to state 95
    TOKEN_STRING_LITERAL shift and go to state 96
    TOKEN_BOOL_LITERAL shift and go to state 97

    equality                       shift and go to state 203
    relational                     shift and go to state 101
    additive                       shift and go to state 102
    multiplicative                 shift and go to state 103
    unary                          shift and go to state 198
    postfix                        shift and go to state 85
    primary                        shift and go to state 87
    factor                         shift and go to state 90

state 151

    (125) bit_and -> bit_and TOKEN_NAND . equality
    (126) equality -> . relational
    (127) equality -> . equality TOKEN_EQ relational
    (128) equality -> . equality TOKEN_NEQ relational
    (129) relational -> . additive
    (130) relational -> . relational TOKEN_LT additive
    (132) relational -> . relational TOKEN_GT additive
    (133) relational -> . relational TOKEN_LE additive
    (134) relational -> . relational TOKEN_GE additive
    (135) additive -> . multiplicative
    (136) additive -> . additive TOKEN_PLUS multiplicative
    (137) additive -> . additive TOKEN_MINUS multiplicative
    (138) multiplicative -> . unary
    (139) multiplicative -> . multiplicative TOKEN_STAR unary
    (140) multiplicative -> . multiplicative TOKEN_SLASH unary
    (141) multiplicative -> . multiplicative TOKEN_MOD unary
    (143) unary -> . TOKEN_PLUS unary
    (144) unary -> . TOKEN_MINUS unary
    (145) unary -> . TOKEN_NOT unary
    (146) unary -> . TOKEN_BIT_NOT unary
    (147) unary -> . TOKEN_AMPERSAND unary
    (148) unary -> . TOKEN_STAR unary
    (149) unary -> . TOKEN_KW_AWAIT unary
    (150) unary -> . postfix
    (151) postfix -> . primary
    (152) postfix -> . postfix TOKEN_LPAREN arg_list TOKEN_RPAREN
    (154) postfix -> . postfix TOKEN_LBRACKET expr TOKEN_RBRACKET
    (155) postfix -> . postfix TOKEN_DOT TOKEN_IDENTIFIER
    (156) postfix -> . postfix TOKEN_SCOPE_RES TOKEN_IDENTIFIER
    (157) postfix -> . postfix TOKEN_ARROW TOKEN_IDENTIFIER
    (158) postfix -> . postfix TOKEN_LEFT_ARROW TOKEN_IDENTIFIER
    (160) primary -> . TOKEN_IDENTIFIER
    (161) primary -> . factor
    (162) primary -> . TOKEN_LPAREN expr TOKEN_RPAREN
    (163) primary -> . TOKEN_KW_NULL
    (54) factor -> . TOKEN_INT_LITERAL
    (55) factor -> . TOKEN_FLOAT_LITERAL
    (56) factor -> . TOKEN_CHAR_LITERAL
    (57) factor -> . TOKEN_STRING_LITERAL
    (59) factor -> . TOKEN_BOOL_LITERAL

    TOKEN_PLUS      shift and go to state 78
    TOKEN_MINUS     shift and go to state 79
    TOKEN_NOT       shift and go to state 80
    TOKEN_BIT_NOT   shift and go to state 81
    TOKEN_AMPERSAND shift and go to state 82
    TOKEN_STAR      shift and go to state 83
    TOKEN_KW_AWAIT  shift and go to state 84
    TOKEN_IDENTIFIER shift and go to state 72
    TOKEN_LPAREN    shift and go to state 88
    TOKEN_KW_NULL   shift and go to state 91
    TOKEN_INT_LITERAL shift and go to state 93
    TOKEN_FLOAT_LITERAL shift and go to state 94
    TOKEN_CHAR_LITERAL shift and go to state 95
    TOKEN_STRING_LITERAL shift and go to state 96
    TOKEN_BOOL_LITERAL shift and go to state 97

    equality                       shift and go to state 204
    relational                     shift and go to state 101
    additive                       shift and go to state 102
    multiplicative                 shift and go to state 103
    unary                          shift and go to state 198
    postfix                        shift and go to state 85
    primary                        shift and go to state 87
    factor                         shift and go to state 90

state 152

    (127) equality -> equality TOKEN_EQ . relational
    (129) relational -> . additive
    (130) relational -> . relational TOKEN_LT additive
    (132) relational -> . relational TOKEN_GT additive
    (133) relational -> . relational TOKEN_LE additive
    (134) relational -> . relational TOKEN_GE additive
    (135) additive -> . multiplicative
    (136) additive -> . additive TOKEN_PLUS multiplicative
    (137) additive -> . additive TOKEN_MINUS multiplicative
    (138) multiplicative -> . unary
    (139) multiplicative -> . multiplicative TOKEN_STAR unary
    (140) multiplicative -> . multiplicative TOKEN_SLASH unary
    (141) multiplicative -> . multiplicative TOKEN_MOD unary
    (143) unary -> . TOKEN_PLUS unary
    (144) unary -> . TOKEN_MINUS unary
    (145) unary -> . TOKEN_NOT unary
    (146) unary -> . TOKEN_BIT_NOT unary
    (147) unary -> . TOKEN_AMPERSAND unary
    (148) unary -> . TOKEN_STAR unary
    (149) unary -> . TOKEN_KW_AWAIT unary
    (150) unary -> . postfix
    (151) postfix -> . primary
    (152) postfix -> . postfix TOKEN_LPAREN arg_list TOKEN_RPAREN
    (154) postfix -> . postfix TOKEN_LBRACKET expr TOKEN_RBRACKET
    (155) postfix -> . postfix TOKEN_DOT TOKEN_IDENTIFIER
    (156) postfix -> . postfix TOKEN_SCOPE_RES TOKEN_IDENTIFIER
    (157) postfix -> . postfix TOKEN_ARROW TOKEN_IDENTIFIER
    (158) postfix -> . postfix TOKEN_LEFT_ARROW TOKEN_IDENTIFIER
    (160) primary -> . TOKEN_IDENTIFIER
    (161) primary -> . factor
    (162) primary -> . TOKEN_LPAREN expr TOKEN_RPAREN
    (163) primary -> . TOKEN_KW_NULL
    (54) factor -> . TOKEN_INT_LITERAL
    (55) factor -> . TOKEN_FLOAT_LITERAL
    (56) factor -> . TOKEN_CHAR_LITERAL
    (57) factor -> . TOKEN_STRING_LITERAL
    (59) factor -> . TOKEN_BOOL_LITERAL

    TOKEN_PLUS      shift and go to state 78
    TOKEN_MINUS     shift and go to state 79
    TOKEN_NOT       shift and go to state 80
    TOKEN_BIT_NOT   shift and go to state 81
    TOKEN_AMPERSAND shift and go to state 82
    TOKEN_STAR      shift and go to state 83
    TOKEN_KW_AWAIT  shift and go to state 84
    TOKEN_IDENTIFIER shift and go to state 72
    TOKEN_LPAREN    shift and go to state 88
    TOKEN_KW_NULL   shift and go to state 91
    TOKEN_INT_LITERAL shift and go to state 93
    TOKEN_FLOAT_LITERAL shift and go to state 94
    TOKEN_CHAR_LITERAL shift and go to state 95
    TOKEN_STRING_LITERAL shift and go to state 96
    TOKEN_BOOL_LITERAL shift and go to state 97

    relational                     shift and go to state 205
    additive                       shift and go to state 102
    multiplicative                 shift and go to state 103
    unary                          shift and go to state 198
    postfix                        shift and go to state 85
    primary                        shift and go to state 87
    factor                         shift and go to state 90

state 153

    (128) equality -> equality TOKEN_NEQ . relational
    (129) relational -> . additive
    (130) relational -> . relational TOKEN_LT additive
    (132) relational -> . relational TOKEN_GT additive
    (133) relational -> . relational TOKEN_LE additive
    (134) relational -> . relational TOKEN_GE additive
    (135) additive -> . multiplicative
    (136) additive -> . additive TOKEN_PLUS multiplicative
    (137) additive -> . additive TOKEN_MINUS multiplicative
    (138) multiplicative -> . unary
    (139) multiplicative -> . multiplicative TOKEN_STAR unary
    (140) multiplicative -> . multiplicative TOKEN_SLASH unary
    (141) multiplicative -> . multiplicative TOKEN_MOD unary
    (143) unary -> . TOKEN_PLUS unary
    (144) unary -> . TOKEN_MINUS unary
    (145) unary -> . TOKEN_NOT unary
    (146) unary -> . TOKEN_BIT_NOT unary
    (147) unary -> . TOKEN_AMPERSAND unary
    (148) unary -> . TOKEN_STAR unary
    (149) unary -> . TOKEN_KW_AWAIT unary
    (150) unary -> . postfix
    (151) postfix -> . primary
    (152) postfix -> . postfix TOKEN_LPAREN arg_list TOKEN_RPAREN
    (154) postfix -> . postfix TOKEN_LBRACKET expr TOKEN_RBRACKET
    (155) postfix -> . postfix TOKEN_DOT TOKEN_IDENTIFIER
    (156) postfix -> . postfix TOKEN_SCOPE_RES TOKEN_IDENTIFIER
    (157) postfix -> . postfix TOKEN_ARROW TOKEN_IDENTIFIER
    (158) postfix -> . postfix TOKEN_LEFT_ARROW TOKEN_IDENTIFIER
    (160) primary -> . TOKEN_IDENTIFIER
    (161) primary -> . factor
    (162) primary -> . TOKEN_LPAREN expr TOKEN_RPAREN
    (163) primary -> . TOKEN_KW_NULL
    (54) factor -> . TOKEN_INT_LITERAL
    (55) factor -> . TOKEN_FLOAT_LITERAL
    (56) factor -> . TOKEN_CHAR_LITERAL
    (57) factor -> . TOKEN_STRING_LITERAL
    (59) factor -> . TOKEN_BOOL_LITERAL

    TOKEN_PLUS      shift and go to state 78
    TOKEN_MINUS     shift and go to state 79
    TOKEN_NOT       shift and go to state 80
    TOKEN_BIT_NOT   shift and go to state 81
    TOKEN_AMPERSAND shift and go to state 82
    TOKEN_STAR      shift and go to state 83
    TOKEN_KW_AWAIT  shift and go to state 84
    TOKEN_IDENTIFIER shift and go to state 72
    TOKEN_LPAREN    shift and go to state 88
    TOKEN_KW_NULL   shift and go to state 91
    TOKEN_INT_LITERAL shift and go to state 93
    TOKEN_FLOAT_LITERAL shift and go to state 94
    TOKEN_CHAR_LITERAL shift and go to state 95
    TOKEN_STRING_LITERAL shift and go to state 96
    TOKEN_BOOL_LITERAL shift and go to state 97

    relational                     shift and go to state 206
    additive                       shift and go to state 102
    multiplicative                 shift and go to state 103
    unary                          shift and go to state 198
    postfix                        shift and go to state 85
    primary                        shift and go to state 87
    factor                         shift and go to state 90

state 154

    (130) relational -> relational TOKEN_LT . additive
    (135) additive -> . multiplicative
    (136) additive -> . additive TOKEN_PLUS multiplicative
    (137) additive -> . additive TOKEN_MINUS multiplicative
    (138) multiplicative -> . unary
    (139) multiplicative -> . multiplicative TOKEN_STAR unary
    (140) multiplicative -> . multiplicative TOKEN_SLASH unary
    (141) multiplicative -> . multiplicative TOKEN_MOD unary
    (143) unary -> . TOKEN_PLUS unary
    (144) unary -> . TOKEN_MINUS unary
    (145) unary -> . TOKEN_NOT unary
    (146) unary -> . TOKEN_BIT_NOT unary
    (147) unary -> . TOKEN_AMPERSAND unary
    (148) unary -> . TOKEN_STAR unary
    (149) unary -> . TOKEN_KW_AWAIT unary
    (150) unary -> . postfix
    (151) postfix -> . primary
    (152) postfix -> . postfix TOKEN_LPAREN arg_list TOKEN_RPAREN
    (154) postfix -> . postfix TOKEN_LBRACKET expr TOKEN_RBRACKET
    (155) postfix -> . postfix TOKEN_DOT TOKEN_IDENTIFIER
    (156) postfix -> . postfix TOKEN_SCOPE_RES TOKEN_IDENTIFIER
    (157) postfix -> . postfix TOKEN_ARROW TOKEN_IDENTIFIER
    (158) postfix -> . postfix TOKEN_LEFT_ARROW TOKEN_IDENTIFIER
    (160) primary -> . TOKEN_IDENTIFIER
    (161) primary -> . factor
    (162) primary -> . TOKEN_LPAREN expr TOKEN_RPAREN
    (163) primary -> . TOKEN_KW_NULL
    (54) factor -> . TOKEN_INT_LITERAL
    (55) factor -> . TOKEN_FLOAT_LITERAL
    (56) factor -> . TOKEN_CHAR_LITERAL
    (57) factor -> . TOKEN_STRING_LITERAL
    (59) factor -> . TOKEN_BOOL_LITERAL

    TOKEN_PLUS      shift and go to state 78
    TOKEN_MINUS     shift and go to state 79
    TOKEN_NOT       shift and go to state 80
    TOKEN_BIT_NOT   shift and go to state 81
    TOKEN_AMPERSAND shift and go to state 82
    TOKEN_STAR      shift and go to state 83
    TOKEN_KW_AWAIT  shift and go to state 84
    TOKEN_IDENTIFIER shift and go to state 72
    TOKEN_LPAREN    shift and go to state 88
    TOKEN_KW_NULL   shift and go to state 91
    TOKEN_INT_LITERAL shift and go to state 93
    TOKEN_FLOAT_LITERAL shift and go to state 94
    TOKEN_CHAR_LITERAL shift and go to state 95
    TOKEN_STRING_LITERAL shift and go to state 96
    TOKEN_BOOL_LITERAL shift and go to state 97

    additive                       shift and go to state 207
    multiplicative                 shift and go to state 103
    unary                          shift and go to state 198
    postfix                        shift and go to state 85
    primary                        shift and go to state 87
    factor                         shift and go to state 90

state 155

    (132) relational -> relational TOKEN_GT . additive
    (135) additive -> . multiplicative
    (136) additive -> . additive TOKEN_PLUS multiplicative
    (137) additive -> . additive TOKEN_MINUS multiplicative
    (138) multiplicative -> . unary
    (139) multiplicative -> . multiplicative TOKEN_STAR unary
    (140) multiplicative -> . multiplicative TOKEN_SLASH unary
    (141) multiplicative -> . multiplicative TOKEN_MOD unary
    (143) unary -> . TOKEN_PLUS unary
    (144) unary -> . TOKEN_MINUS unary
    (145) unary -> . TOKEN_NOT unary
    (146) unary -> . TOKEN_BIT_NOT unary
    (147) unary -> . TOKEN_AMPERSAND unary
    (148) unary -> . TOKEN_STAR unary
    (149) unary -> . TOKEN_KW_AWAIT unary
    (150) unary -> . postfix
    (151) postfix -> . primary
    (152) postfix -> . postfix TOKEN_LPAREN arg_list TOKEN_RPAREN
    (154) postfix -> . postfix TOKEN_LBRACKET expr TOKEN_RBRACKET
    (155) postfix -> . postfix TOKEN_DOT TOKEN_IDENTIFIER
    (156) postfix -> . postfix TOKEN_SCOPE_RES TOKEN_IDENTIFIER
    (157) postfix -> . postfix TOKEN_ARROW TOKEN_IDENTIFIER
    (158) postfix -> . postfix TOKEN_LEFT_ARROW TOKEN_IDENTIFIER
    (160) primary -> . TOKEN_IDENTIFIER
    (161) primary -> . factor
    (162) primary -> . TOKEN_LPAREN expr TOKEN_RPAREN
    (163) primary -> . TOKEN_KW_NULL
    (54) factor -> . TOKEN_INT_LITERAL
    (55) factor -> . TOKEN_FLOAT_LITERAL
    (56) factor -> . TOKEN_CHAR_LITERAL
    (57) factor -> . TOKEN_STRING_LITERAL
    (59) factor -> . TOKEN_BOOL_LITERAL

    TOKEN_PLUS      shift and go to state 78
    TOKEN_MINUS     shift and go to state 79
    TOKEN_NOT       shift and go to state 80
    TOKEN_BIT_NOT   shift and go to state 81
    TOKEN_AMPERSAND shift and go to state 82
    TOKEN_STAR      shift and go to state 83
    TOKEN_KW_AWAIT  shift and go to state 84
    TOKEN_IDENTIFIER shift and go to state 72
    TOKEN_LPAREN    shift and go to state 88
    TOKEN_KW_NULL   shift and go to state 91
    TOKEN_INT_LITERAL shift and go to state 93
    TOKEN_FLOAT_LITERAL shift and go to state 94
    TOKEN_CHAR_LITERAL shift and go to state 95
    TOKEN_STRING_LITERAL shift and go to state 96
    TOKEN_BOOL_LITERAL shift and go to state 97

    additive                       shift and go to state 208
    multiplicative                 shift and go to state 103
    unary                          shift and go to state 198
    postfix                        shift and go to state 85
    primary                        shift and go to state 87
    factor                         shift and go to state 90

state 156

    (133) relational -> relational TOKEN_LE . additive
    (135) additive -> . multiplicative
    (136) additive -> . additive TOKEN_PLUS multiplicative
    (137) additive -> . additive TOKEN_MINUS multiplicative
    (138) multiplicative -> . unary
    (139) multiplicative -> . multiplicative TOKEN_STAR unary
    (140) multiplicative -> . multiplicative TOKEN_SLASH unary
    (141) multiplicative -> . multiplicative TOKEN_MOD unary
    (143) unary -> . TOKEN_PLUS unary
    (144) unary -> . TOKEN_MINUS unary
    (145) unary -> . TOKEN_NOT unary
    (146) unary -> . TOKEN_BIT_NOT unary
    (147) unary -> . TOKEN_AMPERSAND unary
    (148) unary -> . TOKEN_STAR unary
    (149) unary -> . TOKEN_KW_AWAIT unary
    (150) unary -> . postfix
    (151) postfix -> . primary
    (152) postfix -> . postfix TOKEN_LPAREN arg_list TOKEN_RPAREN
    (154) postfix -> . postfix TOKEN_LBRACKET expr TOKEN_RBRACKET
    (155) postfix -> . postfix TOKEN_DOT TOKEN_IDENTIFIER
    (156) postfix -> . postfix TOKEN_SCOPE_RES TOKEN_IDENTIFIER
    (157) postfix -> . postfix TOKEN_ARROW TOKEN_IDENTIFIER
    (158) postfix -> . postfix TOKEN_LEFT_ARROW TOKEN_IDENTIFIER
    (160) primary -> . TOKEN_IDENTIFIER
    (161) primary -> . factor
    (162) primary -> . TOKEN_LPAREN expr TOKEN_RPAREN
    (163) primary -> . TOKEN_KW_NULL
    (54) factor -> . TOKEN_INT_LITERAL
    (55) factor -> . TOKEN_FLOAT_LITERAL
    (56) factor -> . TOKEN_CHAR_LITERAL
    (57) factor -> . TOKEN_STRING_LITERAL
    (59) factor -> . TOKEN_BOOL_LITERAL

    TOKEN_PLUS      shift and go to state 78
    TOKEN_MINUS     shift and go to state 79
    TOKEN_NOT       shift and go to state 80
    TOKEN_BIT_NOT   shift and go to state 81
    TOKEN_AMPERSAND shift and go to state 82
    TOKEN_STAR      shift and go to state 83
    TOKEN_KW_AWAIT  shift and go to state 84
    TOKEN_IDENTIFIER shift and go to state 72
    TOKEN_LPAREN    shift and go to state 88
    TOKEN_KW_NULL   shift and go to state 91
    TOKEN_INT_LITERAL shift and go to state 93
    TOKEN_FLOAT_LITERAL shift and go to state 94
    TOKEN_CHAR_LITERAL shift and go to state 95
    TOKEN_STRING_LITERAL shift and go to state 96
    TOKEN_BOOL_LITERAL shift and go to state 97

    additive                       shift and go to state 209
    multiplicative                 shift and go to state 103
    unary                          shift and go to state 198
    postfix                        shift and go to state 85
    primary                        shift and go to state 87
    factor                         shift and go to state 90

state 157

    (134) relational -> relational TOKEN_GE . additive
    (135) additive -> . multiplicative
    (136) additive -> . additive TOKEN_PLUS multiplicative
    (137) additive -> . additive TOKEN_MINUS multiplicative
    (138) multiplicative -> . unary
    (139) multiplicative -> . multiplicative TOKEN_STAR unary
    (140) multiplicative -> . multiplicative TOKEN_SLASH unary
    (141) multiplicative -> . multiplicative TOKEN_MOD unary
    (143) unary -> . TOKEN_PLUS unary
    (144) unary -> . TOKEN_MINUS unary
    (145) unary -> . TOKEN_NOT unary
    (146) unary -> . TOKEN_BIT_NOT unary
    (147) unary -> . TOKEN_AMPERSAND unary
    (148) unary -> . TOKEN_STAR unary
    (149) unary -> . TOKEN_KW_AWAIT unary
    (150) unary -> . postfix
    (151) postfix -> . primary
    (152) postfix -> . postfix TOKEN_LPAREN arg_list TOKEN_RPAREN
    (154) postfix -> . postfix TOKEN_LBRACKET expr TOKEN_RBRACKET
    (155) postfix -> . postfix TOKEN_DOT TOKEN_IDENTIFIER
    (156) postfix -> . postfix TOKEN_SCOPE_RES TOKEN_IDENTIFIER
    (157) postfix -> . postfix TOKEN_ARROW TOKEN_IDENTIFIER
    (158) postfix -> . postfix TOKEN_LEFT_ARROW TOKEN_IDENTIFIER
    (160) primary -> . TOKEN_IDENTIFIER
    (161) primary -> . factor
    (162) primary -> . TOKEN_LPAREN expr TOKEN_RPAREN
    (163) primary -> . TOKEN_KW_NULL
    (54) factor -> . TOKEN_INT_LITERAL
    (55) factor -> . TOKEN_FLOAT_LITERAL
    (56) factor -> . TOKEN_CHAR_LITERAL
    (57) factor -> . TOKEN_STRING_LITERAL
    (59) factor -> . TOKEN_BOOL_LITERAL

    TOKEN_PLUS      shift and go to state 78
    TOKEN_MINUS     shift and go to state 79
    TOKEN_NOT       shift and go to state 80
    TOKEN_BIT_NOT   shift and go to state 81
    TOKEN_AMPERSAND shift and go to state 82
    TOKEN_STAR      shift and go to state 83
    TOKEN_KW_AWAIT  shift and go to state 84
    TOKEN_IDENTIFIER shift and go to state 72
    TOKEN_LPAREN    shift and go to state 88
    TOKEN_KW_NULL   shift and go to state 91
    TOKEN_INT_LITERAL shift and go to state 93
    TOKEN_FLOAT_LITERAL shift and go to state 94
    TOKEN_CHAR_LITERAL shift and go to state 95
    TOKEN_STRING_LITERAL shift and go to state 96
    TOKEN_BOOL_LITERAL shift and go to state 97

    additive                       shift and go to state 210
    multiplicative                 shift and go to state 103
    unary                          shift and go to state 198
    postfix                        shift and go to state 85
    primary                        shift and go to state 87
    factor                         shift and go to state 90

state 158

    (136) additive -> additive TOKEN_PLUS . multiplicative
    (138) multiplicative -> . unary
    (139) multiplicative -> . multiplicative TOKEN_STAR unary
    (140) multiplicative -> . multiplicative TOKEN_SLASH unary
    (141) multiplicative -> . multiplicative TOKEN_MOD unary
    (143) unary -> . TOKEN_PLUS unary
    (144) unary -> . TOKEN_MINUS unary
    (145) unary -> . TOKEN_NOT unary
    (146) unary -> . TOKEN_BIT_NOT unary
    (147) unary -> . TOKEN_AMPERSAND unary
    (148) unary -> . TOKEN_STAR unary
    (149) unary -> . TOKEN_KW_AWAIT unary
    (150) unary -> . postfix
    (151) postfix -> . primary
    (152) postfix -> . postfix TOKEN_LPAREN arg_list TOKEN_RPAREN
    (154) postfix -> . postfix TOKEN_LBRACKET expr TOKEN_RBRACKET
    (155) postfix -> . postfix TOKEN_DOT TOKEN_IDENTIFIER
    (156) postfix -> . postfix TOKEN_SCOPE_RES TOKEN_IDENTIFIER
    (157) postfix -> . postfix TOKEN_ARROW TOKEN_IDENTIFIER
    (158) postfix -> . postfix TOKEN_LEFT_ARROW TOKEN_IDENTIFIER
    (160) primary -> . TOKEN_IDENTIFIER
    (161) primary -> . factor
    (162) primary -> . TOKEN_LPAREN expr TOKEN_RPAREN
    (163) primary -> . TOKEN_KW_NULL
    (54) factor -> . TOKEN_INT_LITERAL
    (55) factor -> . TOKEN_FLOAT_LITERAL
    (56) factor -> . TOKEN_CHAR_LITERAL
    (57) factor -> . TOKEN_STRING_LITERAL
    (59) factor -> . TOKEN_BOOL_LITERAL

    TOKEN_PLUS      shift and go to state 78
    TOKEN_MINUS     shift and go to state 79
    TOKEN_NOT       shift and go to state 80
    TOKEN_BIT_NOT   shift and go to state 81
    TOKEN_AMPERSAND shift and go to state 82
    TOKEN_STAR      shift and go to state 83
    TOKEN_KW_AWAIT  shift and go to state 84
    TOKEN_IDENTIFIER shift and go to state 72
    TOKEN_LPAREN    shift and go to state 88
    TOKEN_KW_NULL   shift and go to state 91
    TOKEN_INT_LITERAL shift and go to state 93
    TOKEN_FLOAT_LITERAL shift and go to state 94
    TOKEN_CHAR_LITERAL shift and go to state 95
    TOKEN_STRING_LITERAL shift and go to state 96
    TOKEN_BOOL_LITERAL shift and go to state 97

    multiplicative                 shift and go to state 211
    unary                          shift and go to state 198
    postfix                        shift and go to state 85
    primary                        shift and go to state 87
    factor                         shift and go to state 90

state 159

    (137) additive -> additive TOKEN_MINUS . multiplicative
    (138) multiplicative -> . unary
    (139) multiplicative -> . multiplicative TOKEN_STAR unary
    (140) multiplicative -> . multiplicative TOKEN_SLASH unary
    (141) multiplicative -> . multiplicative TOKEN_MOD unary
    (143) unary -> . TOKEN_PLUS unary
    (144) unary -> . TOKEN_MINUS unary
    (145) unary -> . TOKEN_NOT unary
    (146) unary -> . TOKEN_BIT_NOT unary
    (147) unary -> . TOKEN_AMPERSAND unary
    (148) unary -> . TOKEN_STAR unary
    (149) unary -> . TOKEN_KW_AWAIT unary
    (150) unary -> . postfix
    (151) postfix -> . primary
    (152) postfix -> . postfix TOKEN_LPAREN arg_list TOKEN_RPAREN
    (154) postfix -> . postfix TOKEN_LBRACKET expr TOKEN_RBRACKET
    (155) postfix -> . postfix TOKEN_DOT TOKEN_IDENTIFIER
    (156) postfix -> . postfix TOKEN_SCOPE_RES TOKEN_IDENTIFIER
    (157) postfix -> . postfix TOKEN_ARROW TOKEN_IDENTIFIER
    (158) postfix -> . postfix TOKEN_LEFT_ARROW TOKEN_IDENTIFIER
    (160) primary -> . TOKEN_IDENTIFIER
    (161) primary -> . factor
    (162) primary -> . TOKEN_LPAREN expr TOKEN_RPAREN
    (163) primary -> . TOKEN_KW_NULL
    (54) factor -> . TOKEN_INT_LITERAL
    (55) factor -> . TOKEN_FLOAT_LITERAL
    (56) factor -> . TOKEN_CHAR_LITERAL
    (57) factor -> . TOKEN_STRING_LITERAL
    (59) factor -> . TOKEN_BOOL_LITERAL

    TOKEN_PLUS      shift and go to state 78
    TOKEN_MINUS     shift and go to state 79
    TOKEN_NOT       shift and go to state 80
    TOKEN_BIT_NOT   shift and go to state 81
    TOKEN_AMPERSAND shift and go to state 82
    TOKEN_STAR      shift and go to state 83
    TOKEN_KW_AWAIT  shift and go to state 84
    TOKEN_IDENTIFIER shift and go to state 72
    TOKEN_LPAREN    shift and go to state 88
    TOKEN_KW_NULL   shift and go to state 91
    TOKEN_INT_LITERAL shift and go to state 93
    TOKEN_FLOAT_LITERAL shift and go to state 94
    TOKEN_CHAR_LITERAL shift and go to state 95
    TOKEN_STRING_LITERAL shift and go to state 96
    TOKEN_BOOL_LITERAL shift and go to state 97

    multiplicative                 shift and go to state 212
    unary                          shift and go to state 198
    postfix                        shift and go to state 85
    primary                        shift and go to state 87
    factor                         shift and go to state 90

state 160

    (139) multiplicative -> multiplicative TOKEN_STAR . unary
    (143) unary -> . TOKEN_PLUS unary
    (144) unary -> . TOKEN_MINUS unary
    (145) unary -> . TOKEN_NOT unary
    (146) unary -> . TOKEN_BIT_NOT unary
    (147) unary -> . TOKEN_AMPERSAND unary
    (148) unary -> . TOKEN_STAR unary
    (149) unary -> . TOKEN_KW_AWAIT unary
    (150) unary -> . postfix
    (151) postfix -> . primary
    (152) postfix -> . postfix TOKEN_LPAREN arg_list TOKEN_RPAREN
    (154) postfix -> . postfix TOKEN_LBRACKET expr TOKEN_RBRACKET
    (155) postfix -> . postfix TOKEN_DOT TOKEN_IDENTIFIER
    (156) postfix -> . postfix TOKEN_SCOPE_RES TOKEN_IDENTIFIER
    (157) postfix -> . postfix TOKEN_ARROW TOKEN_IDENTIFIER
    (158) postfix -> . postfix TOKEN_LEFT_ARROW TOKEN_IDENTIFIER
    (160) primary -> . TOKEN_IDENTIFIER
    (161) primary -> . factor
    (162) primary -> . TOKEN_LPAREN expr TOKEN_RPAREN
    (163) primary -> . TOKEN_KW_NULL
    (54) factor -> . TOKEN_INT_LITERAL
    (55) factor -> . TOKEN_FLOAT_LITERAL
    (56) factor -> . TOKEN_CHAR_LITERAL
    (57) factor -> . TOKEN_STRING_LITERAL
    (59) factor -> . TOKEN_BOOL_LITERAL

    TOKEN_PLUS      shift and go to state 78
    TOKEN_MINUS     shift and go to state 79
    TOKEN_NOT       shift and go to state 80
    TOKEN_BIT_NOT   shift and go to state 81
    TOKEN_AMPERSAND shift and go to state 82
    TOKEN_STAR      shift and go to state 83
    TOKEN_KW_AWAIT  shift and go to state 84
    TOKEN_IDENTIFIER shift and go to state 72
    TOKEN_LPAREN    shift and go to state 88
    TOKEN_KW_NULL   shift and go to state 91
    TOKEN_INT_LITERAL shift and go to state 93
    TOKEN_FLOAT_LITERAL shift and go to state 94
    TOKEN_CHAR_LITERAL shift and go to state 95
    TOKEN_STRING_LITERAL shift and go to state 96
    TOKEN_BOOL_LITERAL shift and go to state 97

    unary                          shift and go to state 213
    postfix                        shift and go to state 85
    primary                        shift and go to state 87
    factor                         shift and go to state 90

state 161

    (140) multiplicative -> multiplicative TOKEN_SLASH . unary
    (143) unary -> . TOKEN_PLUS unary
    (144) unary -> . TOKEN_MINUS unary
    (145) unary -> . TOKEN_NOT unary
    (146) unary -> . TOKEN_BIT_NOT unary
    (147) unary -> . TOKEN_AMPERSAND unary
    (148) unary -> . TOKEN_STAR unary
    (149) unary -> . TOKEN_KW_AWAIT unary
    (150) unary -> . postfix
    (151) postfix -> . primary
    (152) postfix -> . postfix TOKEN_LPAREN arg_list TOKEN_RPAREN
    (154) postfix -> . postfix TOKEN_LBRACKET expr TOKEN_RBRACKET
    (155) postfix -> . postfix TOKEN_DOT TOKEN_IDENTIFIER
    (156) postfix -> . postfix TOKEN_SCOPE_RES TOKEN_IDENTIFIER
    (157) postfix -> . postfix TOKEN_ARROW TOKEN_IDENTIFIER
    (158) postfix -> . postfix TOKEN_LEFT_ARROW TOKEN_IDENTIFIER
    (160) primary -> . TOKEN_IDENTIFIER
    (161) primary -> . factor
    (162) primary -> . TOKEN_LPAREN expr TOKEN_RPAREN
    (163) primary -> . TOKEN_KW_NULL
    (54) factor -> . TOKEN_INT_LITERAL
    (55) factor -> . TOKEN_FLOAT_LITERAL
    (56) factor -> . TOKEN_CHAR_LITERAL
    (57) factor -> . TOKEN_STRING_LITERAL
    (59) factor -> . TOKEN_BOOL_LITERAL

    TOKEN_PLUS      shift and go to state 78
    TOKEN_MINUS     shift and go to state 79
    TOKEN_NOT       shift and go to state 80
    TOKEN_BIT_NOT   shift and go to state 81
    TOKEN_AMPERSAND shift and go to state 82
    TOKEN_STAR      shift and go to state 83
    TOKEN_KW_AWAIT  shift and go to state 84
    TOKEN_IDENTIFIER shift and go to state 72
    TOKEN_LPAREN    shift and go to state 88
    TOKEN_KW_NULL   shift and go to state 91
    TOKEN_INT_LITERAL shift and go to state 93
    TOKEN_FLOAT_LITERAL shift and go to state 94
    TOKEN_CHAR_LITERAL shift and go to state 95
    TOKEN_STRING_LITERAL shift and go to state 96
    TOKEN_BOOL_LITERAL shift and go to state 97

    unary                          shift and go to state 214
    postfix                        shift and go to state 85
    primary                        shift and go to state 87
    factor                         shift and go to state 90

state 162

    (141) multiplicative -> multiplicative TOKEN_MOD . unary
    (143) unary -> . TOKEN_PLUS unary
    (144) unary -> . TOKEN_MINUS unary
    (145) unary -> . TOKEN_NOT unary
    (146) unary -> . TOKEN_BIT_NOT unary
    (147) unary -> . TOKEN_AMPERSAND unary
    (148) unary -> . TOKEN_STAR unary
    (149) unary -> . TOKEN_KW_AWAIT unary
    (150) unary -> . postfix
    (151) postfix -> . primary
    (152) postfix -> . postfix TOKEN_LPAREN arg_list TOKEN_RPAREN
    (154) postfix -> . postfix TOKEN_LBRACKET expr TOKEN_RBRACKET
    (155) postfix -> . postfix TOKEN_DOT TOKEN_IDENTIFIER
    (156) postfix -> . postfix TOKEN_SCOPE_RES TOKEN_IDENTIFIER
    (157) postfix -> . postfix TOKEN_ARROW TOKEN_IDENTIFIER
    (158) postfix -> . postfix TOKEN_LEFT_ARROW TOKEN_IDENTIFIER
    (160) primary -> . TOKEN_IDENTIFIER
    (161) primary -> . factor
    (162) primary -> . TOKEN_LPAREN expr TOKEN_RPAREN
    (163) primary -> . TOKEN_KW_NULL
    (54) factor -> . TOKEN_INT_LITERAL
    (55) factor -> . TOKEN_FLOAT_LITERAL
    (56) factor -> . TOKEN_CHAR_LITERAL
    (57) factor -> . TOKEN_STRING_LITERAL
    (59) factor -> . TOKEN_BOOL_LITERAL

    TOKEN_PLUS      shift and go to state 78
    TOKEN_MINUS     shift and go to state 79
    TOKEN_NOT       shift and go to state 80
    TOKEN_BIT_NOT   shift and go to state 81
    TOKEN_AMPERSAND shift and go to state 82
    TOKEN_STAR      shift and go to state 83
    TOKEN_KW_AWAIT  shift and go to state 84
    TOKEN_IDENTIFIER shift and go to state 72
    TOKEN_LPAREN    shift and go to state 88
    TOKEN_KW_NULL   shift and go to state 91
    TOKEN_INT_LITERAL shift and go to state 93
    TOKEN_FLOAT_LITERAL shift and go to state 94
    TOKEN_CHAR_LITERAL shift and go to state 95
    TOKEN_STRING_LITERAL shift and go to state 96
    TOKEN_BOOL_LITERAL shift and go to state 97

    unary                          shift and go to state 215
    postfix                        shift and go to state 85
    primary                        shift and go to state 87
    factor                         shift and go to state 90

state 163

    (15) var_decl -> type TOKEN_IDENTIFIER array_struct TOKEN_ASSIGN array_init . TOKEN_SEMICOLON

    TOKEN_SEMICOLON shift and go to state 216


state 164

    (82) array_init -> TOKEN_LBRACE . init_list TOKEN_RBRACE
    (83) init_list -> . init_list TOKEN_COMMA initializer
    (84) init_list -> . initializer
    (85) initializer -> . expr
    (86) initializer -> . array_init
    (113) expr -> . assignment
    (159) expr -> . TOKEN_KW_CAST type TOKEN_ARROW expr
    (82) array_init -> . TOKEN_LBRACE init_list TOKEN_RBRACE
    (3) assignment -> . unary TOKEN_LSHIFT_ASSIGN assignment
    (14) assignment -> . unary TOKEN_RSHIFT_ASSIGN assignment
    (131) assignment -> . ternary
    (142) assignment -> . unary TOKEN_ASSIGN assignment
    (153) assignment -> . unary TOKEN_PLUS_EQ assignment
    (164) assignment -> . unary TOKEN_MINUS_EQ assignment
    (175) assignment -> . unary TOKEN_STAR_EQ assignment
    (186) assignment -> . unary TOKEN_SLASH_EQ assignment
    (197) assignment -> . unary TOKEN_MOD_EQ assignment
    (143) unary -> . TOKEN_PLUS unary
    (144) unary -> . TOKEN_MINUS unary
    (145) unary -> . TOKEN_NOT unary
    (146) unary -> . TOKEN_BIT_NOT unary
    (147) unary -> . TOKEN_AMPERSAND unary
    (148) unary -> . TOKEN_STAR unary
    (149) unary -> . TOKEN_KW_AWAIT unary
    (150) unary -> . postfix
    (25) ternary -> . logical_or
    (36) ternary -> . logical_or TOKEN_QUESTION expr TOKEN_COLON ternary
    (151) postfix -> . primary
    (152) postfix -> . postfix TOKEN_LPAREN arg_list TOKEN_RPAREN
    (154) postfix -> . postfix TOKEN_LBRACKET expr TOKEN_RBRACKET
    (155) postfix -> . postfix TOKEN_DOT TOKEN_IDENTIFIER
    (156) postfix -> . postfix TOKEN_SCOPE_RES TOKEN_IDENTIFIER
    (157) postfix -> . postfix TOKEN_ARROW TOKEN_IDENTIFIER
    (158) postfix -> . postfix TOKEN_LEFT_ARROW TOKEN_IDENTIFIER
    (47) logical_or -> . logical_and
    (58) logical_or -> . logical_or TOKEN_OR logical_and
    (160) primary -> . TOKEN_IDENTIFIER
    (161) primary -> . factor
    (162) primary -> . TOKEN_LPAREN expr TOKEN_RPAREN
    (163) primary -> . TOKEN_KW_NULL
    (69) logical_and -> . bit_or
    (80) logical_and -> . logical_and TOKEN_AND bit_or
    (54) factor -> . TOKEN_INT_LITERAL
    (55) factor -> . TOKEN_FLOAT_LITERAL
    (56) factor -> . TOKEN_CHAR_LITERAL
    (57) factor -> . TOKEN_STRING_LITERAL
    (59) factor -> . TOKEN_BOOL_LITERAL
    (91) bit_or -> . xor
    (102) bit_or -> . bit_or TOKEN_BIT_OR xor
    (114) xor -> . bit_and
    (122) xor -> . xor TOKEN_XOR bit_and
    (123) bit_and -> . equality
    (124) bit_and -> . bit_and TOKEN_AMPERSAND equality
    (125) bit_and -> . bit_and TOKEN_NAND equality
    (126) equality -> . relational
    (127) equality -> . equality TOKEN_EQ relational
    (128) equality -> . equality TOKEN_NEQ relational
    (129) relational -> . additive
    (130) relational -> . relational TOKEN_LT additive
    (132) relational -> . relational TOKEN_GT additive
    (133) relational -> . relational TOKEN_LE additive
    (134) relational -> . relational TOKEN_GE additive
    (135) additive -> . multiplicative
    (136) additive -> . additive TOKEN_PLUS multiplicative
    (137) additive -> . additive TOKEN_MINUS multiplicative
    (138) multiplicative -> . unary
    (139) multiplicative -> . multiplicative TOKEN_STAR unary
    (140) multiplicative -> . multiplicative TOKEN_SLASH unary
    (141) multiplicative -> . multiplicative TOKEN_MOD unary

    TOKEN_KW_CAST   shift and go to state 75
    TOKEN_LBRACE    shift and go to state 164
    TOKEN_PLUS      shift and go to state 78
    TOKEN_MINUS     shift and go to state 79
    TOKEN_NOT       shift and go to state 80
    TOKEN_BIT_NOT   shift and go to state 81
    TOKEN_AMPERSAND shift and go to state 82
    TOKEN_STAR      shift and go to state 83
    TOKEN_KW_AWAIT  shift and go to state 84
    TOKEN_IDENTIFIER shift and go to state 72
    TOKEN_LPAREN    shift and go to state 88
    TOKEN_KW_NULL   shift and go to state 91
    TOKEN_INT_LITERAL shift and go to state 93
    TOKEN_FLOAT_LITERAL shift and go to state 94
    TOKEN_CHAR_LITERAL shift and go to state 95
    TOKEN_STRING_LITERAL shift and go to state 96
    TOKEN_BOOL_LITERAL shift and go to state 97

    init_list                      shift and go to state 217
    initializer                    shift and go to state 218
    expr                           shift and go to state 219
    array_init                     shift and go to state 220
    assignment                     shift and go to state 74
    unary                          shift and go to state 76
    ternary                        shift and go to state 77
    postfix                        shift and go to state 85
    logical_or                     shift and go to state 86
    primary                        shift and go to state 87
    logical_and                    shift and go to state 89
    factor                         shift and go to state 90
    bit_or                         shift and go to state 92
    xor                            shift and go to state 98
    bit_and                        shift and go to state 99
    equality                       shift and go to state 100
    relational                     shift and go to state 101
    additive                       shift and go to state 102
    multiplicative                 shift and go to state 103

state 165

    (78) array_struct -> array_struct TOKEN_LBRACKET expr . TOKEN_RBRACKET

    TOKEN_RBRACKET  shift and go to state 221


state 166

    (79) array_struct -> TOKEN_LBRACKET expr TOKEN_RBRACKET .

    TOKEN_ASSIGN    reduce using rule 79 (array_struct -> TOKEN_LBRACKET expr TOKEN_RBRACKET .)
    TOKEN_SEMICOLON reduce using rule 79 (array_struct -> TOKEN_LBRACKET expr TOKEN_RBRACKET .)
    TOKEN_LBRACKET  reduce using rule 79 (array_struct -> TOKEN_LBRACKET expr TOKEN_RBRACKET .)


state 167

    (63) param -> type . TOKEN_IDENTIFIER

    TOKEN_IDENTIFIER shift and go to state 222


state 168

    (17) func_decl -> TOKEN_KW_FUNCTION type TOKEN_IDENTIFIER TOKEN_LPAREN param_list . TOKEN_RPAREN func_suffix

    TOKEN_RPAREN    shift and go to state 223


state 169

    (64) param_list -> param_list_nonempty .
    (67) param_list_nonempty -> param_list_nonempty . TOKEN_COMMA param

    TOKEN_RPAREN    reduce using rule 64 (param_list -> param_list_nonempty .)
    TOKEN_COMMA     shift and go to state 224


state 170

    (66) param_list_nonempty -> param .

    TOKEN_COMMA     reduce using rule 66 (param_list_nonempty -> param .)
    TOKEN_RPAREN    reduce using rule 66 (param_list_nonempty -> param .)


state 171

    (18) func_decl -> TOKEN_KW_ASYNC TOKEN_KW_FUNCTION type TOKEN_IDENTIFIER TOKEN_LPAREN . param_list TOKEN_RPAREN func_suffix
    (64) param_list -> . param_list_nonempty
    (65) param_list -> .
    (66) param_list_nonempty -> . param
    (67) param_list_nonempty -> . param_list_nonempty TOKEN_COMMA param
    (63) param -> . type TOKEN_IDENTIFIER
    (31) type -> . channel_type
    (32) type -> . pointer_type
    (37) channel_type -> . TOKEN_KW_CHAN type
    (33) pointer_type -> . pointer_type TOKEN_STAR
    (34) pointer_type -> . pointer_type TOKEN_AMPERSAND
    (35) pointer_type -> . base_type
    (38) base_type -> . modifier_list TOKEN_KW_INT
    (39) base_type -> . modifier_list TOKEN_KW_SHORT
    (40) base_type -> . modifier_list TOKEN_KW_LONG
    (41) base_type -> . modifier_list TOKEN_KW_BYTE
    (42) base_type -> . modifier_list TOKEN_KW_FLOAT
    (43) base_type -> . modifier_list TOKEN_KW_DOUBLE
    (44) base_type -> . modifier_list TOKEN_KW_CHAR
    (45) base_type -> . modifier_list TOKEN_KW_STRING
    (46) base_type -> . modifier_list TOKEN_KW_BOOL
    (48) base_type -> . modifier_list TOKEN_KW_STRUCT
    (49) base_type -> . modifier_list TOKEN_KW_ENUM
    (50) base_type -> . modifier_list TOKEN_KW_UNION
    (51) base_type -> . modifier_list TOKEN_KW_VOID
    (52) base_type -> . TOKEN_KW_MUTEX
    (53) base_type -> . modifier_list TOKEN_IDENTIFIER
    (29) modifier_list -> . modifier_list modifier
    (30) modifier_list -> . modifier
    (20) modifier -> . TOKEN_KW_CONST
    (21) modifier -> . TOKEN_KW_MUT
    (22) modifier -> . TOKEN_KW_STATIC
    (23) modifier -> . TOKEN_KW_VOLATILE
    (24) modifier -> . TOKEN_KW_ATOMIC
    (26) modifier -> . TOKEN_KW_SHARED
    (27) modifier -> . TOKEN_KW_PRIVATE
    (28) modifier -> . TOKEN_KW_PUBLIC

    TOKEN_RPAREN    reduce using rule 65 (param_list -> .)
    TOKEN_KW_CHAN   shift and go to state 20
    TOKEN_KW_MUTEX  shift and go to state 23
    TOKEN_KW_CONST  shift and go to state 25
    TOKEN_KW_MUT    shift and go to state 26
    TOKEN_KW_STATIC shift and go to state 27
    TOKEN_KW_VOLATILE shift and go to state 28
    TOKEN_KW_ATOMIC shift and go to state 29
    TOKEN_KW_SHARED shift and go to state 30
    TOKEN_KW_PRIVATE shift and go to state 31
    TOKEN_KW_PUBLIC shift and go to state 32

    type                           shift and go to state 167
    param_list                     shift and go to state 225
    param_list_nonempty            shift and go to state 169
    param                          shift and go to state 170
    channel_type                   shift and go to state 18
    pointer_type                   shift and go to state 19
    base_type                      shift and go to state 21
    modifier_list                  shift and go to state 22
    modifier                       shift and go to state 24

state 172

    (202) struct_body -> TOKEN_LBRACE struct_member_list TOKEN_RBRACE . TOKEN_SEMICOLON

    TOKEN_SEMICOLON shift and go to state 226


state 173

    (204) struct_member_list -> struct_member_list var_decl .

    TOKEN_RBRACE    reduce using rule 204 (struct_member_list -> struct_member_list var_decl .)
    TOKEN_KW_CHAN   reduce using rule 204 (struct_member_list -> struct_member_list var_decl .)
    TOKEN_KW_MUTEX  reduce using rule 204 (struct_member_list -> struct_member_list var_decl .)
    TOKEN_KW_CONST  reduce using rule 204 (struct_member_list -> struct_member_list var_decl .)
    TOKEN_KW_MUT    reduce using rule 204 (struct_member_list -> struct_member_list var_decl .)
    TOKEN_KW_STATIC reduce using rule 204 (struct_member_list -> struct_member_list var_decl .)
    TOKEN_KW_VOLATILE reduce using rule 204 (struct_member_list -> struct_member_list var_decl .)
    TOKEN_KW_ATOMIC reduce using rule 204 (struct_member_list -> struct_member_list var_decl .)
    TOKEN_KW_SHARED reduce using rule 204 (struct_member_list -> struct_member_list var_decl .)
    TOKEN_KW_PRIVATE reduce using rule 204 (struct_member_list -> struct_member_list var_decl .)
    TOKEN_KW_PUBLIC reduce using rule 204 (struct_member_list -> struct_member_list var_decl .)


state 174

    (19) typealias_decl -> TOKEN_KW_TYPEALIAS TOKEN_IDENTIFIER TOKEN_ASSIGN type TOKEN_SEMICOLON .

    TOKEN_EOF       reduce using rule 19 (typealias_decl -> TOKEN_KW_TYPEALIAS TOKEN_IDENTIFIER TOKEN_ASSIGN type TOKEN_SEMICOLON .)
    TOKEN_KW_FUNCTION reduce using rule 19 (typealias_decl -> TOKEN_KW_TYPEALIAS TOKEN_IDENTIFIER TOKEN_ASSIGN type TOKEN_SEMICOLON .)
    TOKEN_KW_ASYNC  reduce using rule 19 (typealias_decl -> TOKEN_KW_TYPEALIAS TOKEN_IDENTIFIER TOKEN_ASSIGN type TOKEN_SEMICOLON .)
    TOKEN_KW_STRUCT reduce using rule 19 (typealias_decl -> TOKEN_KW_TYPEALIAS TOKEN_IDENTIFIER TOKEN_ASSIGN type TOKEN_SEMICOLON .)
    TOKEN_KW_TYPEALIAS reduce using rule 19 (typealias_decl -> TOKEN_KW_TYPEALIAS TOKEN_IDENTIFIER TOKEN_ASSIGN type TOKEN_SEMICOLON .)
    TOKEN_KW_ENUM   reduce using rule 19 (typealias_decl -> TOKEN_KW_TYPEALIAS TOKEN_IDENTIFIER TOKEN_ASSIGN type TOKEN_SEMICOLON .)
    TOKEN_KW_UNION  reduce using rule 19 (typealias_decl -> TOKEN_KW_TYPEALIAS TOKEN_IDENTIFIER TOKEN_ASSIGN type TOKEN_SEMICOLON .)
    TOKEN_KW_CHAN   reduce using rule 19 (typealias_decl -> TOKEN_KW_TYPEALIAS TOKEN_IDENTIFIER TOKEN_ASSIGN type TOKEN_SEMICOLON .)
    TOKEN_KW_MUTEX  reduce using rule 19 (typealias_decl -> TOKEN_KW_TYPEALIAS TOKEN_IDENTIFIER TOKEN_ASSIGN type TOKEN_SEMICOLON .)
    TOKEN_KW_CONST  reduce using rule 19 (typealias_decl -> TOKEN_KW_TYPEALIAS TOKEN_IDENTIFIER TOKEN_ASSIGN type TOKEN_SEMICOLON .)
    TOKEN_KW_MUT    reduce using rule 19 (typealias_decl -> TOKEN_KW_TYPEALIAS TOKEN_IDENTIFIER TOKEN_ASSIGN type TOKEN_SEMICOLON .)
    TOKEN_KW_STATIC reduce using rule 19 (typealias_decl -> TOKEN_KW_TYPEALIAS TOKEN_IDENTIFIER TOKEN_ASSIGN type TOKEN_SEMICOLON .)
    TOKEN_KW_VOLATILE reduce using rule 19 (typealias_decl -> TOKEN_KW_TYPEALIAS TOKEN_IDENTIFIER TOKEN_ASSIGN type TOKEN_SEMICOLON .)
    TOKEN_KW_ATOMIC reduce using rule 19 (typealias_decl -> TOKEN_KW_TYPEALIAS TOKEN_IDENTIFIER TOKEN_ASSIGN type TOKEN_SEMICOLON .)
    TOKEN_KW_SHARED reduce using rule 19 (typealias_decl -> TOKEN_KW_TYPEALIAS TOKEN_IDENTIFIER TOKEN_ASSIGN type TOKEN_SEMICOLON .)
    TOKEN_KW_PRIVATE reduce using rule 19 (typealias_decl -> TOKEN_KW_TYPEALIAS TOKEN_IDENTIFIER TOKEN_ASSIGN type TOKEN_SEMICOLON .)
    TOKEN_KW_PUBLIC reduce using rule 19 (typealias_decl -> TOKEN_KW_TYPEALIAS TOKEN_IDENTIFIER TOKEN_ASSIGN type TOKEN_SEMICOLON .)


state 175

    (206) enum_decl -> TOKEN_KW_ENUM TOKEN_IDENTIFIER TOKEN_LBRACE enum_member_list TOKEN_RBRACE . TOKEN_SEMICOLON

    TOKEN_SEMICOLON shift and go to state 227


state 176

    (4) enum_member_list -> enum_member_list TOKEN_COMMA . TOKEN_IDENTIFIER

    TOKEN_IDENTIFIER shift and go to state 228


state 177

    (6) union_decl -> TOKEN_KW_UNION TOKEN_IDENTIFIER TOKEN_LBRACE union_member_list TOKEN_RBRACE . TOKEN_SEMICOLON

    TOKEN_SEMICOLON shift and go to state 229


state 178

    (8) union_member_list -> union_member_list var_decl .

    TOKEN_RBRACE    reduce using rule 8 (union_member_list -> union_member_list var_decl .)
    TOKEN_KW_CHAN   reduce using rule 8 (union_member_list -> union_member_list var_decl .)
    TOKEN_KW_MUTEX  reduce using rule 8 (union_member_list -> union_member_list var_decl .)
    TOKEN_KW_CONST  reduce using rule 8 (union_member_list -> union_member_list var_decl .)
    TOKEN_KW_MUT    reduce using rule 8 (union_member_list -> union_member_list var_decl .)
    TOKEN_KW_STATIC reduce using rule 8 (union_member_list -> union_member_list var_decl .)
    TOKEN_KW_VOLATILE reduce using rule 8 (union_member_list -> union_member_list var_decl .)
    TOKEN_KW_ATOMIC reduce using rule 8 (union_member_list -> union_member_list var_decl .)
    TOKEN_KW_SHARED reduce using rule 8 (union_member_list -> union_member_list var_decl .)
    TOKEN_KW_PRIVATE reduce using rule 8 (union_member_list -> union_member_list var_decl .)
    TOKEN_KW_PUBLIC reduce using rule 8 (union_member_list -> union_member_list var_decl .)


state 179

    (159) expr -> TOKEN_KW_CAST type TOKEN_ARROW . expr
    (113) expr -> . assignment
    (159) expr -> . TOKEN_KW_CAST type TOKEN_ARROW expr
    (3) assignment -> . unary TOKEN_LSHIFT_ASSIGN assignment
    (14) assignment -> . unary TOKEN_RSHIFT_ASSIGN assignment
    (131) assignment -> . ternary
    (142) assignment -> . unary TOKEN_ASSIGN assignment
    (153) assignment -> . unary TOKEN_PLUS_EQ assignment
    (164) assignment -> . unary TOKEN_MINUS_EQ assignment
    (175) assignment -> . unary TOKEN_STAR_EQ assignment
    (186) assignment -> . unary TOKEN_SLASH_EQ assignment
    (197) assignment -> . unary TOKEN_MOD_EQ assignment
    (143) unary -> . TOKEN_PLUS unary
    (144) unary -> . TOKEN_MINUS unary
    (145) unary -> . TOKEN_NOT unary
    (146) unary -> . TOKEN_BIT_NOT unary
    (147) unary -> . TOKEN_AMPERSAND unary
    (148) unary -> . TOKEN_STAR unary
    (149) unary -> . TOKEN_KW_AWAIT unary
    (150) unary -> . postfix
    (25) ternary -> . logical_or
    (36) ternary -> . logical_or TOKEN_QUESTION expr TOKEN_COLON ternary
    (151) postfix -> . primary
    (152) postfix -> . postfix TOKEN_LPAREN arg_list TOKEN_RPAREN
    (154) postfix -> . postfix TOKEN_LBRACKET expr TOKEN_RBRACKET
    (155) postfix -> . postfix TOKEN_DOT TOKEN_IDENTIFIER
    (156) postfix -> . postfix TOKEN_SCOPE_RES TOKEN_IDENTIFIER
    (157) postfix -> . postfix TOKEN_ARROW TOKEN_IDENTIFIER
    (158) postfix -> . postfix TOKEN_LEFT_ARROW TOKEN_IDENTIFIER
    (47) logical_or -> . logical_and
    (58) logical_or -> . logical_or TOKEN_OR logical_and
    (160) primary -> . TOKEN_IDENTIFIER
    (161) primary -> . factor
    (162) primary -> . TOKEN_LPAREN expr TOKEN_RPAREN
    (163) primary -> . TOKEN_KW_NULL
    (69) logical_and -> . bit_or
    (80) logical_and -> . logical_and TOKEN_AND bit_or
    (54) factor -> . TOKEN_INT_LITERAL
    (55) factor -> . TOKEN_FLOAT_LITERAL
    (56) factor -> . TOKEN_CHAR_LITERAL
    (57) factor -> . TOKEN_STRING_LITERAL
    (59) factor -> . TOKEN_BOOL_LITERAL
    (91) bit_or -> . xor
    (102) bit_or -> . bit_or TOKEN_BIT_OR xor
    (114) xor -> . bit_and
    (122) xor -> . xor TOKEN_XOR bit_and
    (123) bit_and -> . equality
    (124) bit_and -> . bit_and TOKEN_AMPERSAND equality
    (125) bit_and -> . bit_and TOKEN_NAND equality
    (126) equality -> . relational
    (127) equality -> . equality TOKEN_EQ relational
    (128) equality -> . equality TOKEN_NEQ relational
    (129) relational -> . additive
    (130) relational -> . relational TOKEN_LT additive
    (132) relational -> . relational TOKEN_GT additive
    (133) relational -> . relational TOKEN_LE additive
    (134) relational -> . relational TOKEN_GE additive
    (135) additive -> . multiplicative
    (136) additive -> . additive TOKEN_PLUS multiplicative
    (137) additive -> . additive TOKEN_MINUS multiplicative
    (138) multiplicative -> . unary
    (139) multiplicative -> . multiplicative TOKEN_STAR unary
    (140) multiplicative -> . multiplicative TOKEN_SLASH unary
    (141) multiplicative -> . multiplicative TOKEN_MOD unary

    TOKEN_KW_CAST   shift and go to state 75
    TOKEN_PLUS      shift and go to state 78
    TOKEN_MINUS     shift and go to state 79
    TOKEN_NOT       shift and go to state 80
    TOKEN_BIT_NOT   shift and go to state 81
    TOKEN_AMPERSAND shift and go to state 82
    TOKEN_STAR      shift and go to state 83
    TOKEN_KW_AWAIT  shift and go to state 84
    TOKEN_IDENTIFIER shift and go to state 72
    TOKEN_LPAREN    shift and go to state 88
    TOKEN_KW_NULL   shift and go to state 91
    TOKEN_INT_LITERAL shift and go to state 93
    TOKEN_FLOAT_LITERAL shift and go to state 94
    TOKEN_CHAR_LITERAL shift and go to state 95
    TOKEN_STRING_LITERAL shift and go to state 96
    TOKEN_BOOL_LITERAL shift and go to state 97

    expr                           shift and go to state 230
    assignment                     shift and go to state 74
    unary                          shift and go to state 76
    ternary                        shift and go to state 77
    postfix                        shift and go to state 85
    logical_or                     shift and go to state 86
    primary                        shift and go to state 87
    logical_and                    shift and go to state 89
    factor                         shift and go to state 90
    bit_or                         shift and go to state 92
    xor                            shift and go to state 98
    bit_and                        shift and go to state 99
    equality                       shift and go to state 100
    relational                     shift and go to state 101
    additive                       shift and go to state 102
    multiplicative                 shift and go to state 103

state 180

    (3) assignment -> unary TOKEN_LSHIFT_ASSIGN assignment .

    TOKEN_SEMICOLON reduce using rule 3 (assignment -> unary TOKEN_LSHIFT_ASSIGN assignment .)
    TOKEN_RBRACKET  reduce using rule 3 (assignment -> unary TOKEN_LSHIFT_ASSIGN assignment .)
    TOKEN_RPAREN    reduce using rule 3 (assignment -> unary TOKEN_LSHIFT_ASSIGN assignment .)
    TOKEN_COMMA     reduce using rule 3 (assignment -> unary TOKEN_LSHIFT_ASSIGN assignment .)
    TOKEN_COLON     reduce using rule 3 (assignment -> unary TOKEN_LSHIFT_ASSIGN assignment .)
    TOKEN_RBRACE    reduce using rule 3 (assignment -> unary TOKEN_LSHIFT_ASSIGN assignment .)
    TOKEN_FAT_ARROW reduce using rule 3 (assignment -> unary TOKEN_LSHIFT_ASSIGN assignment .)


state 181

    (14) assignment -> unary TOKEN_RSHIFT_ASSIGN assignment .

    TOKEN_SEMICOLON reduce using rule 14 (assignment -> unary TOKEN_RSHIFT_ASSIGN assignment .)
    TOKEN_RBRACKET  reduce using rule 14 (assignment -> unary TOKEN_RSHIFT_ASSIGN assignment .)
    TOKEN_RPAREN    reduce using rule 14 (assignment -> unary TOKEN_RSHIFT_ASSIGN assignment .)
    TOKEN_COMMA     reduce using rule 14 (assignment -> unary TOKEN_RSHIFT_ASSIGN assignment .)
    TOKEN_COLON     reduce using rule 14 (assignment -> unary TOKEN_RSHIFT_ASSIGN assignment .)
    TOKEN_RBRACE    reduce using rule 14 (assignment -> unary TOKEN_RSHIFT_ASSIGN assignment .)
    TOKEN_FAT_ARROW reduce using rule 14 (assignment -> unary TOKEN_RSHIFT_ASSIGN assignment .)


state 182

    (142) assignment -> unary TOKEN_ASSIGN assignment .

    TOKEN_SEMICOLON reduce using rule 142 (assignment -> unary TOKEN_ASSIGN assignment .)
    TOKEN_RBRACKET  reduce using rule 142 (assignment -> unary TOKEN_ASSIGN assignment .)
    TOKEN_RPAREN    reduce using rule 142 (assignment -> unary TOKEN_ASSIGN assignment .)
    TOKEN_COMMA     reduce using rule 142 (assignment -> unary TOKEN_ASSIGN assignment .)
    TOKEN_COLON     reduce using rule 142 (assignment -> unary TOKEN_ASSIGN assignment .)
    TOKEN_RBRACE    reduce using rule 142 (assignment -> unary TOKEN_ASSIGN assignment .)
    TOKEN_FAT_ARROW reduce using rule 142 (assignment -> unary TOKEN_ASSIGN assignment .)


state 183

    (153) assignment -> unary TOKEN_PLUS_EQ assignment .

    TOKEN_SEMICOLON reduce using rule 153 (assignment -> unary TOKEN_PLUS_EQ assignment .)
    TOKEN_RBRACKET  reduce using rule 153 (assignment -> unary TOKEN_PLUS_EQ assignment .)
    TOKEN_RPAREN    reduce using rule 153 (assignment -> unary TOKEN_PLUS_EQ assignment .)
    TOKEN_COMMA     reduce using rule 153 (assignment -> unary TOKEN_PLUS_EQ assignment .)
    TOKEN_COLON     reduce using rule 153 (assignment -> unary TOKEN_PLUS_EQ assignment .)
    TOKEN_RBRACE    reduce using rule 153 (assignment -> unary TOKEN_PLUS_EQ assignment .)
    TOKEN_FAT_ARROW reduce using rule 153 (assignment -> unary TOKEN_PLUS_EQ assignment .)


state 184

    (164) assignment -> unary TOKEN_MINUS_EQ assignment .

    TOKEN_SEMICOLON reduce using rule 164 (assignment -> unary TOKEN_MINUS_EQ assignment .)
    TOKEN_RBRACKET  reduce using rule 164 (assignment -> unary TOKEN_MINUS_EQ assignment .)
    TOKEN_RPAREN    reduce using rule 164 (assignment -> unary TOKEN_MINUS_EQ assignment .)
    TOKEN_COMMA     reduce using rule 164 (assignment -> unary TOKEN_MINUS_EQ assignment .)
    TOKEN_COLON     reduce using rule 164 (assignment -> unary TOKEN_MINUS_EQ assignment .)
    TOKEN_RBRACE    reduce using rule 164 (assignment -> unary TOKEN_MINUS_EQ assignment .)
    TOKEN_FAT_ARROW reduce using rule 164 (assignment -> unary TOKEN_MINUS_EQ assignment .)


state 185

    (175) assignment -> unary TOKEN_STAR_EQ assignment .

    TOKEN_SEMICOLON reduce using rule 175 (assignment -> unary TOKEN_STAR_EQ assignment .)
    TOKEN_RBRACKET  reduce using rule 175 (assignment -> unary TOKEN_STAR_EQ assignment .)
    TOKEN_RPAREN    reduce using rule 175 (assignment -> unary TOKEN_STAR_EQ assignment .)
    TOKEN_COMMA     reduce using rule 175 (assignment -> unary TOKEN_STAR_EQ assignment .)
    TOKEN_COLON     reduce using rule 175 (assignment -> unary TOKEN_STAR_EQ assignment .)
    TOKEN_RBRACE    reduce using rule 175 (assignment -> unary TOKEN_STAR_EQ assignment .)
    TOKEN_FAT_ARROW reduce using rule 175 (assignment -> unary TOKEN_STAR_EQ assignment .)


state 186

    (186) assignment -> unary TOKEN_SLASH_EQ assignment .

    TOKEN_SEMICOLON reduce using rule 186 (assignment -> unary TOKEN_SLASH_EQ assignment .)
    TOKEN_RBRACKET  reduce using rule 186 (assignment -> unary TOKEN_SLASH_EQ assignment .)
    TOKEN_RPAREN    reduce using rule 186 (assignment -> unary TOKEN_SLASH_EQ assignment .)
    TOKEN_COMMA     reduce using rule 186 (assignment -> unary TOKEN_SLASH_EQ assignment .)
    TOKEN_COLON     reduce using rule 186 (assignment -> unary TOKEN_SLASH_EQ assignment .)
    TOKEN_RBRACE    reduce using rule 186 (assignment -> unary TOKEN_SLASH_EQ assignment .)
    TOKEN_FAT_ARROW reduce using rule 186 (assignment -> unary TOKEN_SLASH_EQ assignment .)


state 187

    (197) assignment -> unary TOKEN_MOD_EQ assignment .

    TOKEN_SEMICOLON reduce using rule 197 (assignment -> unary TOKEN_MOD_EQ assignment .)
    TOKEN_RBRACKET  reduce using rule 197 (assignment -> unary TOKEN_MOD_EQ assignment .)
    TOKEN_RPAREN    reduce using rule 197 (assignment -> unary TOKEN_MOD_EQ assignment .)
    TOKEN_COMMA     reduce using rule 197 (assignment -> unary TOKEN_MOD_EQ assignment .)
    TOKEN_COLON     reduce using rule 197 (assignment -> unary TOKEN_MOD_EQ assignment .)
    TOKEN_RBRACE    reduce using rule 197 (assignment -> unary TOKEN_MOD_EQ assignment .)
    TOKEN_FAT_ARROW reduce using rule 197 (assignment -> unary TOKEN_MOD_EQ assignment .)


state 188

    (152) postfix -> postfix TOKEN_LPAREN arg_list . TOKEN_RPAREN

    TOKEN_RPAREN    shift and go to state 231


state 189

    (165) arg_list -> arg_list_nonempty .
    (168) arg_list_nonempty -> arg_list_nonempty . TOKEN_COMMA expr

    TOKEN_RPAREN    reduce using rule 165 (arg_list -> arg_list_nonempty .)
    TOKEN_COMMA     shift and go to state 232


state 190

    (167) arg_list_nonempty -> expr .

    TOKEN_COMMA     reduce using rule 167 (arg_list_nonempty -> expr .)
    TOKEN_RPAREN    reduce using rule 167 (arg_list_nonempty -> expr .)


state 191

    (154) postfix -> postfix TOKEN_LBRACKET expr . TOKEN_RBRACKET

    TOKEN_RBRACKET  shift and go to state 233


state 192

    (155) postfix -> postfix TOKEN_DOT TOKEN_IDENTIFIER .

    TOKEN_LPAREN    reduce using rule 155 (postfix -> postfix TOKEN_DOT TOKEN_IDENTIFIER .)
    TOKEN_LBRACKET  reduce using rule 155 (postfix -> postfix TOKEN_DOT TOKEN_IDENTIFIER .)
    TOKEN_DOT       reduce using rule 155 (postfix -> postfix TOKEN_DOT TOKEN_IDENTIFIER .)
    TOKEN_SCOPE_RES reduce using rule 155 (postfix -> postfix TOKEN_DOT TOKEN_IDENTIFIER .)
    TOKEN_ARROW     reduce using rule 155 (postfix -> postfix TOKEN_DOT TOKEN_IDENTIFIER .)
    TOKEN_LEFT_ARROW reduce using rule 155 (postfix -> postfix TOKEN_DOT TOKEN_IDENTIFIER .)
    TOKEN_LSHIFT_ASSIGN reduce using rule 155 (postfix -> postfix TOKEN_DOT TOKEN_IDENTIFIER .)
    TOKEN_RSHIFT_ASSIGN reduce using rule 155 (postfix -> postfix TOKEN_DOT TOKEN_IDENTIFIER .)
    TOKEN_ASSIGN    reduce using rule 155 (postfix -> postfix TOKEN_DOT TOKEN_IDENTIFIER .)
    TOKEN_PLUS_EQ   reduce using rule 155 (postfix -> postfix TOKEN_DOT TOKEN_IDENTIFIER .)
    TOKEN_MINUS_EQ  reduce using rule 155 (postfix -> postfix TOKEN_DOT TOKEN_IDENTIFIER .)
    TOKEN_STAR_EQ   reduce using rule 155 (postfix -> postfix TOKEN_DOT TOKEN_IDENTIFIER .)
    TOKEN_SLASH_EQ  reduce using rule 155 (postfix -> postfix TOKEN_DOT TOKEN_IDENTIFIER .)
    TOKEN_MOD_EQ    reduce using rule 155 (postfix -> postfix TOKEN_DOT TOKEN_IDENTIFIER .)
    TOKEN_STAR      reduce using rule 155 (postfix -> postfix TOKEN_DOT TOKEN_IDENTIFIER .)
    TOKEN_SLASH     reduce using rule 155 (postfix -> postfix TOKEN_DOT TOKEN_IDENTIFIER .)
    TOKEN_MOD       reduce using rule 155 (postfix -> postfix TOKEN_DOT TOKEN_IDENTIFIER .)
    TOKEN_PLUS      reduce using rule 155 (postfix -> postfix TOKEN_DOT TOKEN_IDENTIFIER .)
    TOKEN_MINUS     reduce using rule 155 (postfix -> postfix TOKEN_DOT TOKEN_IDENTIFIER .)
    TOKEN_LT        reduce using rule 155 (postfix -> postfix TOKEN_DOT TOKEN_IDENTIFIER .)
    TOKEN_GT        reduce using rule 155 (postfix -> postfix TOKEN_DOT TOKEN_IDENTIFIER .)
    TOKEN_LE        reduce using rule 155 (postfix -> postfix TOKEN_DOT TOKEN_IDENTIFIER .)
    TOKEN_GE        reduce using rule 155 (postfix -> postfix TOKEN_DOT TOKEN_IDENTIFIER .)
    TOKEN_EQ        reduce using rule 155 (postfix -> postfix TOKEN_DOT TOKEN_IDENTIFIER .)
    TOKEN_NEQ       reduce using rule 155 (postfix -> postfix TOKEN_DOT TOKEN_IDENTIFIER .)
    TOKEN_AMPERSAND reduce using rule 155 (postfix -> postfix TOKEN_DOT TOKEN_IDENTIFIER .)
    TOKEN_NAND      reduce using rule 155 (postfix -> postfix TOKEN_DOT TOKEN_IDENTIFIER .)
    TOKEN_XOR       reduce using rule 155 (postfix -> postfix TOKEN_DOT TOKEN_IDENTIFIER .)
    TOKEN_BIT_OR    reduce using rule 155 (postfix -> postfix TOKEN_DOT TOKEN_IDENTIFIER .)
    TOKEN_AND       reduce using rule 155 (postfix -> postfix TOKEN_DOT TOKEN_IDENTIFIER .)
    TOKEN_QUESTION  reduce using rule 155 (postfix -> postfix TOKEN_DOT TOKEN_IDENTIFIER .)
    TOKEN_OR        reduce using rule 155 (postfix -> postfix TOKEN_DOT TOKEN_IDENTIFIER .)
    TOKEN_SEMICOLON reduce using rule 155 (postfix -> postfix TOKEN_DOT TOKEN_IDENTIFIER .)
    TOKEN_RBRACKET  reduce using rule 155 (postfix -> postfix TOKEN_DOT TOKEN_IDENTIFIER .)
    TOKEN_RPAREN    reduce using rule 155 (postfix -> postfix TOKEN_DOT TOKEN_IDENTIFIER .)
    TOKEN_COMMA     reduce using rule 155 (postfix -> postfix TOKEN_DOT TOKEN_IDENTIFIER .)
    TOKEN_COLON     reduce using rule 155 (postfix -> postfix TOKEN_DOT TOKEN_IDENTIFIER .)
    TOKEN_RBRACE    reduce using rule 155 (postfix -> postfix TOKEN_DOT TOKEN_IDENTIFIER .)
    TOKEN_FAT_ARROW reduce using rule 155 (postfix -> postfix TOKEN_DOT TOKEN_IDENTIFIER .)


state 193

    (156) postfix -> postfix TOKEN_SCOPE_RES TOKEN_IDENTIFIER .

    TOKEN_LPAREN    reduce using rule 156 (postfix -> postfix TOKEN_SCOPE_RES TOKEN_IDENTIFIER .)
    TOKEN_LBRACKET  reduce using rule 156 (postfix -> postfix TOKEN_SCOPE_RES TOKEN_IDENTIFIER .)
    TOKEN_DOT       reduce using rule 156 (postfix -> postfix TOKEN_SCOPE_RES TOKEN_IDENTIFIER .)
    TOKEN_SCOPE_RES reduce using rule 156 (postfix -> postfix TOKEN_SCOPE_RES TOKEN_IDENTIFIER .)
    TOKEN_ARROW     reduce using rule 156 (postfix -> postfix TOKEN_SCOPE_RES TOKEN_IDENTIFIER .)
    TOKEN_LEFT_ARROW reduce using rule 156 (postfix -> postfix TOKEN_SCOPE_RES TOKEN_IDENTIFIER .)
    TOKEN_LSHIFT_ASSIGN reduce using rule 156 (postfix -> postfix TOKEN_SCOPE_RES TOKEN_IDENTIFIER .)
    TOKEN_RSHIFT_ASSIGN reduce using rule 156 (postfix -> postfix TOKEN_SCOPE_RES TOKEN_IDENTIFIER .)
    TOKEN_ASSIGN    reduce using rule 156 (postfix -> postfix TOKEN_SCOPE_RES TOKEN_IDENTIFIER .)
    TOKEN_PLUS_EQ   reduce using rule 156 (postfix -> postfix TOKEN_SCOPE_RES TOKEN_IDENTIFIER .)
    TOKEN_MINUS_EQ  reduce using rule 156 (postfix -> postfix TOKEN_SCOPE_RES TOKEN_IDENTIFIER .)
    TOKEN_STAR_EQ   reduce using rule 156 (postfix -> postfix TOKEN_SCOPE_RES TOKEN_IDENTIFIER .)
    TOKEN_SLASH_EQ  reduce using rule 156 (postfix -> postfix TOKEN_SCOPE_RES TOKEN_IDENTIFIER .)
    TOKEN_MOD_EQ    reduce using rule 156 (postfix -> postfix TOKEN_SCOPE_RES TOKEN_IDENTIFIER .)
    TOKEN_STAR      reduce using rule 156 (postfix -> postfix TOKEN_SCOPE_RES TOKEN_IDENTIFIER .)
    TOKEN_SLASH     reduce using rule 156 (postfix -> postfix TOKEN_SCOPE_RES TOKEN_IDENTIFIER .)
    TOKEN_MOD       reduce using rule 156 (postfix -> postfix TOKEN_SCOPE_RES TOKEN_IDENTIFIER .)
    TOKEN_PLUS      reduce using rule 156 (postfix -> postfix TOKEN_SCOPE_RES TOKEN_IDENTIFIER .)
    TOKEN_MINUS     reduce using rule 156 (postfix -> postfix TOKEN_SCOPE_RES TOKEN_IDENTIFIER .)
    TOKEN_LT        reduce using rule 156 (postfix -> postfix TOKEN_SCOPE_RES TOKEN_IDENTIFIER .)
    TOKEN_GT        reduce using rule 156 (postfix -> postfix TOKEN_SCOPE_RES TOKEN_IDENTIFIER .)
    TOKEN_LE        reduce using rule 156 (postfix -> postfix TOKEN_SCOPE_RES TOKEN_IDENTIFIER .)
    TOKEN_GE        reduce using rule 156 (postfix -> postfix TOKEN_SCOPE_RES TOKEN_IDENTIFIER .)
    TOKEN_EQ        reduce using rule 156 (postfix -> postfix TOKEN_SCOPE_RES TOKEN_IDENTIFIER .)
    TOKEN_NEQ       reduce using rule 156 (postfix -> postfix TOKEN_SCOPE_RES TOKEN_IDENTIFIER .)
    TOKEN_AMPERSAND reduce using rule 156 (postfix -> postfix TOKEN_SCOPE_RES TOKEN_IDENTIFIER .)
    TOKEN_NAND      reduce using rule 156 (postfix -> postfix TOKEN_SCOPE_RES TOKEN_IDENTIFIER .)
    TOKEN_XOR       reduce using rule 156 (postfix -> postfix TOKEN_SCOPE_RES TOKEN_IDENTIFIER .)
    TOKEN_BIT_OR    reduce using rule 156 (postfix -> postfix TOKEN_SCOPE_RES TOKEN_IDENTIFIER .)
    TOKEN_AND       reduce using rule 156 (postfix -> postfix TOKEN_SCOPE_RES TOKEN_IDENTIFIER .)
    TOKEN_QUESTION  reduce using rule 156 (postfix -> postfix TOKEN_SCOPE_RES TOKEN_IDENTIFIER .)
    TOKEN_OR        reduce using rule 156 (postfix -> postfix TOKEN_SCOPE_RES TOKEN_IDENTIFIER .)
    TOKEN_SEMICOLON reduce using rule 156 (postfix -> postfix TOKEN_SCOPE_RES TOKEN_IDENTIFIER .)
    TOKEN_RBRACKET  reduce using rule 156 (postfix -> postfix TOKEN_SCOPE_RES TOKEN_IDENTIFIER .)
    TOKEN_RPAREN    reduce using rule 156 (postfix -> postfix TOKEN_SCOPE_RES TOKEN_IDENTIFIER .)
    TOKEN_COMMA     reduce using rule 156 (postfix -> postfix TOKEN_SCOPE_RES TOKEN_IDENTIFIER .)
    TOKEN_COLON     reduce using rule 156 (postfix -> postfix TOKEN_SCOPE_RES TOKEN_IDENTIFIER .)
    TOKEN_RBRACE    reduce using rule 156 (postfix -> postfix TOKEN_SCOPE_RES TOKEN_IDENTIFIER .)
    TOKEN_FAT_ARROW reduce using rule 156 (postfix -> postfix TOKEN_SCOPE_RES TOKEN_IDENTIFIER .)


state 194

    (157) postfix -> postfix TOKEN_ARROW TOKEN_IDENTIFIER .

    TOKEN_LPAREN    reduce using rule 157 (postfix -> postfix TOKEN_ARROW TOKEN_IDENTIFIER .)
    TOKEN_LBRACKET  reduce using rule 157 (postfix -> postfix TOKEN_ARROW TOKEN_IDENTIFIER .)
    TOKEN_DOT       reduce using rule 157 (postfix -> postfix TOKEN_ARROW TOKEN_IDENTIFIER .)
    TOKEN_SCOPE_RES reduce using rule 157 (postfix -> postfix TOKEN_ARROW TOKEN_IDENTIFIER .)
    TOKEN_ARROW     reduce using rule 157 (postfix -> postfix TOKEN_ARROW TOKEN_IDENTIFIER .)
    TOKEN_LEFT_ARROW reduce using rule 157 (postfix -> postfix TOKEN_ARROW TOKEN_IDENTIFIER .)
    TOKEN_LSHIFT_ASSIGN reduce using rule 157 (postfix -> postfix TOKEN_ARROW TOKEN_IDENTIFIER .)
    TOKEN_RSHIFT_ASSIGN reduce using rule 157 (postfix -> postfix TOKEN_ARROW TOKEN_IDENTIFIER .)
    TOKEN_ASSIGN    reduce using rule 157 (postfix -> postfix TOKEN_ARROW TOKEN_IDENTIFIER .)
    TOKEN_PLUS_EQ   reduce using rule 157 (postfix -> postfix TOKEN_ARROW TOKEN_IDENTIFIER .)
    TOKEN_MINUS_EQ  reduce using rule 157 (postfix -> postfix TOKEN_ARROW TOKEN_IDENTIFIER .)
    TOKEN_STAR_EQ   reduce using rule 157 (postfix -> postfix TOKEN_ARROW TOKEN_IDENTIFIER .)
    TOKEN_SLASH_EQ  reduce using rule 157 (postfix -> postfix TOKEN_ARROW TOKEN_IDENTIFIER .)
    TOKEN_MOD_EQ    reduce using rule 157 (postfix -> postfix TOKEN_ARROW TOKEN_IDENTIFIER .)
    TOKEN_STAR      reduce using rule 157 (postfix -> postfix TOKEN_ARROW TOKEN_IDENTIFIER .)
    TOKEN_SLASH     reduce using rule 157 (postfix -> postfix TOKEN_ARROW TOKEN_IDENTIFIER .)
    TOKEN_MOD       reduce using rule 157 (postfix -> postfix TOKEN_ARROW TOKEN_IDENTIFIER .)
    TOKEN_PLUS      reduce using rule 157 (postfix -> postfix TOKEN_ARROW TOKEN_IDENTIFIER .)
    TOKEN_MINUS     reduce using rule 157 (postfix -> postfix TOKEN_ARROW TOKEN_IDENTIFIER .)
    TOKEN_LT        reduce using rule 157 (postfix -> postfix TOKEN_ARROW TOKEN_IDENTIFIER .)
    TOKEN_GT        reduce using rule 157 (postfix -> postfix TOKEN_ARROW TOKEN_IDENTIFIER .)
    TOKEN_LE        reduce using rule 157 (postfix -> postfix TOKEN_ARROW TOKEN_IDENTIFIER .)
    TOKEN_GE        reduce using rule 157 (postfix -> postfix TOKEN_ARROW TOKEN_IDENTIFIER .)
    TOKEN_EQ        reduce using rule 157 (postfix -> postfix TOKEN_ARROW TOKEN_IDENTIFIER .)
    TOKEN_NEQ       reduce using rule 157 (postfix -> postfix TOKEN_ARROW TOKEN_IDENTIFIER .)
    TOKEN_AMPERSAND reduce using rule 157 (postfix -> postfix TOKEN_ARROW TOKEN_IDENTIFIER .)
    TOKEN_NAND      reduce using rule 157 (postfix -> postfix TOKEN_ARROW TOKEN_IDENTIFIER .)
    TOKEN_XOR       reduce using rule 157 (postfix -> postfix TOKEN_ARROW TOKEN_IDENTIFIER .)
    TOKEN_BIT_OR    reduce using rule 157 (postfix -> postfix TOKEN_ARROW TOKEN_IDENTIFIER .)
    TOKEN_AND       reduce using rule 157 (postfix -> postfix TOKEN_ARROW TOKEN_IDENTIFIER .)
    TOKEN_QUESTION  reduce using rule 157 (postfix -> postfix TOKEN_ARROW TOKEN_IDENTIFIER .)
    TOKEN_OR        reduce using rule 157 (postfix -> postfix TOKEN_ARROW TOKEN_IDENTIFIER .)
    TOKEN_SEMICOLON reduce using rule 157 (postfix -> postfix TOKEN_ARROW TOKEN_IDENTIFIER .)
    TOKEN_RBRACKET  reduce using rule 157 (postfix -> postfix TOKEN_ARROW TOKEN_IDENTIFIER .)
    TOKEN_RPAREN    reduce using rule 157 (postfix -> postfix TOKEN_ARROW TOKEN_IDENTIFIER .)
    TOKEN_COMMA     reduce using rule 157 (postfix -> postfix TOKEN_ARROW TOKEN_IDENTIFIER .)
    TOKEN_COLON     reduce using rule 157 (postfix -> postfix TOKEN_ARROW TOKEN_IDENTIFIER .)
    TOKEN_RBRACE    reduce using rule 157 (postfix -> postfix TOKEN_ARROW TOKEN_IDENTIFIER .)
    TOKEN_FAT_ARROW reduce using rule 157 (postfix -> postfix TOKEN_ARROW TOKEN_IDENTIFIER .)


state 195

    (158) postfix -> postfix TOKEN_LEFT_ARROW TOKEN_IDENTIFIER .

    TOKEN_LPAREN    reduce using rule 158 (postfix -> postfix TOKEN_LEFT_ARROW TOKEN_IDENTIFIER .)
    TOKEN_LBRACKET  reduce using rule 158 (postfix -> postfix TOKEN_LEFT_ARROW TOKEN_IDENTIFIER .)
    TOKEN_DOT       reduce using rule 158 (postfix -> postfix TOKEN_LEFT_ARROW TOKEN_IDENTIFIER .)
    TOKEN_SCOPE_RES reduce using rule 158 (postfix -> postfix TOKEN_LEFT_ARROW TOKEN_IDENTIFIER .)
    TOKEN_ARROW     reduce using rule 158 (postfix -> postfix TOKEN_LEFT_ARROW TOKEN_IDENTIFIER .)
    TOKEN_LEFT_ARROW reduce using rule 158 (postfix -> postfix TOKEN_LEFT_ARROW TOKEN_IDENTIFIER .)
    TOKEN_LSHIFT_ASSIGN reduce using rule 158 (postfix -> postfix TOKEN_LEFT_ARROW TOKEN_IDENTIFIER .)
    TOKEN_RSHIFT_ASSIGN reduce using rule 158 (postfix -> postfix TOKEN_LEFT_ARROW TOKEN_IDENTIFIER .)
    TOKEN_ASSIGN    reduce using rule 158 (postfix -> postfix TOKEN_LEFT_ARROW TOKEN_IDENTIFIER .)
    TOKEN_PLUS_EQ   reduce using rule 158 (postfix -> postfix TOKEN_LEFT_ARROW TOKEN_IDENTIFIER .)
    TOKEN_MINUS_EQ  reduce using rule 158 (postfix -> postfix TOKEN_LEFT_ARROW TOKEN_IDENTIFIER .)
    TOKEN_STAR_EQ   reduce using rule 158 (postfix -> postfix TOKEN_LEFT_ARROW TOKEN_IDENTIFIER .)
    TOKEN_SLASH_EQ  reduce using rule 158 (postfix -> postfix TOKEN_LEFT_ARROW TOKEN_IDENTIFIER .)
    TOKEN_MOD_EQ    reduce using rule 158 (postfix -> postfix TOKEN_LEFT_ARROW TOKEN_IDENTIFIER .)
    TOKEN_STAR      reduce using rule 158 (postfix -> postfix TOKEN_LEFT_ARROW TOKEN_IDENTIFIER .)
    TOKEN_SLASH     reduce using rule 158 (postfix -> postfix TOKEN_LEFT_ARROW TOKEN_IDENTIFIER .)
    TOKEN_MOD       reduce using rule 158 (postfix -> postfix TOKEN_LEFT_ARROW TOKEN_IDENTIFIER .)
    TOKEN_PLUS      reduce using rule 158 (postfix -> postfix TOKEN_LEFT_ARROW TOKEN_IDENTIFIER .)
    TOKEN_MINUS     reduce using rule 158 (postfix -> postfix TOKEN_LEFT_ARROW TOKEN_IDENTIFIER .)
    TOKEN_LT        reduce using rule 158 (postfix -> postfix TOKEN_LEFT_ARROW TOKEN_IDENTIFIER .)
    TOKEN_GT        reduce using rule 158 (postfix -> postfix TOKEN_LEFT_ARROW TOKEN_IDENTIFIER .)
    TOKEN_LE        reduce using rule 158 (postfix -> postfix TOKEN_LEFT_ARROW TOKEN_IDENTIFIER .)
    TOKEN_GE        reduce using rule 158 (postfix -> postfix TOKEN_LEFT_ARROW TOKEN_IDENTIFIER .)
    TOKEN_EQ        reduce using rule 158 (postfix -> postfix TOKEN_LEFT_ARROW TOKEN_IDENTIFIER .)
    TOKEN_NEQ       reduce using rule 158 (postfix -> postfix TOKEN_LEFT_ARROW TOKEN_IDENTIFIER .)
    TOKEN_AMPERSAND reduce using rule 158 (postfix -> postfix TOKEN_LEFT_ARROW TOKEN_IDENTIFIER .)
    TOKEN_NAND      reduce using rule 158 (postfix -> postfix TOKEN_LEFT_ARROW TOKEN_IDENTIFIER .)
    TOKEN_XOR       reduce using rule 158 (postfix -> postfix TOKEN_LEFT_ARROW TOKEN_IDENTIFIER .)
    TOKEN_BIT_OR    reduce using rule 158 (postfix -> postfix TOKEN_LEFT_ARROW TOKEN_IDENTIFIER .)
    TOKEN_AND       reduce using rule 158 (postfix -> postfix TOKEN_LEFT_ARROW TOKEN_IDENTIFIER .)
    TOKEN_QUESTION  reduce using rule 158 (postfix -> postfix TOKEN_LEFT_ARROW TOKEN_IDENTIFIER .)
    TOKEN_OR        reduce using rule 158 (postfix -> postfix TOKEN_LEFT_ARROW TOKEN_IDENTIFIER .)
    TOKEN_SEMICOLON reduce using rule 158 (postfix -> postfix TOKEN_LEFT_ARROW TOKEN_IDENTIFIER .)
    TOKEN_RBRACKET  reduce using rule 158 (postfix -> postfix TOKEN_LEFT_ARROW TOKEN_IDENTIFIER .)
    TOKEN_RPAREN    reduce using rule 158 (postfix -> postfix TOKEN_LEFT_ARROW TOKEN_IDENTIFIER .)
    TOKEN_COMMA     reduce using rule 158 (postfix -> postfix TOKEN_LEFT_ARROW TOKEN_IDENTIFIER .)
    TOKEN_COLON     reduce using rule 158 (postfix -> postfix TOKEN_LEFT_ARROW TOKEN_IDENTIFIER .)
    TOKEN_RBRACE    reduce using rule 158 (postfix -> postfix TOKEN_LEFT_ARROW TOKEN_IDENTIFIER .)
    TOKEN_FAT_ARROW reduce using rule 158 (postfix -> postfix TOKEN_LEFT_ARROW TOKEN_IDENTIFIER .)


state 196

    (36) ternary -> logical_or TOKEN_QUESTION expr . TOKEN_COLON ternary

    TOKEN_COLON     shift and go to state 234


state 197

    (58) logical_or -> logical_or TOKEN_OR logical_and .
    (80) logical_and -> logical_and . TOKEN_AND bit_or

    TOKEN_QUESTION  reduce using rule 58 (logical_or -> logical_or TOKEN_OR logical_and .)
    TOKEN_OR        reduce using rule 58 (logical_or -> logical_or TOKEN_OR logical_and .)
    TOKEN_SEMICOLON reduce using rule 58 (logical_or -> logical_or TOKEN_OR logical_and .)
    TOKEN_RBRACKET  reduce using rule 58 (logical_or -> logical_or TOKEN_OR logical_and .)
    TOKEN_RPAREN    reduce using rule 58 (logical_or -> logical_or TOKEN_OR logical_and .)
    TOKEN_COMMA     reduce using rule 58 (logical_or -> logical_or TOKEN_OR logical_and .)
    TOKEN_COLON     reduce using rule 58 (logical_or -> logical_or TOKEN_OR logical_and .)
    TOKEN_RBRACE    reduce using rule 58 (logical_or -> logical_or TOKEN_OR logical_and .)
    TOKEN_FAT_ARROW reduce using rule 58 (logical_or -> logical_or TOKEN_OR logical_and .)
    TOKEN_AND       shift and go to state 147


state 198

    (138) multiplicative -> unary .

    TOKEN_STAR      reduce using rule 138 (multiplicative -> unary .)
    TOKEN_SLASH     reduce using rule 138 (multiplicative -> unary .)
    TOKEN_MOD       reduce using rule 138 (multiplicative -> unary .)
    TOKEN_PLUS      reduce using rule 138 (multiplicative -> unary .)
    TOKEN_MINUS     reduce using rule 138 (multiplicative -> unary .)
    TOKEN_LT        reduce using rule 138 (multiplicative -> unary .)
    TOKEN_GT        reduce using rule 138 (multiplicative -> unary .)
    TOKEN_LE        reduce using rule 138 (multiplicative -> unary .)
    TOKEN_GE        reduce using rule 138 (multiplicative -> unary .)
    TOKEN_EQ        reduce using rule 138 (multiplicative -> unary .)
    TOKEN_NEQ       reduce using rule 138 (multiplicative -> unary .)
    TOKEN_AMPERSAND reduce using rule 138 (multiplicative -> unary .)
    TOKEN_NAND      reduce using rule 138 (multiplicative -> unary .)
    TOKEN_XOR       reduce using rule 138 (multiplicative -> unary .)
    TOKEN_BIT_OR    reduce using rule 138 (multiplicative -> unary .)
    TOKEN_AND       reduce using rule 138 (multiplicative -> unary .)
    TOKEN_QUESTION  reduce using rule 138 (multiplicative -> unary .)
    TOKEN_OR        reduce using rule 138 (multiplicative -> unary .)
    TOKEN_SEMICOLON reduce using rule 138 (multiplicative -> unary .)
    TOKEN_RBRACKET  reduce using rule 138 (multiplicative -> unary .)
    TOKEN_RPAREN    reduce using rule 138 (multiplicative -> unary .)
    TOKEN_COMMA     reduce using rule 138 (multiplicative -> unary .)
    TOKEN_COLON     reduce using rule 138 (multiplicative -> unary .)
    TOKEN_RBRACE    reduce using rule 138 (multiplicative -> unary .)
    TOKEN_FAT_ARROW reduce using rule 138 (multiplicative -> unary .)


state 199

    (162) primary -> TOKEN_LPAREN expr TOKEN_RPAREN .

    TOKEN_LPAREN    reduce using rule 162 (primary -> TOKEN_LPAREN expr TOKEN_RPAREN .)
    TOKEN_LBRACKET  reduce using rule 162 (primary -> TOKEN_LPAREN expr TOKEN_RPAREN .)
    TOKEN_DOT       reduce using rule 162 (primary -> TOKEN_LPAREN expr TOKEN_RPAREN .)
    TOKEN_SCOPE_RES reduce using rule 162 (primary -> TOKEN_LPAREN expr TOKEN_RPAREN .)
    TOKEN_ARROW     reduce using rule 162 (primary -> TOKEN_LPAREN expr TOKEN_RPAREN .)
    TOKEN_LEFT_ARROW reduce using rule 162 (primary -> TOKEN_LPAREN expr TOKEN_RPAREN .)
    TOKEN_LSHIFT_ASSIGN reduce using rule 162 (primary -> TOKEN_LPAREN expr TOKEN_RPAREN .)
    TOKEN_RSHIFT_ASSIGN reduce using rule 162 (primary -> TOKEN_LPAREN expr TOKEN_RPAREN .)
    TOKEN_ASSIGN    reduce using rule 162 (primary -> TOKEN_LPAREN expr TOKEN_RPAREN .)
    TOKEN_PLUS_EQ   reduce using rule 162 (primary -> TOKEN_LPAREN expr TOKEN_RPAREN .)
    TOKEN_MINUS_EQ  reduce using rule 162 (primary -> TOKEN_LPAREN expr TOKEN_RPAREN .)
    TOKEN_STAR_EQ   reduce using rule 162 (primary -> TOKEN_LPAREN expr TOKEN_RPAREN .)
    TOKEN_SLASH_EQ  reduce using rule 162 (primary -> TOKEN_LPAREN expr TOKEN_RPAREN .)
    TOKEN_MOD_EQ    reduce using rule 162 (primary -> TOKEN_LPAREN expr TOKEN_RPAREN .)
    TOKEN_STAR      reduce using rule 162 (primary -> TOKEN_LPAREN expr TOKEN_RPAREN .)
    TOKEN_SLASH     reduce using rule 162 (primary -> TOKEN_LPAREN expr TOKEN_RPAREN .)
    TOKEN_MOD       reduce using rule 162 (primary -> TOKEN_LPAREN expr TOKEN_RPAREN .)
    TOKEN_PLUS      reduce using rule 162 (primary -> TOKEN_LPAREN expr TOKEN_RPAREN .)
    TOKEN_MINUS     reduce using rule 162 (primary -> TOKEN_LPAREN expr TOKEN_RPAREN .)
    TOKEN_LT        reduce using rule 162 (primary -> TOKEN_LPAREN expr TOKEN_RPAREN .)
    TOKEN_GT        reduce using rule 162 (primary -> TOKEN_LPAREN expr TOKEN_RPAREN .)
    TOKEN_LE        reduce using rule 162 (primary -> TOKEN_LPAREN expr TOKEN_RPAREN .)
    TOKEN_GE        reduce using rule 162 (primary -> TOKEN_LPAREN expr TOKEN_RPAREN .)
    TOKEN_EQ        reduce using rule 162 (primary -> TOKEN_LPAREN expr TOKEN_RPAREN .)
    TOKEN_NEQ       reduce using rule 162 (primary -> TOKEN_LPAREN expr TOKEN_RPAREN .)
    TOKEN_AMPERSAND reduce using rule 162 (primary -> TOKEN_LPAREN expr TOKEN_RPAREN .)
    TOKEN_NAND      reduce using rule 162 (primary -> TOKEN_LPAREN expr TOKEN_RPAREN .)
    TOKEN_XOR       reduce using rule 162 (primary -> TOKEN_LPAREN expr TOKEN_RPAREN .)
    TOKEN_BIT_OR    reduce using rule 162 (primary -> TOKEN_LPAREN expr TOKEN_RPAREN .)
    TOKEN_AND       reduce using rule 162 (primary -> TOKEN_LPAREN expr TOKEN_RPAREN .)
    TOKEN_QUESTION  reduce using rule 162 (primary -> TOKEN_LPAREN expr TOKEN_RPAREN .)
    TOKEN_OR        reduce using rule 162 (primary -> TOKEN_LPAREN expr TOKEN_RPAREN .)
    TOKEN_SEMICOLON reduce using rule 162 (primary -> TOKEN_LPAREN expr TOKEN_RPAREN .)
    TOKEN_RBRACKET  reduce using rule 162 (primary -> TOKEN_LPAREN expr TOKEN_RPAREN .)
    TOKEN_RPAREN    reduce using rule 162 (primary -> TOKEN_LPAREN expr TOKEN_RPAREN .)
    TOKEN_COMMA     reduce using rule 162 (primary -> TOKEN_LPAREN expr TOKEN_RPAREN .)
    TOKEN_COLON     reduce using rule 162 (primary -> TOKEN_LPAREN expr TOKEN_RPAREN .)
    TOKEN_RBRACE    reduce using rule 162 (primary -> TOKEN_LPAREN expr TOKEN_RPAREN .)
    TOKEN_FAT_ARROW reduce using rule 162 (primary -> TOKEN_LPAREN expr TOKEN_RPAREN .)


state 200

    (80) logical_and -> logical_and TOKEN_AND bit_or .
    (102) bit_or -> bit_or . TOKEN_BIT_OR xor

    TOKEN_AND       reduce using rule 80 (logical_and -> logical_and TOKEN_AND bit_or .)
    TOKEN_QUESTION  reduce using rule 80 (logical_and -> logical_and TOKEN_AND bit_or .)
    TOKEN_OR        reduce using rule 80 (logical_and -> logical_and TOKEN_AND bit_or .)
    TOKEN_SEMICOLON reduce using rule 80 (logical_and -> logical_and TOKEN_AND bit_or .)
    TOKEN_RBRACKET  reduce using rule 80 (logical_and -> logical_and TOKEN_AND bit_or .)
    TOKEN_RPAREN    reduce using rule 80 (logical_and -> logical_and TOKEN_AND bit_or .)
    TOKEN_COMMA     reduce using rule 80 (logical_and -> logical_and TOKEN_AND bit_or .)
    TOKEN_COLON     reduce using rule 80 (logical_and -> logical_and TOKEN_AND bit_or .)
    TOKEN_RBRACE    reduce using rule 80 (logical_and -> logical_and TOKEN_AND bit_or .)
    TOKEN_FAT_ARROW reduce using rule 80 (logical_and -> logical_and TOKEN_AND bit_or .)
    TOKEN_BIT_OR    shift and go to state 148


state 201

    (102) bit_or -> bit_or TOKEN_BIT_OR xor .
    (122) xor -> xor . TOKEN_XOR bit_and

    TOKEN_BIT_OR    reduce using rule 102 (bit_or -> bit_or TOKEN_BIT_OR xor .)
    TOKEN_AND       reduce using rule 102 (bit_or -> bit_or TOKEN_BIT_OR xor .)
    TOKEN_QUESTION  reduce using rule 102 (bit_or -> bit_or TOKEN_BIT_OR xor .)
    TOKEN_OR        reduce using rule 102 (bit_or -> bit_or TOKEN_BIT_OR xor .)
    TOKEN_SEMICOLON reduce using rule 102 (bit_or -> bit_or TOKEN_BIT_OR xor .)
    TOKEN_RBRACKET  reduce using rule 102 (bit_or -> bit_or TOKEN_BIT_OR xor .)
    TOKEN_RPAREN    reduce using rule 102 (bit_or -> bit_or TOKEN_BIT_OR xor .)
    TOKEN_COMMA     reduce using rule 102 (bit_or -> bit_or TOKEN_BIT_OR xor .)
    TOKEN_COLON     reduce using rule 102 (bit_or -> bit_or TOKEN_BIT_OR xor .)
    TOKEN_RBRACE    reduce using rule 102 (bit_or -> bit_or TOKEN_BIT_OR xor .)
    TOKEN_FAT_ARROW reduce using rule 102 (bit_or -> bit_or TOKEN_BIT_OR xor .)
    TOKEN_XOR       shift and go to state 149


state 202

    (122) xor -> xor TOKEN_XOR bit_and .
    (124) bit_and -> bit_and . TOKEN_AMPERSAND equality
    (125) bit_and -> bit_and . TOKEN_NAND equality

    TOKEN_XOR       reduce using rule 122 (xor -> xor TOKEN_XOR bit_and .)
    TOKEN_BIT_OR    reduce using rule 122 (xor -> xor TOKEN_XOR bit_and .)
    TOKEN_AND       reduce using rule 122 (xor -> xor TOKEN_XOR bit_and .)
    TOKEN_QUESTION  reduce using rule 122 (xor -> xor TOKEN_XOR bit_and .)
    TOKEN_OR        reduce using rule 122 (xor -> xor TOKEN_XOR bit_and .)
    TOKEN_SEMICOLON reduce using rule 122 (xor -> xor TOKEN_XOR bit_and .)
    TOKEN_RBRACKET  reduce using rule 122 (xor -> xor TOKEN_XOR bit_and .)
    TOKEN_RPAREN    reduce using rule 122 (xor -> xor TOKEN_XOR bit_and .)
    TOKEN_COMMA     reduce using rule 122 (xor -> xor TOKEN_XOR bit_and .)
    TOKEN_COLON     reduce using rule 122 (xor -> xor TOKEN_XOR bit_and .)
    TOKEN_RBRACE    reduce using rule 122 (xor -> xor TOKEN_XOR bit_and .)
    TOKEN_FAT_ARROW reduce using rule 122 (xor -> xor TOKEN_XOR bit_and .)
    TOKEN_AMPERSAND shift and go to state 150
    TOKEN_NAND      shift and go to state 151


state 203

    (124) bit_and -> bit_and TOKEN_AMPERSAND equality .
    (127) equality -> equality . TOKEN_EQ relational
    (128) equality -> equality . TOKEN_NEQ relational

    TOKEN_AMPERSAND reduce using rule 124 (bit_and -> bit_and TOKEN_AMPERSAND equality .)
    TOKEN_NAND      reduce using rule 124 (bit_and -> bit_and TOKEN_AMPERSAND equality .)
    TOKEN_XOR       reduce using rule 124 (bit_and -> bit_and TOKEN_AMPERSAND equality .)
    TOKEN_BIT_OR    reduce using rule 124 (bit_and -> bit_and TOKEN_AMPERSAND equality .)
    TOKEN_AND       reduce using rule 124 (bit_and -> bit_and TOKEN_AMPERSAND equality .)
    TOKEN_QUESTION  reduce using rule 124 (bit_and -> bit_and TOKEN_AMPERSAND equality .)
    TOKEN_OR        reduce using rule 124 (bit_and -> bit_and TOKEN_AMPERSAND equality .)
    TOKEN_SEMICOLON reduce using rule 124 (bit_and -> bit_and TOKEN_AMPERSAND equality .)
    TOKEN_RBRACKET  reduce using rule 124 (bit_and -> bit_and TOKEN_AMPERSAND equality .)
    TOKEN_RPAREN    reduce using rule 124 (bit_and -> bit_and TOKEN_AMPERSAND equality .)
    TOKEN_COMMA     reduce using rule 124 (bit_and -> bit_and TOKEN_AMPERSAND equality .)
    TOKEN_COLON     reduce using rule 124 (bit_and -> bit_and TOKEN_AMPERSAND equality .)
    TOKEN_RBRACE    reduce using rule 124 (bit_and -> bit_and TOKEN_AMPERSAND equality .)
    TOKEN_FAT_ARROW reduce using rule 124 (bit_and -> bit_and TOKEN_AMPERSAND equality .)
    TOKEN_EQ        shift and go to state 152
    TOKEN_NEQ       shift and go to state 153


state 204

    (125) bit_and -> bit_and TOKEN_NAND equality .
    (127) equality -> equality . TOKEN_EQ relational
    (128) equality -> equality . TOKEN_NEQ relational

    TOKEN_AMPERSAND reduce using rule 125 (bit_and -> bit_and TOKEN_NAND equality .)
    TOKEN_NAND      reduce using rule 125 (bit_and -> bit_and TOKEN_NAND equality .)
    TOKEN_XOR       reduce using rule 125 (bit_and -> bit_and TOKEN_NAND equality .)
    TOKEN_BIT_OR    reduce using rule 125 (bit_and -> bit_and TOKEN_NAND equality .)
    TOKEN_AND       reduce using rule 125 (bit_and -> bit_and TOKEN_NAND equality .)
    TOKEN_QUESTION  reduce using rule 125 (bit_and -> bit_and TOKEN_NAND equality .)
    TOKEN_OR        reduce using rule 125 (bit_and -> bit_and TOKEN_NAND equality .)
    TOKEN_SEMICOLON reduce using rule 125 (bit_and -> bit_and TOKEN_NAND equality .)
    TOKEN_RBRACKET  reduce using rule 125 (bit_and -> bit_and TOKEN_NAND equality .)
    TOKEN_RPAREN    reduce using rule 125 (bit_and -> bit_and TOKEN_NAND equality .)
    TOKEN_COMMA     reduce using rule 125 (bit_and -> bit_and TOKEN_NAND equality .)
    TOKEN_COLON     reduce using rule 125 (bit_and -> bit_and TOKEN_NAND equality .)
    TOKEN_RBRACE    reduce using rule 125 (bit_and -> bit_and TOKEN_NAND equality .)
    TOKEN_FAT_ARROW reduce using rule 125 (bit_and -> bit_and TOKEN_NAND equality .)
    TOKEN_EQ        shift and go to state 152
    TOKEN_NEQ       shift and go to state 153


state 205

    (127) equality -> equality TOKEN_EQ relational .
    (130) relational -> relational . TOKEN_LT additive
    (132) relational -> relational . TOKEN_GT additive
    (133) relational -> relational . TOKEN_LE additive
    (134) relational -> relational . TOKEN_GE additive

    TOKEN_EQ        reduce using rule 127 (equality -> equality TOKEN_EQ relational .)
    TOKEN_NEQ       reduce using rule 127 (equality -> equality TOKEN_EQ relational .)
    TOKEN_AMPERSAND reduce using rule 127 (equality -> equality TOKEN_EQ relational .)
    TOKEN_NAND      reduce using rule 127 (equality -> equality TOKEN_EQ relational .)
    TOKEN_XOR       reduce using rule 127 (equality -> equality TOKEN_EQ relational .)
    TOKEN_BIT_OR    reduce using rule 127 (equality -> equality TOKEN_EQ relational .)
    TOKEN_AND       reduce using rule 127 (equality -> equality TOKEN_EQ relational .)
    TOKEN_QUESTION  reduce using rule 127 (equality -> equality TOKEN_EQ relational .)
    TOKEN_OR        reduce using rule 127 (equality -> equality TOKEN_EQ relational .)
    TOKEN_SEMICOLON reduce using rule 127 (equality -> equality TOKEN_EQ relational .)
    TOKEN_RBRACKET  reduce using rule 127 (equality -> equality TOKEN_EQ relational .)
    TOKEN_RPAREN    reduce using rule 127 (equality -> equality TOKEN_EQ relational .)
    TOKEN_COMMA     reduce using rule 127 (equality -> equality TOKEN_EQ relational .)
    TOKEN_COLON     reduce using rule 127 (equality -> equality TOKEN_EQ relational .)
    TOKEN_RBRACE    reduce using rule 127 (equality -> equality TOKEN_EQ relational .)
    TOKEN_FAT_ARROW reduce using rule 127 (equality -> equality TOKEN_EQ relational .)
    TOKEN_LT        shift and go to state 154
    TOKEN_GT        shift and go to state 155
    TOKEN_LE        shift and go to state 156
    TOKEN_GE        shift and go to state 157


state 206

    (128) equality -> equality TOKEN_NEQ relational .
    (130) relational -> relational . TOKEN_LT additive
    (132) relational -> relational . TOKEN_GT additive
    (133) relational -> relational . TOKEN_LE additive
    (134) relational -> relational . TOKEN_GE additive

    TOKEN_EQ        reduce using rule 128 (equality -> equality TOKEN_NEQ relational .)
    TOKEN_NEQ       reduce using rule 128 (equality -> equality TOKEN_NEQ relational .)
    TOKEN_AMPERSAND reduce using rule 128 (equality -> equality TOKEN_NEQ relational .)
    TOKEN_NAND      reduce using rule 128 (equality -> equality TOKEN_NEQ relational .)
    TOKEN_XOR       reduce using rule 128 (equality -> equality TOKEN_NEQ relational .)
    TOKEN_BIT_OR    reduce using rule 128 (equality -> equality TOKEN_NEQ relational .)
    TOKEN_AND       reduce using rule 128 (equality -> equality TOKEN_NEQ relational .)
    TOKEN_QUESTION  reduce using rule 128 (equality -> equality TOKEN_NEQ relational .)
    TOKEN_OR        reduce using rule 128 (equality -> equality TOKEN_NEQ relational .)
    TOKEN_SEMICOLON reduce using rule 128 (equality -> equality TOKEN_NEQ relational .)
    TOKEN_RBRACKET  reduce using rule 128 (equality -> equality TOKEN_NEQ relational .)
    TOKEN_RPAREN    reduce using rule 128 (equality -> equality TOKEN_NEQ relational .)
    TOKEN_COMMA     reduce using rule 128 (equality -> equality TOKEN_NEQ relational .)
    TOKEN_COLON     reduce using rule 128 (equality -> equality TOKEN_NEQ relational .)
    TOKEN_RBRACE    reduce using rule 128 (equality -> equality TOKEN_NEQ relational .)
    TOKEN_FAT_ARROW reduce using rule 128 (equality -> equality TOKEN_NEQ relational .)
    TOKEN_LT        shift and go to state 154
    TOKEN_GT        shift and go to state 155
    TOKEN_LE        shift and go to state 156
    TOKEN_GE        shift and go to state 157


state 207

    (130) relational -> relational TOKEN_LT additive .
    (136) additive -> additive . TOKEN_PLUS multiplicative
    (137) additive -> additive . TOKEN_MINUS multiplicative

    TOKEN_LT        reduce using rule 130 (relational -> relational TOKEN_LT additive .)
    TOKEN_GT        reduce using rule 130 (relational -> relational TOKEN_LT additive .)
    TOKEN_LE        reduce using rule 130 (relational -> relational TOKEN_LT additive .)
    TOKEN_GE        reduce using rule 130 (relational -> relational TOKEN_LT additive .)
    TOKEN_EQ        reduce using rule 130 (relational -> relational TOKEN_LT additive .)
    TOKEN_NEQ       reduce using rule 130 (relational -> relational TOKEN_LT additive .)
    TOKEN_AMPERSAND reduce using rule 130 (relational -> relational TOKEN_LT additive .)
    TOKEN_NAND      reduce using rule 130 (relational -> relational TOKEN_LT additive .)
    TOKEN_XOR       reduce using rule 130 (relational -> relational TOKEN_LT additive .)
    TOKEN_BIT_OR    reduce using rule 130 (relational -> relational TOKEN_LT additive .)
    TOKEN_AND       reduce using rule 130 (relational -> relational TOKEN_LT additive .)
    TOKEN_QUESTION  reduce using rule 130 (relational -> relational TOKEN_LT additive .)
    TOKEN_OR        reduce using rule 130 (relational -> relational TOKEN_LT additive .)
    TOKEN_SEMICOLON reduce using rule 130 (relational -> relational TOKEN_LT additive .)
    TOKEN_RBRACKET  reduce using rule 130 (relational -> relational TOKEN_LT additive .)
    TOKEN_RPAREN    reduce using rule 130 (relational -> relational TOKEN_LT additive .)
    TOKEN_COMMA     reduce using rule 130 (relational -> relational TOKEN_LT additive .)
    TOKEN_COLON     reduce using rule 130 (relational -> relational TOKEN_LT additive .)
    TOKEN_RBRACE    reduce using rule 130 (relational -> relational TOKEN_LT additive .)
    TOKEN_FAT_ARROW reduce using rule 130 (relational -> relational TOKEN_LT additive .)
    TOKEN_PLUS      shift and go to state 158
    TOKEN_MINUS     shift and go to state 159


state 208

    (132) relational -> relational TOKEN_GT additive .
    (136) additive -> additive . TOKEN_PLUS multiplicative
    (137) additive -> additive . TOKEN_MINUS multiplicative

    TOKEN_LT        reduce using rule 132 (relational -> relational TOKEN_GT additive .)
    TOKEN_GT        reduce using rule 132 (relational -> relational TOKEN_GT additive .)
    TOKEN_LE        reduce using rule 132 (relational -> relational TOKEN_GT additive .)
    TOKEN_GE        reduce using rule 132 (relational -> relational TOKEN_GT additive .)
    TOKEN_EQ        reduce using rule 132 (relational -> relational TOKEN_GT additive .)
    TOKEN_NEQ       reduce using rule 132 (relational -> relational TOKEN_GT additive .)
    TOKEN_AMPERSAND reduce using rule 132 (relational -> relational TOKEN_GT additive .)
    TOKEN_NAND      reduce using rule 132 (relational -> relational TOKEN_GT additive .)
    TOKEN_XOR       reduce using rule 132 (relational -> relational TOKEN_GT additive .)
    TOKEN_BIT_OR    reduce using rule 132 (relational -> relational TOKEN_GT additive .)
    TOKEN_AND       reduce using rule 132 (relational -> relational TOKEN_GT additive .)
    TOKEN_QUESTION  reduce using rule 132 (relational -> relational TOKEN_GT additive .)
    TOKEN_OR        reduce using rule 132 (relational -> relational TOKEN_GT additive .)
    TOKEN_SEMICOLON reduce using rule 132 (relational -> relational TOKEN_GT additive .)
    TOKEN_RBRACKET  reduce using rule 132 (relational -> relational TOKEN_GT additive .)
    TOKEN_RPAREN    reduce using rule 132 (relational -> relational TOKEN_GT additive .)
    TOKEN_COMMA     reduce using rule 132 (relational -> relational TOKEN_GT additive .)
    TOKEN_COLON     reduce using rule 132 (relational -> relational TOKEN_GT additive .)
    TOKEN_RBRACE    reduce using rule 132 (relational -> relational TOKEN_GT additive .)
    TOKEN_FAT_ARROW reduce using rule 132 (relational -> relational TOKEN_GT additive .)
    TOKEN_PLUS      shift and go to state 158
    TOKEN_MINUS     shift and go to state 159


state 209

    (133) relational -> relational TOKEN_LE additive .
    (136) additive -> additive . TOKEN_PLUS multiplicative
    (137) additive -> additive . TOKEN_MINUS multiplicative

    TOKEN_LT        reduce using rule 133 (relational -> relational TOKEN_LE additive .)
    TOKEN_GT        reduce using rule 133 (relational -> relational TOKEN_LE additive .)
    TOKEN_LE        reduce using rule 133 (relational -> relational TOKEN_LE additive .)
    TOKEN_GE        reduce using rule 133 (relational -> relational TOKEN_LE additive .)
    TOKEN_EQ        reduce using rule 133 (relational -> relational TOKEN_LE additive .)
    TOKEN_NEQ       reduce using rule 133 (relational -> relational TOKEN_LE additive .)
    TOKEN_AMPERSAND reduce using rule 133 (relational -> relational TOKEN_LE additive .)
    TOKEN_NAND      reduce using rule 133 (relational -> relational TOKEN_LE additive .)
    TOKEN_XOR       reduce using rule 133 (relational -> relational TOKEN_LE additive .)
    TOKEN_BIT_OR    reduce using rule 133 (relational -> relational TOKEN_LE additive .)
    TOKEN_AND       reduce using rule 133 (relational -> relational TOKEN_LE additive .)
    TOKEN_QUESTION  reduce using rule 133 (relational -> relational TOKEN_LE additive .)
    TOKEN_OR        reduce using rule 133 (relational -> relational TOKEN_LE additive .)
    TOKEN_SEMICOLON reduce using rule 133 (relational -> relational TOKEN_LE additive .)
    TOKEN_RBRACKET  reduce using rule 133 (relational -> relational TOKEN_LE additive .)
    TOKEN_RPAREN    reduce using rule 133 (relational -> relational TOKEN_LE additive .)
    TOKEN_COMMA     reduce using rule 133 (relational -> relational TOKEN_LE additive .)
    TOKEN_COLON     reduce using rule 133 (relational -> relational TOKEN_LE additive .)
    TOKEN_RBRACE    reduce using rule 133 (relational -> relational TOKEN_LE additive .)
    TOKEN_FAT_ARROW reduce using rule 133 (relational -> relational TOKEN_LE additive .)
    TOKEN_PLUS      shift and go to state 158
    TOKEN_MINUS     shift and go to state 159


state 210

    (134) relational -> relational TOKEN_GE additive .
    (136) additive -> additive . TOKEN_PLUS multiplicative
    (137) additive -> additive . TOKEN_MINUS multiplicative

    TOKEN_LT        reduce using rule 134 (relational -> relational TOKEN_GE additive .)
    TOKEN_GT        reduce using rule 134 (relational -> relational TOKEN_GE additive .)
    TOKEN_LE        reduce using rule 134 (relational -> relational TOKEN_GE additive .)
    TOKEN_GE        reduce using rule 134 (relational -> relational TOKEN_GE additive .)
    TOKEN_EQ        reduce using rule 134 (relational -> relational TOKEN_GE additive .)
    TOKEN_NEQ       reduce using rule 134 (relational -> relational TOKEN_GE additive .)
    TOKEN_AMPERSAND reduce using rule 134 (relational -> relational TOKEN_GE additive .)
    TOKEN_NAND      reduce using rule 134 (relational -> relational TOKEN_GE additive .)
    TOKEN_XOR       reduce using rule 134 (relational -> relational TOKEN_GE additive .)
    TOKEN_BIT_OR    reduce using rule 134 (relational -> relational TOKEN_GE additive .)
    TOKEN_AND       reduce using rule 134 (relational -> relational TOKEN_GE additive .)
    TOKEN_QUESTION  reduce using rule 134 (relational -> relational TOKEN_GE additive .)
    TOKEN_OR        reduce using rule 134 (relational -> relational TOKEN_GE additive .)
    TOKEN_SEMICOLON reduce using rule 134 (relational -> relational TOKEN_GE additive .)
    TOKEN_RBRACKET  reduce using rule 134 (relational -> relational TOKEN_GE additive .)
    TOKEN_RPAREN    reduce using rule 134 (relational -> relational TOKEN_GE additive .)
    TOKEN_COMMA     reduce using rule 134 (relational -> relational TOKEN_GE additive .)
    TOKEN_COLON     reduce using rule 134 (relational -> relational TOKEN_GE additive .)
    TOKEN_RBRACE    reduce using rule 134 (relational -> relational TOKEN_GE additive .)
    TOKEN_FAT_ARROW reduce using rule 134 (relational -> relational TOKEN_GE additive .)
    TOKEN_PLUS      shift and go to state 158
    TOKEN_MINUS     shift and go to state 159


state 211

    (136) additive -> additive TOKEN_PLUS multiplicative .
    (139) multiplicative -> multiplicative . TOKEN_STAR unary
    (140) multiplicative -> multiplicative . TOKEN_SLASH unary
    (141) multiplicative -> multiplicative . TOKEN_MOD unary

    TOKEN_PLUS      reduce using rule 136 (additive -> additive TOKEN_PLUS multiplicative .)
    TOKEN_MINUS     reduce using rule 136 (additive -> additive TOKEN_PLUS multiplicative .)
    TOKEN_LT        reduce using rule 136 (additive -> additive TOKEN_PLUS multiplicative .)
    TOKEN_GT        reduce using rule 136 (additive -> additive TOKEN_PLUS multiplicative .)
    TOKEN_LE        reduce using rule 136 (additive -> additive TOKEN_PLUS multiplicative .)
    TOKEN_GE        reduce using rule 136 (additive -> additive TOKEN_PLUS multiplicative .)
    TOKEN_EQ        reduce using rule 136 (additive -> additive TOKEN_PLUS multiplicative .)
    TOKEN_NEQ       reduce using rule 136 (additive -> additive TOKEN_PLUS multiplicative .)
    TOKEN_AMPERSAND reduce using rule 136 (additive -> additive TOKEN_PLUS multiplicative .)
    TOKEN_NAND      reduce using rule 136 (additive -> additive TOKEN_PLUS multiplicative .)
    TOKEN_XOR       reduce using rule 136 (additive -> additive TOKEN_PLUS multiplicative .)
    TOKEN_BIT_OR    reduce using rule 136 (additive -> additive TOKEN_PLUS multiplicative .)
    TOKEN_AND       reduce using rule 136 (additive -> additive TOKEN_PLUS multiplicative .)
    TOKEN_QUESTION  reduce using rule 136 (additive -> additive TOKEN_PLUS multiplicative .)
    TOKEN_OR        reduce using rule 136 (additive -> additive TOKEN_PLUS multiplicative .)
    TOKEN_SEMICOLON reduce using rule 136 (additive -> additive TOKEN_PLUS multiplicative .)
    TOKEN_RBRACKET  reduce using rule 136 (additive -> additive TOKEN_PLUS multiplicative .)
    TOKEN_RPAREN    reduce using rule 136 (additive -> additive TOKEN_PLUS multiplicative .)
    TOKEN_COMMA     reduce using rule 136 (additive -> additive TOKEN_PLUS multiplicative .)
    TOKEN_COLON     reduce using rule 136 (additive -> additive TOKEN_PLUS multiplicative .)
    TOKEN_RBRACE    reduce using rule 136 (additive -> additive TOKEN_PLUS multiplicative .)
    TOKEN_FAT_ARROW reduce using rule 136 (additive -> additive TOKEN_PLUS multiplicative .)
    TOKEN_STAR      shift and go to state 160
    TOKEN_SLASH     shift and go to state 161
    TOKEN_MOD       shift and go to state 162


state 212

    (137) additive -> additive TOKEN_MINUS multiplicative .
    (139) multiplicative -> multiplicative . TOKEN_STAR unary
    (140) multiplicative -> multiplicative . TOKEN_SLASH unary
    (141) multiplicative -> multiplicative . TOKEN_MOD unary

    TOKEN_PLUS      reduce using rule 137 (additive -> additive TOKEN_MINUS multiplicative .)
    TOKEN_MINUS     reduce using rule 137 (additive -> additive TOKEN_MINUS multiplicative .)
    TOKEN_LT        reduce using rule 137 (additive -> additive TOKEN_MINUS multiplicative .)
    TOKEN_GT        reduce using rule 137 (additive -> additive TOKEN_MINUS multiplicative .)
    TOKEN_LE        reduce using rule 137 (additive -> additive TOKEN_MINUS multiplicative .)
    TOKEN_GE        reduce using rule 137 (additive -> additive TOKEN_MINUS multiplicative .)
    TOKEN_EQ        reduce using rule 137 (additive -> additive TOKEN_MINUS multiplicative .)
    TOKEN_NEQ       reduce using rule 137 (additive -> additive TOKEN_MINUS multiplicative .)
    TOKEN_AMPERSAND reduce using rule 137 (additive -> additive TOKEN_MINUS multiplicative .)
    TOKEN_NAND      reduce using rule 137 (additive -> additive TOKEN_MINUS multiplicative .)
    TOKEN_XOR       reduce using rule 137 (additive -> additive TOKEN_MINUS multiplicative .)
    TOKEN_BIT_OR    reduce using rule 137 (additive -> additive TOKEN_MINUS multiplicative .)
    TOKEN_AND       reduce using rule 137 (additive -> additive TOKEN_MINUS multiplicative .)
    TOKEN_QUESTION  reduce using rule 137 (additive -> additive TOKEN_MINUS multiplicative .)
    TOKEN_OR        reduce using rule 137 (additive -> additive TOKEN_MINUS multiplicative .)
    TOKEN_SEMICOLON reduce using rule 137 (additive -> additive TOKEN_MINUS multiplicative .)
    TOKEN_RBRACKET  reduce using rule 137 (additive -> additive TOKEN_MINUS multiplicative .)
    TOKEN_RPAREN    reduce using rule 137 (additive -> additive TOKEN_MINUS multiplicative .)
    TOKEN_COMMA     reduce using rule 137 (additive -> additive TOKEN_MINUS multiplicative .)
    TOKEN_COLON     reduce using rule 137 (additive -> additive TOKEN_MINUS multiplicative .)
    TOKEN_RBRACE    reduce using rule 137 (additive -> additive TOKEN_MINUS multiplicative .)
    TOKEN_FAT_ARROW reduce using rule 137 (additive -> additive TOKEN_MINUS multiplicative .)
    TOKEN_STAR      shift and go to state 160
    TOKEN_SLASH     shift and go to state 161
    TOKEN_MOD       shift and go to state 162


state 213

    (139) multiplicative -> multiplicative TOKEN_STAR unary .

    TOKEN_STAR      reduce using rule 139 (multiplicative -> multiplicative TOKEN_STAR unary .)
    TOKEN_SLASH     reduce using rule 139 (multiplicative -> multiplicative TOKEN_STAR unary .)
    TOKEN_MOD       reduce using rule 139 (multiplicative -> multiplicative TOKEN_STAR unary .)
    TOKEN_PLUS      reduce using rule 139 (multiplicative -> multiplicative TOKEN_STAR unary .)
    TOKEN_MINUS     reduce using rule 139 (multiplicative -> multiplicative TOKEN_STAR unary .)
    TOKEN_LT        reduce using rule 139 (multiplicative -> multiplicative TOKEN_STAR unary .)
    TOKEN_GT        reduce using rule 139 (multiplicative -> multiplicative TOKEN_STAR unary .)
    TOKEN_LE        reduce using rule 139 (multiplicative -> multiplicative TOKEN_STAR unary .)
    TOKEN_GE        reduce using rule 139 (multiplicative -> multiplicative TOKEN_STAR unary .)
    TOKEN_EQ        reduce using rule 139 (multiplicative -> multiplicative TOKEN_STAR unary .)
    TOKEN_NEQ       reduce using rule 139 (multiplicative -> multiplicative TOKEN_STAR unary .)
    TOKEN_AMPERSAND reduce using rule 139 (multiplicative -> multiplicative TOKEN_STAR unary .)
    TOKEN_NAND      reduce using rule 139 (multiplicative -> multiplicative TOKEN_STAR unary .)
    TOKEN_XOR       reduce using rule 139 (multiplicative -> multiplicative TOKEN_STAR unary .)
    TOKEN_BIT_OR    reduce using rule 139 (multiplicative -> multiplicative TOKEN_STAR unary .)
    TOKEN_AND       reduce using rule 139 (multiplicative -> multiplicative TOKEN_STAR unary .)
    TOKEN_QUESTION  reduce using rule 139 (multiplicative -> multiplicative TOKEN_STAR unary .)
    TOKEN_OR        reduce using rule 139 (multiplicative -> multiplicative TOKEN_STAR unary .)
    TOKEN_SEMICOLON reduce using rule 139 (multiplicative -> multiplicative TOKEN_STAR unary .)
    TOKEN_RBRACKET  reduce using rule 139 (multiplicative -> multiplicative TOKEN_STAR unary .)
    TOKEN_RPAREN    reduce using rule 139 (multiplicative -> multiplicative TOKEN_STAR unary .)
    TOKEN_COMMA     reduce using rule 139 (multiplicative -> multiplicative TOKEN_STAR unary .)
    TOKEN_COLON     reduce using rule 139 (multiplicative -> multiplicative TOKEN_STAR unary .)
    TOKEN_RBRACE    reduce using rule 139 (multiplicative -> multiplicative TOKEN_STAR unary .)
    TOKEN_FAT_ARROW reduce using rule 139 (multiplicative -> multiplicative TOKEN_STAR unary .)


state 214

    (140) multiplicative -> multiplicative TOKEN_SLASH unary .

    TOKEN_STAR      reduce using rule 140 (multiplicative -> multiplicative TOKEN_SLASH unary .)
    TOKEN_SLASH     reduce using rule 140 (multiplicative -> multiplicative TOKEN_SLASH unary .)
    TOKEN_MOD       reduce using rule 140 (multiplicative -> multiplicative TOKEN_SLASH unary .)
    TOKEN_PLUS      reduce using rule 140 (multiplicative -> multiplicative TOKEN_SLASH unary .)
    TOKEN_MINUS     reduce using rule 140 (multiplicative -> multiplicative TOKEN_SLASH unary .)
    TOKEN_LT        reduce using rule 140 (multiplicative -> multiplicative TOKEN_SLASH unary .)
    TOKEN_GT        reduce using rule 140 (multiplicative -> multiplicative TOKEN_SLASH unary .)
    TOKEN_LE        reduce using rule 140 (multiplicative -> multiplicative TOKEN_SLASH unary .)
    TOKEN_GE        reduce using rule 140 (multiplicative -> multiplicative TOKEN_SLASH unary .)
    TOKEN_EQ        reduce using rule 140 (multiplicative -> multiplicative TOKEN_SLASH unary .)
    TOKEN_NEQ       reduce using rule 140 (multiplicative -> multiplicative TOKEN_SLASH unary .)
    TOKEN_AMPERSAND reduce using rule 140 (multiplicative -> multiplicative TOKEN_SLASH unary .)
    TOKEN_NAND      reduce using rule 140 (multiplicative -> multiplicative TOKEN_SLASH unary .)
    TOKEN_XOR       reduce using rule 140 (multiplicative -> multiplicative TOKEN_SLASH unary .)
    TOKEN_BIT_OR    reduce using rule 140 (multiplicative -> multiplicative TOKEN_SLASH unary .)
    TOKEN_AND       reduce using rule 140 (multiplicative -> multiplicative TOKEN_SLASH unary .)
    TOKEN_QUESTION  reduce using rule 140 (multiplicative -> multiplicative TOKEN_SLASH unary .)
    TOKEN_OR        reduce using rule 140 (multiplicative -> multiplicative TOKEN_SLASH unary .)
    TOKEN_SEMICOLON reduce using rule 140 (multiplicative -> multiplicative TOKEN_SLASH unary .)
    TOKEN_RBRACKET  reduce using rule 140 (multiplicative -> multiplicative TOKEN_SLASH unary .)
    TOKEN_RPAREN    reduce using rule 140 (multiplicative -> multiplicative TOKEN_SLASH unary .)
    TOKEN_COMMA     reduce using rule 140 (multiplicative -> multiplicative TOKEN_SLASH unary .)
    TOKEN_COLON     reduce using rule 140 (multiplicative -> multiplicative TOKEN_SLASH unary .)
    TOKEN_RBRACE    reduce using rule 140 (multiplicative -> multiplicative TOKEN_SLASH unary .)
    TOKEN_FAT_ARROW reduce using rule 140 (multiplicative -> multiplicative TOKEN_SLASH unary .)


state 215

    (141) multiplicative -> multiplicative TOKEN_MOD unary .

    TOKEN_STAR      reduce using rule 141 (multiplicative -> multiplicative TOKEN_MOD unary .)
    TOKEN_SLASH     reduce using rule 141 (multiplicative -> multiplicative TOKEN_MOD unary .)
    TOKEN_MOD       reduce using rule 141 (multiplicative -> multiplicative TOKEN_MOD unary .)
    TOKEN_PLUS      reduce using rule 141 (multiplicative -> multiplicative TOKEN_MOD unary .)
    TOKEN_MINUS     reduce using rule 141 (multiplicative -> multiplicative TOKEN_MOD unary .)
    TOKEN_LT        reduce using rule 141 (multiplicative -> multiplicative TOKEN_MOD unary .)
    TOKEN_GT        reduce using rule 141 (multiplicative -> multiplicative TOKEN_MOD unary .)
    TOKEN_LE        reduce using rule 141 (multiplicative -> multiplicative TOKEN_MOD unary .)
    TOKEN_GE        reduce using rule 141 (multiplicative -> multiplicative TOKEN_MOD unary .)
    TOKEN_EQ        reduce using rule 141 (multiplicative -> multiplicative TOKEN_MOD unary .)
    TOKEN_NEQ       reduce using rule 141 (multiplicative -> multiplicative TOKEN_MOD unary .)
    TOKEN_AMPERSAND reduce using rule 141 (multiplicative -> multiplicative TOKEN_MOD unary .)
    TOKEN_NAND      reduce using rule 141 (multiplicative -> multiplicative TOKEN_MOD unary .)
    TOKEN_XOR       reduce using rule 141 (multiplicative -> multiplicative TOKEN_MOD unary .)
    TOKEN_BIT_OR    reduce using rule 141 (multiplicative -> multiplicative TOKEN_MOD unary .)
    TOKEN_AND       reduce using rule 141 (multiplicative -> multiplicative TOKEN_MOD unary .)
    TOKEN_QUESTION  reduce using rule 141 (multiplicative -> multiplicative TOKEN_MOD unary .)
    TOKEN_OR        reduce using rule 141 (multiplicative -> multiplicative TOKEN_MOD unary .)
    TOKEN_SEMICOLON reduce using rule 141 (multiplicative -> multiplicative TOKEN_MOD unary .)
    TOKEN_RBRACKET  reduce using rule 141 (multiplicative -> multiplicative TOKEN_MOD unary .)
    TOKEN_RPAREN    reduce using rule 141 (multiplicative -> multiplicative TOKEN_MOD unary .)
    TOKEN_COMMA     reduce using rule 141 (multiplicative -> multiplicative TOKEN_MOD unary .)
    TOKEN_COLON     reduce using rule 141 (multiplicative -> multiplicative TOKEN_MOD unary .)
    TOKEN_RBRACE    reduce using rule 141 (multiplicative -> multiplicative TOKEN_MOD unary .)
    TOKEN_FAT_ARROW reduce using rule 141 (multiplicative -> multiplicative TOKEN_MOD unary .)


state 216

    (15) var_decl -> type TOKEN_IDENTIFIER array_struct TOKEN_ASSIGN array_init TOKEN_SEMICOLON .

    TOKEN_EOF       reduce using rule 15 (var_decl -> type TOKEN_IDENTIFIER array_struct TOKEN_ASSIGN array_init TOKEN_SEMICOLON .)
    TOKEN_KW_FUNCTION reduce using rule 15 (var_decl -> type TOKEN_IDENTIFIER array_struct TOKEN_ASSIGN array_init TOKEN_SEMICOLON .)
    TOKEN_KW_ASYNC  reduce using rule 15 (var_decl -> type TOKEN_IDENTIFIER array_struct TOKEN_ASSIGN array_init TOKEN_SEMICOLON .)
    TOKEN_KW_STRUCT reduce using rule 15 (var_decl -> type TOKEN_IDENTIFIER array_struct TOKEN_ASSIGN array_init TOKEN_SEMICOLON .)
    TOKEN_KW_TYPEALIAS reduce using rule 15 (var_decl -> type TOKEN_IDENTIFIER array_struct TOKEN_ASSIGN array_init TOKEN_SEMICOLON .)
    TOKEN_KW_ENUM   reduce using rule 15 (var_decl -> type TOKEN_IDENTIFIER array_struct TOKEN_ASSIGN array_init TOKEN_SEMICOLON .)
    TOKEN_KW_UNION  reduce using rule 15 (var_decl -> type TOKEN_IDENTIFIER array_struct TOKEN_ASSIGN array_init TOKEN_SEMICOLON .)
    TOKEN_KW_CHAN   reduce using rule 15 (var_decl -> type TOKEN_IDENTIFIER array_struct TOKEN_ASSIGN array_init TOKEN_SEMICOLON .)
    TOKEN_KW_MUTEX  reduce using rule 15 (var_decl -> type TOKEN_IDENTIFIER array_struct TOKEN_ASSIGN array_init TOKEN_SEMICOLON .)
    TOKEN_KW_CONST  reduce using rule 15 (var_decl -> type TOKEN_IDENTIFIER array_struct TOKEN_ASSIGN array_init TOKEN_SEMICOLON .)
    TOKEN_KW_MUT    reduce using rule 15 (var_decl -> type TOKEN_IDENTIFIER array_struct TOKEN_ASSIGN array_init TOKEN_SEMICOLON .)
    TOKEN_KW_STATIC reduce using rule 15 (var_decl -> type TOKEN_IDENTIFIER array_struct TOKEN_ASSIGN array_init TOKEN_SEMICOLON .)
    TOKEN_KW_VOLATILE reduce using rule 15 (var_decl -> type TOKEN_IDENTIFIER array_struct TOKEN_ASSIGN array_init TOKEN_SEMICOLON .)
    TOKEN_KW_ATOMIC reduce using rule 15 (var_decl -> type TOKEN_IDENTIFIER array_struct TOKEN_ASSIGN array_init TOKEN_SEMICOLON .)
    TOKEN_KW_SHARED reduce using rule 15 (var_decl -> type TOKEN_IDENTIFIER array_struct TOKEN_ASSIGN array_init TOKEN_SEMICOLON .)
    TOKEN_KW_PRIVATE reduce using rule 15 (var_decl -> type TOKEN_IDENTIFIER array_struct TOKEN_ASSIGN array_init TOKEN_SEMICOLON .)
    TOKEN_KW_PUBLIC reduce using rule 15 (var_decl -> type TOKEN_IDENTIFIER array_struct TOKEN_ASSIGN array_init TOKEN_SEMICOLON .)
    TOKEN_RBRACE    reduce using rule 15 (var_decl -> type TOKEN_IDENTIFIER array_struct TOKEN_ASSIGN array_init TOKEN_SEMICOLON .)
    TOKEN_KW_IF     reduce using rule 15 (var_decl -> type TOKEN_IDENTIFIER array_struct TOKEN_ASSIGN array_init TOKEN_SEMICOLON .)
    TOKEN_KW_WHILE  reduce using rule 15 (var_decl -> type TOKEN_IDENTIFIER array_struct TOKEN_ASSIGN array_init TOKEN_SEMICOLON .)
    TOKEN_KW_DO     reduce using rule 15 (var_decl -> type TOKEN_IDENTIFIER array_struct TOKEN_ASSIGN array_init TOKEN_SEMICOLON .)
    TOKEN_KW_FOR    reduce using rule 15 (var_decl -> type TOKEN_IDENTIFIER array_struct TOKEN_ASSIGN array_init TOKEN_SEMICOLON .)
    TOKEN_KW_SWITCH reduce using rule 15 (var_decl -> type TOKEN_IDENTIFIER array_struct TOKEN_ASSIGN array_init TOKEN_SEMICOLON .)
    TOKEN_KW_RETURN reduce using rule 15 (var_decl -> type TOKEN_IDENTIFIER array_struct TOKEN_ASSIGN array_init TOKEN_SEMICOLON .)
    TOKEN_KW_BREAK  reduce using rule 15 (var_decl -> type TOKEN_IDENTIFIER array_struct TOKEN_ASSIGN array_init TOKEN_SEMICOLON .)
    TOKEN_KW_CONTINUE reduce using rule 15 (var_decl -> type TOKEN_IDENTIFIER array_struct TOKEN_ASSIGN array_init TOKEN_SEMICOLON .)
    TOKEN_KW_MATCH  reduce using rule 15 (var_decl -> type TOKEN_IDENTIFIER array_struct TOKEN_ASSIGN array_init TOKEN_SEMICOLON .)
    TOKEN_KW_DEFER  reduce using rule 15 (var_decl -> type TOKEN_IDENTIFIER array_struct TOKEN_ASSIGN array_init TOKEN_SEMICOLON .)
    TOKEN_GT        reduce using rule 15 (var_decl -> type TOKEN_IDENTIFIER array_struct TOKEN_ASSIGN array_init TOKEN_SEMICOLON .)
    TOKEN_KW_MODULE reduce using rule 15 (var_decl -> type TOKEN_IDENTIFIER array_struct TOKEN_ASSIGN array_init TOKEN_SEMICOLON .)
    TOKEN_KW_TRY    reduce using rule 15 (var_decl -> type TOKEN_IDENTIFIER array_struct TOKEN_ASSIGN array_init TOKEN_SEMICOLON .)
    TOKEN_KW_CATCH  reduce using rule 15 (var_decl -> type TOKEN_IDENTIFIER array_struct TOKEN_ASSIGN array_init TOKEN_SEMICOLON .)
    TOKEN_KW_RAISE  reduce using rule 15 (var_decl -> type TOKEN_IDENTIFIER array_struct TOKEN_ASSIGN array_init TOKEN_SEMICOLON .)
    TOKEN_KW_SPAWN  reduce using rule 15 (var_decl -> type TOKEN_IDENTIFIER array_struct TOKEN_ASSIGN array_init TOKEN_SEMICOLON .)
    TOKEN_KW_SELECT reduce using rule 15 (var_decl -> type TOKEN_IDENTIFIER array_struct TOKEN_ASSIGN array_init TOKEN_SEMICOLON .)
    TOKEN_KW_LOCK   reduce using rule 15 (var_decl -> type TOKEN_IDENTIFIER array_struct TOKEN_ASSIGN array_init TOKEN_SEMICOLON .)
    TOKEN_LBRACE    reduce using rule 15 (var_decl -> type TOKEN_IDENTIFIER array_struct TOKEN_ASSIGN array_init TOKEN_SEMICOLON .)
    TOKEN_KW_CAST   reduce using rule 15 (var_decl -> type TOKEN_IDENTIFIER array_struct TOKEN_ASSIGN array_init TOKEN_SEMICOLON .)
    TOKEN_PLUS      reduce using rule 15 (var_decl -> type TOKEN_IDENTIFIER array_struct TOKEN_ASSIGN array_init TOKEN_SEMICOLON .)
    TOKEN_MINUS     reduce using rule 15 (var_decl -> type TOKEN_IDENTIFIER array_struct TOKEN_ASSIGN array_init TOKEN_SEMICOLON .)
    TOKEN_NOT       reduce using rule 15 (var_decl -> type TOKEN_IDENTIFIER array_struct TOKEN_ASSIGN array_init TOKEN_SEMICOLON .)
    TOKEN_BIT_NOT   reduce using rule 15 (var_decl -> type TOKEN_IDENTIFIER array_struct TOKEN_ASSIGN array_init TOKEN_SEMICOLON .)
    TOKEN_AMPERSAND reduce using rule 15 (var_decl -> type TOKEN_IDENTIFIER array_struct TOKEN_ASSIGN array_init TOKEN_SEMICOLON .)
    TOKEN_STAR      reduce using rule 15 (var_decl -> type TOKEN_IDENTIFIER array_struct TOKEN_ASSIGN array_init TOKEN_SEMICOLON .)
    TOKEN_KW_AWAIT  reduce using rule 15 (var_decl -> type TOKEN_IDENTIFIER array_struct TOKEN_ASSIGN array_init TOKEN_SEMICOLON .)
    TOKEN_IDENTIFIER reduce using rule 15 (var_decl -> type TOKEN_IDENTIFIER array_struct TOKEN_ASSIGN array_init TOKEN_SEMICOLON .)
    TOKEN_LPAREN    reduce using rule 15 (var_decl -> type TOKEN_IDENTIFIER array_struct TOKEN_ASSIGN array_init TOKEN_SEMICOLON .)
    TOKEN_KW_NULL   reduce using rule 15 (var_decl -> type TOKEN_IDENTIFIER array_struct TOKEN_ASSIGN array_init TOKEN_SEMICOLON .)
    TOKEN_INT_LITERAL reduce using rule 15 (var_decl -> type TOKEN_IDENTIFIER array_struct TOKEN_ASSIGN array_init TOKEN_SEMICOLON .)
    TOKEN_FLOAT_LITERAL reduce using rule 15 (var_decl -> type TOKEN_IDENTIFIER array_struct TOKEN_ASSIGN array_init TOKEN_SEMICOLON .)
    TOKEN_CHAR_LITERAL reduce using rule 15 (var_decl -> type TOKEN_IDENTIFIER array_struct TOKEN_ASSIGN array_init TOKEN_SEMICOLON .)
    TOKEN_STRING_LITERAL reduce using rule 15 (var_decl -> type TOKEN_IDENTIFIER array_struct TOKEN_ASSIGN array_init TOKEN_SEMICOLON .)
    TOKEN_BOOL_LITERAL reduce using rule 15 (var_decl -> type TOKEN_IDENTIFIER array_struct TOKEN_ASSIGN array_init TOKEN_SEMICOLON .)


state 217

    (82) array_init -> TOKEN_LBRACE init_list . TOKEN_RBRACE
    (83) init_list -> init_list . TOKEN_COMMA initializer

    TOKEN_RBRACE    shift and go to state 235
    TOKEN_COMMA     shift and go to state 236


state 218

    (84) init_list -> initializer .

    TOKEN_RBRACE    reduce using rule 84 (init_list -> initializer .)
    TOKEN_COMMA     reduce using rule 84 (init_list -> initializer .)


state 219

    (85) initializer -> expr .

    TOKEN_RBRACE    reduce using rule 85 (initializer -> expr .)
    TOKEN_COMMA     reduce using rule 85 (initializer -> expr .)


state 220

    (86) initializer -> array_init .

    TOKEN_RBRACE    reduce using rule 86 (initializer -> array_init .)
    TOKEN_COMMA     reduce using rule 86 (initializer -> array_init .)


state 221

    (78) array_struct -> array_struct TOKEN_LBRACKET expr TOKEN_RBRACKET .

    TOKEN_ASSIGN    reduce using rule 78 (array_struct -> array_struct TOKEN_LBRACKET expr TOKEN_RBRACKET .)
    TOKEN_SEMICOLON reduce using rule 78 (array_struct -> array_struct TOKEN_LBRACKET expr TOKEN_RBRACKET .)
    TOKEN_LBRACKET  reduce using rule 78 (array_struct -> array_struct TOKEN_LBRACKET expr TOKEN_RBRACKET .)


state 222

    (63) param -> type TOKEN_IDENTIFIER .

    TOKEN_COMMA     reduce using rule 63 (param -> type TOKEN_IDENTIFIER .)
    TOKEN_RPAREN    reduce using rule 63 (param -> type TOKEN_IDENTIFIER .)


state 223

    (17) func_decl -> TOKEN_KW_FUNCTION type TOKEN_IDENTIFIER TOKEN_LPAREN param_list TOKEN_RPAREN . func_suffix
    (60) func_suffix -> . TOKEN_SEMICOLON
    (61) func_suffix -> . func_body
    (62) func_body -> . TOKEN_LBRACE stmt_list TOKEN_RBRACE

    TOKEN_SEMICOLON shift and go to state 238
    TOKEN_LBRACE    shift and go to state 240

    func_suffix                    shift and go to state 237
    func_body                      shift and go to state 239

state 224

    (67) param_list_nonempty -> param_list_nonempty TOKEN_COMMA . param
    (63) param -> . type TOKEN_IDENTIFIER
    (31) type -> . channel_type
    (32) type -> . pointer_type
    (37) channel_type -> . TOKEN_KW_CHAN type
    (33) pointer_type -> . pointer_type TOKEN_STAR
    (34) pointer_type -> . pointer_type TOKEN_AMPERSAND
    (35) pointer_type -> . base_type
    (38) base_type -> . modifier_list TOKEN_KW_INT
    (39) base_type -> . modifier_list TOKEN_KW_SHORT
    (40) base_type -> . modifier_list TOKEN_KW_LONG
    (41) base_type -> . modifier_list TOKEN_KW_BYTE
    (42) base_type -> . modifier_list TOKEN_KW_FLOAT
    (43) base_type -> . modifier_list TOKEN_KW_DOUBLE
    (44) base_type -> . modifier_list TOKEN_KW_CHAR
    (45) base_type -> . modifier_list TOKEN_KW_STRING
    (46) base_type -> . modifier_list TOKEN_KW_BOOL
    (48) base_type -> . modifier_list TOKEN_KW_STRUCT
    (49) base_type -> . modifier_list TOKEN_KW_ENUM
    (50) base_type -> . modifier_list TOKEN_KW_UNION
    (51) base_type -> . modifier_list TOKEN_KW_VOID
    (52) base_type -> . TOKEN_KW_MUTEX
    (53) base_type -> . modifier_list TOKEN_IDENTIFIER
    (29) modifier_list -> . modifier_list modifier
    (30) modifier_list -> . modifier
    (20) modifier -> . TOKEN_KW_CONST
    (21) modifier -> . TOKEN_KW_MUT
    (22) modifier -> . TOKEN_KW_STATIC
    (23) modifier -> . TOKEN_KW_VOLATILE
    (24) modifier -> . TOKEN_KW_ATOMIC
    (26) modifier -> . TOKEN_KW_SHARED
    (27) modifier -> . TOKEN_KW_PRIVATE
    (28) modifier -> . TOKEN_KW_PUBLIC

    TOKEN_KW_CHAN   shift and go to state 20
    TOKEN_KW_MUTEX  shift and go to state 23
    TOKEN_KW_CONST  shift and go to state 25
    TOKEN_KW_MUT    shift and go to state 26
    TOKEN_KW_STATIC shift and go to state 27
    TOKEN_KW_VOLATILE shift and go to state 28
    TOKEN_KW_ATOMIC shift and go to state 29
    TOKEN_KW_SHARED shift and go to state 30
    TOKEN_KW_PRIVATE shift and go to state 31
    TOKEN_KW_PUBLIC shift and go to state 32

    param                          shift and go to state 241
    type                           shift and go to state 167
    channel_type                   shift and go to state 18
    pointer_type                   shift and go to state 19
    base_type                      shift and go to state 21
    modifier_list                  shift and go to state 22
    modifier                       shift and go to state 24

state 225

    (18) func_decl -> TOKEN_KW_ASYNC TOKEN_KW_FUNCTION type TOKEN_IDENTIFIER TOKEN_LPAREN param_list . TOKEN_RPAREN func_suffix

    TOKEN_RPAREN    shift and go to state 242


state 226

    (202) struct_body -> TOKEN_LBRACE struct_member_list TOKEN_RBRACE TOKEN_SEMICOLON .

    TOKEN_EOF       reduce using rule 202 (struct_body -> TOKEN_LBRACE struct_member_list TOKEN_RBRACE TOKEN_SEMICOLON .)
    TOKEN_KW_FUNCTION reduce using rule 202 (struct_body -> TOKEN_LBRACE struct_member_list TOKEN_RBRACE TOKEN_SEMICOLON .)
    TOKEN_KW_ASYNC  reduce using rule 202 (struct_body -> TOKEN_LBRACE struct_member_list TOKEN_RBRACE TOKEN_SEMICOLON .)
    TOKEN_KW_STRUCT reduce using rule 202 (struct_body -> TOKEN_LBRACE struct_member_list TOKEN_RBRACE TOKEN_SEMICOLON .)
    TOKEN_KW_TYPEALIAS reduce using rule 202 (struct_body -> TOKEN_LBRACE struct_member_list TOKEN_RBRACE TOKEN_SEMICOLON .)
    TOKEN_KW_ENUM   reduce using rule 202 (struct_body -> TOKEN_LBRACE struct_member_list TOKEN_RBRACE TOKEN_SEMICOLON .)
    TOKEN_KW_UNION  reduce using rule 202 (struct_body -> TOKEN_LBRACE struct_member_list TOKEN_RBRACE TOKEN_SEMICOLON .)
    TOKEN_KW_CHAN   reduce using rule 202 (struct_body -> TOKEN_LBRACE struct_member_list TOKEN_RBRACE TOKEN_SEMICOLON .)
    TOKEN_KW_MUTEX  reduce using rule 202 (struct_body -> TOKEN_LBRACE struct_member_list TOKEN_RBRACE TOKEN_SEMICOLON .)
    TOKEN_KW_CONST  reduce using rule 202 (struct_body -> TOKEN_LBRACE struct_member_list TOKEN_RBRACE TOKEN_SEMICOLON .)
    TOKEN_KW_MUT    reduce using rule 202 (struct_body -> TOKEN_LBRACE struct_member_list TOKEN_RBRACE TOKEN_SEMICOLON .)
    TOKEN_KW_STATIC reduce using rule 202 (struct_body -> TOKEN_LBRACE struct_member_list TOKEN_RBRACE TOKEN_SEMICOLON .)
    TOKEN_KW_VOLATILE reduce using rule 202 (struct_body -> TOKEN_LBRACE struct_member_list TOKEN_RBRACE TOKEN_SEMICOLON .)
    TOKEN_KW_ATOMIC reduce using rule 202 (struct_body -> TOKEN_LBRACE struct_member_list TOKEN_RBRACE TOKEN_SEMICOLON .)
    TOKEN_KW_SHARED reduce using rule 202 (struct_body -> TOKEN_LBRACE struct_member_list TOKEN_RBRACE TOKEN_SEMICOLON .)
    TOKEN_KW_PRIVATE reduce using rule 202 (struct_body -> TOKEN_LBRACE struct_member_list TOKEN_RBRACE TOKEN_SEMICOLON .)
    TOKEN_KW_PUBLIC reduce using rule 202 (struct_body -> TOKEN_LBRACE struct_member_list TOKEN_RBRACE TOKEN_SEMICOLON .)


state 227

    (206) enum_decl -> TOKEN_KW_ENUM TOKEN_IDENTIFIER TOKEN_LBRACE enum_member_list TOKEN_RBRACE TOKEN_SEMICOLON .

    TOKEN_EOF       reduce using rule 206 (enum_decl -> TOKEN_KW_ENUM TOKEN_IDENTIFIER TOKEN_LBRACE enum_member_list TOKEN_RBRACE TOKEN_SEMICOLON .)
    TOKEN_KW_FUNCTION reduce using rule 206 (enum_decl -> TOKEN_KW_ENUM TOKEN_IDENTIFIER TOKEN_LBRACE enum_member_list TOKEN_RBRACE TOKEN_SEMICOLON .)
    TOKEN_KW_ASYNC  reduce using rule 206 (enum_decl -> TOKEN_KW_ENUM TOKEN_IDENTIFIER TOKEN_LBRACE enum_member_list TOKEN_RBRACE TOKEN_SEMICOLON .)
    TOKEN_KW_STRUCT reduce using rule 206 (enum_decl -> TOKEN_KW_ENUM TOKEN_IDENTIFIER TOKEN_LBRACE enum_member_list TOKEN_RBRACE TOKEN_SEMICOLON .)
    TOKEN_KW_TYPEALIAS reduce using rule 206 (enum_decl -> TOKEN_KW_ENUM TOKEN_IDENTIFIER TOKEN_LBRACE enum_member_list TOKEN_RBRACE TOKEN_SEMICOLON .)
    TOKEN_KW_ENUM   reduce using rule 206 (enum_decl -> TOKEN_KW_ENUM TOKEN_IDENTIFIER TOKEN_LBRACE enum_member_list TOKEN_RBRACE TOKEN_SEMICOLON .)
    TOKEN_KW_UNION  reduce using rule 206 (enum_decl -> TOKEN_KW_ENUM TOKEN_IDENTIFIER TOKEN_LBRACE enum_member_list TOKEN_RBRACE TOKEN_SEMICOLON .)
    TOKEN_KW_CHAN   reduce using rule 206 (enum_decl -> TOKEN_KW_ENUM TOKEN_IDENTIFIER TOKEN_LBRACE enum_member_list TOKEN_RBRACE TOKEN_SEMICOLON .)
    TOKEN_KW_MUTEX  reduce using rule 206 (enum_decl -> TOKEN_KW_ENUM TOKEN_IDENTIFIER TOKEN_LBRACE enum_member_list TOKEN_RBRACE TOKEN_SEMICOLON .)
    TOKEN_KW_CONST  reduce using rule 206 (enum_decl -> TOKEN_KW_ENUM TOKEN_IDENTIFIER TOKEN_LBRACE enum_member_list TOKEN_RBRACE TOKEN_SEMICOLON .)
    TOKEN_KW_MUT    reduce using rule 206 (enum_decl -> TOKEN_KW_ENUM TOKEN_IDENTIFIER TOKEN_LBRACE enum_member_list TOKEN_RBRACE TOKEN_SEMICOLON .)
    TOKEN_KW_STATIC reduce using rule 206 (enum_decl -> TOKEN_KW_ENUM TOKEN_IDENTIFIER TOKEN_LBRACE enum_member_list TOKEN_RBRACE TOKEN_SEMICOLON .)
    TOKEN_KW_VOLATILE reduce using rule 206 (enum_decl -> TOKEN_KW_ENUM TOKEN_IDENTIFIER TOKEN_LBRACE enum_member_list TOKEN_RBRACE TOKEN_SEMICOLON .)
    TOKEN_KW_ATOMIC reduce using rule 206 (enum_decl -> TOKEN_KW_ENUM TOKEN_IDENTIFIER TOKEN_LBRACE enum_member_list TOKEN_RBRACE TOKEN_SEMICOLON .)
    TOKEN_KW_SHARED reduce using rule 206 (enum_decl -> TOKEN_KW_ENUM TOKEN_IDENTIFIER TOKEN_LBRACE enum_member_list TOKEN_RBRACE TOKEN_SEMICOLON .)
    TOKEN_KW_PRIVATE reduce using rule 206 (enum_decl -> TOKEN_KW_ENUM TOKEN_IDENTIFIER TOKEN_LBRACE enum_member_list TOKEN_RBRACE TOKEN_SEMICOLON .)
    TOKEN_KW_PUBLIC reduce using rule 206 (enum_decl -> TOKEN_KW_ENUM TOKEN_IDENTIFIER TOKEN_LBRACE enum_member_list TOKEN_RBRACE TOKEN_SEMICOLON .)


state 228

    (4) enum_member_list -> enum_member_list TOKEN_COMMA TOKEN_IDENTIFIER .

    TOKEN_RBRACE    reduce using rule 4 (enum_member_list -> enum_member_list TOKEN_COMMA TOKEN_IDENTIFIER .)
    TOKEN_COMMA     reduce using rule 4 (enum_member_list -> enum_member_list TOKEN_COMMA TOKEN_IDENTIFIER .)


state 229

    (6) union_decl -> TOKEN_KW_UNION TOKEN_IDENTIFIER TOKEN_LBRACE union_member_list TOKEN_RBRACE TOKEN_SEMICOLON .

    TOKEN_EOF       reduce using rule 6 (union_decl -> TOKEN_KW_UNION TOKEN_IDENTIFIER TOKEN_LBRACE union_member_list TOKEN_RBRACE TOKEN_SEMICOLON .)
    TOKEN_KW_FUNCTION reduce using rule 6 (union_decl -> TOKEN_KW_UNION TOKEN_IDENTIFIER TOKEN_LBRACE union_member_list TOKEN_RBRACE TOKEN_SEMICOLON .)
    TOKEN_KW_ASYNC  reduce using rule 6 (union_decl -> TOKEN_KW_UNION TOKEN_IDENTIFIER TOKEN_LBRACE union_member_list TOKEN_RBRACE TOKEN_SEMICOLON .)
    TOKEN_KW_STRUCT reduce using rule 6 (union_decl -> TOKEN_KW_UNION TOKEN_IDENTIFIER TOKEN_LBRACE union_member_list TOKEN_RBRACE TOKEN_SEMICOLON .)
    TOKEN_KW_TYPEALIAS reduce using rule 6 (union_decl -> TOKEN_KW_UNION TOKEN_IDENTIFIER TOKEN_LBRACE union_member_list TOKEN_RBRACE TOKEN_SEMICOLON .)
    TOKEN_KW_ENUM   reduce using rule 6 (union_decl -> TOKEN_KW_UNION TOKEN_IDENTIFIER TOKEN_LBRACE union_member_list TOKEN_RBRACE TOKEN_SEMICOLON .)
    TOKEN_KW_UNION  reduce using rule 6 (union_decl -> TOKEN_KW_UNION TOKEN_IDENTIFIER TOKEN_LBRACE union_member_list TOKEN_RBRACE TOKEN_SEMICOLON .)
    TOKEN_KW_CHAN   reduce using rule 6 (union_decl -> TOKEN_KW_UNION TOKEN_IDENTIFIER TOKEN_LBRACE union_member_list TOKEN_RBRACE TOKEN_SEMICOLON .)
    TOKEN_KW_MUTEX  reduce using rule 6 (union_decl -> TOKEN_KW_UNION TOKEN_IDENTIFIER TOKEN_LBRACE union_member_list TOKEN_RBRACE TOKEN_SEMICOLON .)
    TOKEN_KW_CONST  reduce using rule 6 (union_decl -> TOKEN_KW_UNION TOKEN_IDENTIFIER TOKEN_LBRACE union_member_list TOKEN_RBRACE TOKEN_SEMICOLON .)
    TOKEN_KW_MUT    reduce using rule 6 (union_decl -> TOKEN_KW_UNION TOKEN_IDENTIFIER TOKEN_LBRACE union_member_list TOKEN_RBRACE TOKEN_SEMICOLON .)
    TOKEN_KW_STATIC reduce using rule 6 (union_decl -> TOKEN_KW_UNION TOKEN_IDENTIFIER TOKEN_LBRACE union_member_list TOKEN_RBRACE TOKEN_SEMICOLON .)
    TOKEN_KW_VOLATILE reduce using rule 6 (union_decl -> TOKEN_KW_UNION TOKEN_IDENTIFIER TOKEN_LBRACE union_member_list TOKEN_RBRACE TOKEN_SEMICOLON .)
    TOKEN_KW_ATOMIC reduce using rule 6 (union_decl -> TOKEN_KW_UNION TOKEN_IDENTIFIER TOKEN_LBRACE union_member_list TOKEN_RBRACE TOKEN_SEMICOLON .)
    TOKEN_KW_SHARED reduce using rule 6 (union_decl -> TOKEN_KW_UNION TOKEN_IDENTIFIER TOKEN_LBRACE union_member_list TOKEN_RBRACE TOKEN_SEMICOLON .)
    TOKEN_KW_PRIVATE reduce using rule 6 (union_decl -> TOKEN_KW_UNION TOKEN_IDENTIFIER TOKEN_LBRACE union_member_list TOKEN_RBRACE TOKEN_SEMICOLON .)
    TOKEN_KW_PUBLIC reduce using rule 6 (union_decl -> TOKEN_KW_UNION TOKEN_IDENTIFIER TOKEN_LBRACE union_member_list TOKEN_RBRACE TOKEN_SEMICOLON .)


state 230

    (159) expr -> TOKEN_KW_CAST type TOKEN_ARROW expr .

    TOKEN_SEMICOLON reduce using rule 159 (expr -> TOKEN_KW_CAST type TOKEN_ARROW expr .)
    TOKEN_RBRACKET  reduce using rule 159 (expr -> TOKEN_KW_CAST type TOKEN_ARROW expr .)
    TOKEN_RPAREN    reduce using rule 159 (expr -> TOKEN_KW_CAST type TOKEN_ARROW expr .)
    TOKEN_COMMA     reduce using rule 159 (expr -> TOKEN_KW_CAST type TOKEN_ARROW expr .)
    TOKEN_COLON     reduce using rule 159 (expr -> TOKEN_KW_CAST type TOKEN_ARROW expr .)
    TOKEN_RBRACE    reduce using rule 159 (expr -> TOKEN_KW_CAST type TOKEN_ARROW expr .)
    TOKEN_FAT_ARROW reduce using rule 159 (expr -> TOKEN_KW_CAST type TOKEN_ARROW expr .)


state 231

    (152) postfix -> postfix TOKEN_LPAREN arg_list TOKEN_RPAREN .

    TOKEN_LPAREN    reduce using rule 152 (postfix -> postfix TOKEN_LPAREN arg_list TOKEN_RPAREN .)
    TOKEN_LBRACKET  reduce using rule 152 (postfix -> postfix TOKEN_LPAREN arg_list TOKEN_RPAREN .)
    TOKEN_DOT       reduce using rule 152 (postfix -> postfix TOKEN_LPAREN arg_list TOKEN_RPAREN .)
    TOKEN_SCOPE_RES reduce using rule 152 (postfix -> postfix TOKEN_LPAREN arg_list TOKEN_RPAREN .)
    TOKEN_ARROW     reduce using rule 152 (postfix -> postfix TOKEN_LPAREN arg_list TOKEN_RPAREN .)
    TOKEN_LEFT_ARROW reduce using rule 152 (postfix -> postfix TOKEN_LPAREN arg_list TOKEN_RPAREN .)
    TOKEN_LSHIFT_ASSIGN reduce using rule 152 (postfix -> postfix TOKEN_LPAREN arg_list TOKEN_RPAREN .)
    TOKEN_RSHIFT_ASSIGN reduce using rule 152 (postfix -> postfix TOKEN_LPAREN arg_list TOKEN_RPAREN .)
    TOKEN_ASSIGN    reduce using rule 152 (postfix -> postfix TOKEN_LPAREN arg_list TOKEN_RPAREN .)
    TOKEN_PLUS_EQ   reduce using rule 152 (postfix -> postfix TOKEN_LPAREN arg_list TOKEN_RPAREN .)
    TOKEN_MINUS_EQ  reduce using rule 152 (postfix -> postfix TOKEN_LPAREN arg_list TOKEN_RPAREN .)
    TOKEN_STAR_EQ   reduce using rule 152 (postfix -> postfix TOKEN_LPAREN arg_list TOKEN_RPAREN .)
    TOKEN_SLASH_EQ  reduce using rule 152 (postfix -> postfix TOKEN_LPAREN arg_list TOKEN_RPAREN .)
    TOKEN_MOD_EQ    reduce using rule 152 (postfix -> postfix TOKEN_LPAREN arg_list TOKEN_RPAREN .)
    TOKEN_STAR      reduce using rule 152 (postfix -> postfix TOKEN_LPAREN arg_list TOKEN_RPAREN .)
    TOKEN_SLASH     reduce using rule 152 (postfix -> postfix TOKEN_LPAREN arg_list TOKEN_RPAREN .)
    TOKEN_MOD       reduce using rule 152 (postfix -> postfix TOKEN_LPAREN arg_list TOKEN_RPAREN .)
    TOKEN_PLUS      reduce using rule 152 (postfix -> postfix TOKEN_LPAREN arg_list TOKEN_RPAREN .)
    TOKEN_MINUS     reduce using rule 152 (postfix -> postfix TOKEN_LPAREN arg_list TOKEN_RPAREN .)
    TOKEN_LT        reduce using rule 152 (postfix -> postfix TOKEN_LPAREN arg_list TOKEN_RPAREN .)
    TOKEN_GT        reduce using rule 152 (postfix -> postfix TOKEN_LPAREN arg_list TOKEN_RPAREN .)
    TOKEN_LE        reduce using rule 152 (postfix -> postfix TOKEN_LPAREN arg_list TOKEN_RPAREN .)
    TOKEN_GE        reduce using rule 152 (postfix -> postfix TOKEN_LPAREN arg_list TOKEN_RPAREN .)
    TOKEN_EQ        reduce using rule 152 (postfix -> postfix TOKEN_LPAREN arg_list TOKEN_RPAREN .)
    TOKEN_NEQ       reduce using rule 152 (postfix -> postfix TOKEN_LPAREN arg_list TOKEN_RPAREN .)
    TOKEN_AMPERSAND reduce using rule 152 (postfix -> postfix TOKEN_LPAREN arg_list TOKEN_RPAREN .)
    TOKEN_NAND      reduce using rule 152 (postfix -> postfix TOKEN_LPAREN arg_list TOKEN_RPAREN .)
    TOKEN_XOR       reduce using rule 152 (postfix -> postfix TOKEN_LPAREN arg_list TOKEN_RPAREN .)
    TOKEN_BIT_OR    reduce using rule 152 (postfix -> postfix TOKEN_LPAREN arg_list TOKEN_RPAREN .)
    TOKEN_AND       reduce using rule 152 (postfix -> postfix TOKEN_LPAREN arg_list TOKEN_RPAREN .)
    TOKEN_QUESTION  reduce using rule 152 (postfix -> postfix TOKEN_LPAREN arg_list TOKEN_RPAREN .)
    TOKEN_OR        reduce using rule 152 (postfix -> postfix TOKEN_LPAREN arg_list TOKEN_RPAREN .)
    TOKEN_SEMICOLON reduce using rule 152 (postfix -> postfix TOKEN_LPAREN arg_list TOKEN_RPAREN .)
    TOKEN_RBRACKET  reduce using rule 152 (postfix -> postfix TOKEN_LPAREN arg_list TOKEN_RPAREN .)
    TOKEN_RPAREN    reduce using rule 152 (postfix -> postfix TOKEN_LPAREN arg_list TOKEN_RPAREN .)
    TOKEN_COMMA     reduce using rule 152 (postfix -> postfix TOKEN_LPAREN arg_list TOKEN_RPAREN .)
    TOKEN_COLON     reduce using rule 152 (postfix -> postfix TOKEN_LPAREN arg_list TOKEN_RPAREN .)
    TOKEN_RBRACE    reduce using rule 152 (postfix -> postfix TOKEN_LPAREN arg_list TOKEN_RPAREN .)
    TOKEN_FAT_ARROW reduce using rule 152 (postfix -> postfix TOKEN_LPAREN arg_list TOKEN_RPAREN .)


state 232

    (168) arg_list_nonempty -> arg_list_nonempty TOKEN_COMMA . expr
    (113) expr -> . assignment
    (159) expr -> . TOKEN_KW_CAST type TOKEN_ARROW expr
    (3) assignment -> . unary TOKEN_LSHIFT_ASSIGN assignment
    (14) assignment -> . unary TOKEN_RSHIFT_ASSIGN assignment
    (131) assignment -> . ternary
    (142) assignment -> . unary TOKEN_ASSIGN assignment
    (153) assignment -> . unary TOKEN_PLUS_EQ assignment
    (164) assignment -> . unary TOKEN_MINUS_EQ assignment
    (175) assignment -> . unary TOKEN_STAR_EQ assignment
    (186) assignment -> . unary TOKEN_SLASH_EQ assignment
    (197) assignment -> . unary TOKEN_MOD_EQ assignment
    (143) unary -> . TOKEN_PLUS unary
    (144) unary -> . TOKEN_MINUS unary
    (145) unary -> . TOKEN_NOT unary
    (146) unary -> . TOKEN_BIT_NOT unary
    (147) unary -> . TOKEN_AMPERSAND unary
    (148) unary -> . TOKEN_STAR unary
    (149) unary -> . TOKEN_KW_AWAIT unary
    (150) unary -> . postfix
    (25) ternary -> . logical_or
    (36) ternary -> . logical_or TOKEN_QUESTION expr TOKEN_COLON ternary
    (151) postfix -> . primary
    (152) postfix -> . postfix TOKEN_LPAREN arg_list TOKEN_RPAREN
    (154) postfix -> . postfix TOKEN_LBRACKET expr TOKEN_RBRACKET
    (155) postfix -> . postfix TOKEN_DOT TOKEN_IDENTIFIER
    (156) postfix -> . postfix TOKEN_SCOPE_RES TOKEN_IDENTIFIER
    (157) postfix -> . postfix TOKEN_ARROW TOKEN_IDENTIFIER
    (158) postfix -> . postfix TOKEN_LEFT_ARROW TOKEN_IDENTIFIER
    (47) logical_or -> . logical_and
    (58) logical_or -> . logical_or TOKEN_OR logical_and
    (160) primary -> . TOKEN_IDENTIFIER
    (161) primary -> . factor
    (162) primary -> . TOKEN_LPAREN expr TOKEN_RPAREN
    (163) primary -> . TOKEN_KW_NULL
    (69) logical_and -> . bit_or
    (80) logical_and -> . logical_and TOKEN_AND bit_or
    (54) factor -> . TOKEN_INT_LITERAL
    (55) factor -> . TOKEN_FLOAT_LITERAL
    (56) factor -> . TOKEN_CHAR_LITERAL
    (57) factor -> . TOKEN_STRING_LITERAL
    (59) factor -> . TOKEN_BOOL_LITERAL
    (91) bit_or -> . xor
    (102) bit_or -> . bit_or TOKEN_BIT_OR xor
    (114) xor -> . bit_and
    (122) xor -> . xor TOKEN_XOR bit_and
    (123) bit_and -> . equality
    (124) bit_and -> . bit_and TOKEN_AMPERSAND equality
    (125) bit_and -> . bit_and TOKEN_NAND equality
    (126) equality -> . relational
    (127) equality -> . equality TOKEN_EQ relational
    (128) equality -> . equality TOKEN_NEQ relational
    (129) relational -> . additive
    (130) relational -> . relational TOKEN_LT additive
    (132) relational -> . relational TOKEN_GT additive
    (133) relational -> . relational TOKEN_LE additive
    (134) relational -> . relational TOKEN_GE additive
    (135) additive -> . multiplicative
    (136) additive -> . additive TOKEN_PLUS multiplicative
    (137) additive -> . additive TOKEN_MINUS multiplicative
    (138) multiplicative -> . unary
    (139) multiplicative -> . multiplicative TOKEN_STAR unary
    (140) multiplicative -> . multiplicative TOKEN_SLASH unary
    (141) multiplicative -> . multiplicative TOKEN_MOD unary

    TOKEN_KW_CAST   shift and go to state 75
    TOKEN_PLUS      shift and go to state 78
    TOKEN_MINUS     shift and go to state 79
    TOKEN_NOT       shift and go to state 80
    TOKEN_BIT_NOT   shift and go to state 81
    TOKEN_AMPERSAND shift and go to state 82
    TOKEN_STAR      shift and go to state 83
    TOKEN_KW_AWAIT  shift and go to state 84
    TOKEN_IDENTIFIER shift and go to state 72
    TOKEN_LPAREN    shift and go to state 88
    TOKEN_KW_NULL   shift and go to state 91
    TOKEN_INT_LITERAL shift and go to state 93
    TOKEN_FLOAT_LITERAL shift and go to state 94
    TOKEN_CHAR_LITERAL shift and go to state 95
    TOKEN_STRING_LITERAL shift and go to state 96
    TOKEN_BOOL_LITERAL shift and go to state 97

    expr                           shift and go to state 243
    assignment                     shift and go to state 74
    unary                          shift and go to state 76
    ternary                        shift and go to state 77
    postfix                        shift and go to state 85
    logical_or                     shift and go to state 86
    primary                        shift and go to state 87
    logical_and                    shift and go to state 89
    factor                         shift and go to state 90
    bit_or                         shift and go to state 92
    xor                            shift and go to state 98
    bit_and                        shift and go to state 99
    equality                       shift and go to state 100
    relational                     shift and go to state 101
    additive                       shift and go to state 102
    multiplicative                 shift and go to state 103

state 233

    (154) postfix -> postfix TOKEN_LBRACKET expr TOKEN_RBRACKET .

    TOKEN_LPAREN    reduce using rule 154 (postfix -> postfix TOKEN_LBRACKET expr TOKEN_RBRACKET .)
    TOKEN_LBRACKET  reduce using rule 154 (postfix -> postfix TOKEN_LBRACKET expr TOKEN_RBRACKET .)
    TOKEN_DOT       reduce using rule 154 (postfix -> postfix TOKEN_LBRACKET expr TOKEN_RBRACKET .)
    TOKEN_SCOPE_RES reduce using rule 154 (postfix -> postfix TOKEN_LBRACKET expr TOKEN_RBRACKET .)
    TOKEN_ARROW     reduce using rule 154 (postfix -> postfix TOKEN_LBRACKET expr TOKEN_RBRACKET .)
    TOKEN_LEFT_ARROW reduce using rule 154 (postfix -> postfix TOKEN_LBRACKET expr TOKEN_RBRACKET .)
    TOKEN_LSHIFT_ASSIGN reduce using rule 154 (postfix -> postfix TOKEN_LBRACKET expr TOKEN_RBRACKET .)
    TOKEN_RSHIFT_ASSIGN reduce using rule 154 (postfix -> postfix TOKEN_LBRACKET expr TOKEN_RBRACKET .)
    TOKEN_ASSIGN    reduce using rule 154 (postfix -> postfix TOKEN_LBRACKET expr TOKEN_RBRACKET .)
    TOKEN_PLUS_EQ   reduce using rule 154 (postfix -> postfix TOKEN_LBRACKET expr TOKEN_RBRACKET .)
    TOKEN_MINUS_EQ  reduce using rule 154 (postfix -> postfix TOKEN_LBRACKET expr TOKEN_RBRACKET .)
    TOKEN_STAR_EQ   reduce using rule 154 (postfix -> postfix TOKEN_LBRACKET expr TOKEN_RBRACKET .)
    TOKEN_SLASH_EQ  reduce using rule 154 (postfix -> postfix TOKEN_LBRACKET expr TOKEN_RBRACKET .)
    TOKEN_MOD_EQ    reduce using rule 154 (postfix -> postfix TOKEN_LBRACKET expr TOKEN_RBRACKET .)
    TOKEN_STAR      reduce using rule 154 (postfix -> postfix TOKEN_LBRACKET expr TOKEN_RBRACKET .)
    TOKEN_SLASH     reduce using rule 154 (postfix -> postfix TOKEN_LBRACKET expr TOKEN_RBRACKET .)
    TOKEN_MOD       reduce using rule 154 (postfix -> postfix TOKEN_LBRACKET expr TOKEN_RBRACKET .)
    TOKEN_PLUS      reduce using rule 154 (postfix -> postfix TOKEN_LBRACKET expr TOKEN_RBRACKET .)
    TOKEN_MINUS     reduce using rule 154 (postfix -> postfix TOKEN_LBRACKET expr TOKEN_RBRACKET .)
    TOKEN_LT        reduce using rule 154 (postfix -> postfix TOKEN_LBRACKET expr TOKEN_RBRACKET .)
    TOKEN_GT        reduce using rule 154 (postfix -> postfix TOKEN_LBRACKET expr TOKEN_RBRACKET .)
    TOKEN_LE        reduce using rule 154 (postfix -> postfix TOKEN_LBRACKET expr TOKEN_RBRACKET .)
    TOKEN_GE        reduce using rule 154 (postfix -> postfix TOKEN_LBRACKET expr TOKEN_RBRACKET .)
    TOKEN_EQ        reduce using rule 154 (postfix -> postfix TOKEN_LBRACKET expr TOKEN_RBRACKET .)
    TOKEN_NEQ       reduce using rule 154 (postfix -> postfix TOKEN_LBRACKET expr TOKEN_RBRACKET .)
    TOKEN_AMPERSAND reduce using rule 154 (postfix -> postfix TOKEN_LBRACKET expr TOKEN_RBRACKET .)
    TOKEN_NAND      reduce using rule 154 (postfix -> postfix TOKEN_LBRACKET expr TOKEN_RBRACKET .)
    TOKEN_XOR       reduce using rule 154 (postfix -> postfix TOKEN_LBRACKET expr TOKEN_RBRACKET .)
    TOKEN_BIT_OR    reduce using rule 154 (postfix -> postfix TOKEN_LBRACKET expr TOKEN_RBRACKET .)
    TOKEN_AND       reduce using rule 154 (postfix -> postfix TOKEN_LBRACKET expr TOKEN_RBRACKET .)
    TOKEN_QUESTION  reduce using rule 154 (postfix -> postfix TOKEN_LBRACKET expr TOKEN_RBRACKET .)
    TOKEN_OR        reduce using rule 154 (postfix -> postfix TOKEN_LBRACKET expr TOKEN_RBRACKET .)
    TOKEN_SEMICOLON reduce using rule 154 (postfix -> postfix TOKEN_LBRACKET expr TOKEN_RBRACKET .)
    TOKEN_RBRACKET  reduce using rule 154 (postfix -> postfix TOKEN_LBRACKET expr TOKEN_RBRACKET .)
    TOKEN_RPAREN    reduce using rule 154 (postfix -> postfix TOKEN_LBRACKET expr TOKEN_RBRACKET .)
    TOKEN_COMMA     reduce using rule 154 (postfix -> postfix TOKEN_LBRACKET expr TOKEN_RBRACKET .)
    TOKEN_COLON     reduce using rule 154 (postfix -> postfix TOKEN_LBRACKET expr TOKEN_RBRACKET .)
    TOKEN_RBRACE    reduce using rule 154 (postfix -> postfix TOKEN_LBRACKET expr TOKEN_RBRACKET .)
    TOKEN_FAT_ARROW reduce using rule 154 (postfix -> postfix TOKEN_LBRACKET expr TOKEN_RBRACKET .)


state 234

    (36) ternary -> logical_or TOKEN_QUESTION expr TOKEN_COLON . ternary
    (25) ternary -> . logical_or
    (36) ternary -> . logical_or TOKEN_QUESTION expr TOKEN_COLON ternary
    (47) logical_or -> . logical_and
    (58) logical_or -> . logical_or TOKEN_OR logical_and
    (69) logical_and -> . bit_or
    (80) logical_and -> . logical_and TOKEN_AND bit_or
    (91) bit_or -> . xor
    (102) bit_or -> . bit_or TOKEN_BIT_OR xor
    (114) xor -> . bit_and
    (122) xor -> . xor TOKEN_XOR bit_and
    (123) bit_and -> . equality
    (124) bit_and -> . bit_and TOKEN_AMPERSAND equality
    (125) bit_and -> . bit_and TOKEN_NAND equality
    (126) equality -> . relational
    (127) equality -> . equality TOKEN_EQ relational
    (128) equality -> . equality TOKEN_NEQ relational
    (129) relational -> . additive
    (130) relational -> . relational TOKEN_LT additive
    (132) relational -> . relational TOKEN_GT additive
    (133) relational -> . relational TOKEN_LE additive
    (134) relational -> . relational TOKEN_GE additive
    (135) additive -> . multiplicative
    (136) additive -> . additive TOKEN_PLUS multiplicative
    (137) additive -> . additive TOKEN_MINUS multiplicative
    (138) multiplicative -> . unary
    (139) multiplicative -> . multiplicative TOKEN_STAR unary
    (140) multiplicative -> . multiplicative TOKEN_SLASH unary
    (141) multiplicative -> . multiplicative TOKEN_MOD unary
    (143) unary -> . TOKEN_PLUS unary
    (144) unary -> . TOKEN_MINUS unary
    (145) unary -> . TOKEN_NOT unary
    (146) unary -> . TOKEN_BIT_NOT unary
    (147) unary -> . TOKEN_AMPERSAND unary
    (148) unary -> . TOKEN_STAR unary
    (149) unary -> . TOKEN_KW_AWAIT unary
    (150) unary -> . postfix
    (151) postfix -> . primary
    (152) postfix -> . postfix TOKEN_LPAREN arg_list TOKEN_RPAREN
    (154) postfix -> . postfix TOKEN_LBRACKET expr TOKEN_RBRACKET
    (155) postfix -> . postfix TOKEN_DOT TOKEN_IDENTIFIER
    (156) postfix -> . postfix TOKEN_SCOPE_RES TOKEN_IDENTIFIER
    (157) postfix -> . postfix TOKEN_ARROW TOKEN_IDENTIFIER
    (158) postfix -> . postfix TOKEN_LEFT_ARROW TOKEN_IDENTIFIER
    (160) primary -> . TOKEN_IDENTIFIER
    (161) primary -> . factor
    (162) primary -> . TOKEN_LPAREN expr TOKEN_RPAREN
    (163) primary -> . TOKEN_KW_NULL
    (54) factor -> . TOKEN_INT_LITERAL
    (55) factor -> . TOKEN_FLOAT_LITERAL
    (56) factor -> . TOKEN_CHAR_LITERAL
    (57) factor -> . TOKEN_STRING_LITERAL
    (59) factor -> . TOKEN_BOOL_LITERAL

    TOKEN_PLUS      shift and go to state 78
    TOKEN_MINUS     shift and go to state 79
    TOKEN_NOT       shift and go to state 80
    TOKEN_BIT_NOT   shift and go to state 81
    TOKEN_AMPERSAND shift and go to state 82
    TOKEN_STAR      shift and go to state 83
    TOKEN_KW_AWAIT  shift and go to state 84
    TOKEN_IDENTIFIER shift and go to state 72
    TOKEN_LPAREN    shift and go to state 88
    TOKEN_KW_NULL   shift and go to state 91
    TOKEN_INT_LITERAL shift and go to state 93
    TOKEN_FLOAT_LITERAL shift and go to state 94
    TOKEN_CHAR_LITERAL shift and go to state 95
    TOKEN_STRING_LITERAL shift and go to state 96
    TOKEN_BOOL_LITERAL shift and go to state 97

    logical_or                     shift and go to state 86
    ternary                        shift and go to state 244
    logical_and                    shift and go to state 89
    bit_or                         shift and go to state 92
    xor                            shift and go to state 98
    bit_and                        shift and go to state 99
    equality                       shift and go to state 100
    relational                     shift and go to state 101
    additive                       shift and go to state 102
    multiplicative                 shift and go to state 103
    unary                          shift and go to state 198
    postfix                        shift and go to state 85
    primary                        shift and go to state 87
    factor                         shift and go to state 90

state 235

    (82) array_init -> TOKEN_LBRACE init_list TOKEN_RBRACE .

    TOKEN_SEMICOLON reduce using rule 82 (array_init -> TOKEN_LBRACE init_list TOKEN_RBRACE .)
    TOKEN_RBRACE    reduce using rule 82 (array_init -> TOKEN_LBRACE init_list TOKEN_RBRACE .)
    TOKEN_COMMA     reduce using rule 82 (array_init -> TOKEN_LBRACE init_list TOKEN_RBRACE .)


state 236

    (83) init_list -> init_list TOKEN_COMMA . initializer
    (85) initializer -> . expr
    (86) initializer -> . array_init
    (113) expr -> . assignment
    (159) expr -> . TOKEN_KW_CAST type TOKEN_ARROW expr
    (82) array_init -> . TOKEN_LBRACE init_list TOKEN_RBRACE
    (3) assignment -> . unary TOKEN_LSHIFT_ASSIGN assignment
    (14) assignment -> . unary TOKEN_RSHIFT_ASSIGN assignment
    (131) assignment -> . ternary
    (142) assignment -> . unary TOKEN_ASSIGN assignment
    (153) assignment -> . unary TOKEN_PLUS_EQ assignment
    (164) assignment -> . unary TOKEN_MINUS_EQ assignment
    (175) assignment -> . unary TOKEN_STAR_EQ assignment
    (186) assignment -> . unary TOKEN_SLASH_EQ assignment
    (197) assignment -> . unary TOKEN_MOD_EQ assignment
    (143) unary -> . TOKEN_PLUS unary
    (144) unary -> . TOKEN_MINUS unary
    (145) unary -> . TOKEN_NOT unary
    (146) unary -> . TOKEN_BIT_NOT unary
    (147) unary -> . TOKEN_AMPERSAND unary
    (148) unary -> . TOKEN_STAR unary
    (149) unary -> . TOKEN_KW_AWAIT unary
    (150) unary -> . postfix
    (25) ternary -> . logical_or
    (36) ternary -> . logical_or TOKEN_QUESTION expr TOKEN_COLON ternary
    (151) postfix -> . primary
    (152) postfix -> . postfix TOKEN_LPAREN arg_list TOKEN_RPAREN
    (154) postfix -> . postfix TOKEN_LBRACKET expr TOKEN_RBRACKET
    (155) postfix -> . postfix TOKEN_DOT TOKEN_IDENTIFIER
    (156) postfix -> . postfix TOKEN_SCOPE_RES TOKEN_IDENTIFIER
    (157) postfix -> . postfix TOKEN_ARROW TOKEN_IDENTIFIER
    (158) postfix -> . postfix TOKEN_LEFT_ARROW TOKEN_IDENTIFIER
    (47) logical_or -> . logical_and
    (58) logical_or -> . logical_or TOKEN_OR logical_and
    (160) primary -> . TOKEN_IDENTIFIER
    (161) primary -> . factor
    (162) primary -> . TOKEN_LPAREN expr TOKEN_RPAREN
    (163) primary -> . TOKEN_KW_NULL
    (69) logical_and -> . bit_or
    (80) logical_and -> . logical_and TOKEN_AND bit_or
    (54) factor -> . TOKEN_INT_LITERAL
    (55) factor -> . TOKEN_FLOAT_LITERAL
    (56) factor -> . TOKEN_CHAR_LITERAL
    (57) factor -> . TOKEN_STRING_LITERAL
    (59) factor -> . TOKEN_BOOL_LITERAL
    (91) bit_or -> . xor
    (102) bit_or -> . bit_or TOKEN_BIT_OR xor
    (114) xor -> . bit_and
    (122) xor -> . xor TOKEN_XOR bit_and
    (123) bit_and -> . equality
    (124) bit_and -> . bit_and TOKEN_AMPERSAND equality
    (125) bit_and -> . bit_and TOKEN_NAND equality
    (126) equality -> . relational
    (127) equality -> . equality TOKEN_EQ relational
    (128) equality -> . equality TOKEN_NEQ relational
    (129) relational -> . additive
    (130) relational -> . relational TOKEN_LT additive
    (132) relational -> . relational TOKEN_GT additive
    (133) relational -> . relational TOKEN_LE additive
    (134) relational -> . relational TOKEN_GE additive
    (135) additive -> . multiplicative
    (136) additive -> . additive TOKEN_PLUS multiplicative
    (137) additive -> . additive TOKEN_MINUS multiplicative
    (138) multiplicative -> . unary
    (139) multiplicative -> . multiplicative TOKEN_STAR unary
    (140) multiplicative -> . multiplicative TOKEN_SLASH unary
    (141) multiplicative -> . multiplicative TOKEN_MOD unary

    TOKEN_KW_CAST   shift and go to state 75
    TOKEN_LBRACE    shift and go to state 164
    TOKEN_PLUS      shift and go to state 78
    TOKEN_MINUS     shift and go to state 79
    TOKEN_NOT       shift and go to state 80
    TOKEN_BIT_NOT   shift and go to state 81
    TOKEN_AMPERSAND shift and go to state 82
    TOKEN_STAR      shift and go to state 83
    TOKEN_KW_AWAIT  shift and go to state 84
    TOKEN_IDENTIFIER shift and go to state 72
    TOKEN_LPAREN    shift and go to state 88
    TOKEN_KW_NULL   shift and go to state 91
    TOKEN_INT_LITERAL shift and go to state 93
    TOKEN_FLOAT_LITERAL shift and go to state 94
    TOKEN_CHAR_LITERAL shift and go to state 95
    TOKEN_STRING_LITERAL shift and go to state 96
    TOKEN_BOOL_LITERAL shift and go to state 97

    initializer                    shift and go to state 245
    expr                           shift and go to state 219
    array_init                     shift and go to state 220
    assignment                     shift and go to state 74
    unary                          shift and go to state 76
    ternary                        shift and go to state 77
    postfix                        shift and go to state 85
    logical_or                     shift and go to state 86
    primary                        shift and go to state 87
    logical_and                    shift and go to state 89
    factor                         shift and go to state 90
    bit_or                         shift and go to state 92
    xor                            shift and go to state 98
    bit_and                        shift and go to state 99
    equality                       shift and go to state 100
    relational                     shift and go to state 101
    additive                       shift and go to state 102
    multiplicative                 shift and go to state 103

state 237

    (17) func_decl -> TOKEN_KW_FUNCTION type TOKEN_IDENTIFIER TOKEN_LPAREN param_list TOKEN_RPAREN func_suffix .

    TOKEN_EOF       reduce using rule 17 (func_decl -> TOKEN_KW_FUNCTION type TOKEN_IDENTIFIER TOKEN_LPAREN param_list TOKEN_RPAREN func_suffix .)
    TOKEN_KW_FUNCTION reduce using rule 17 (func_decl -> TOKEN_KW_FUNCTION type TOKEN_IDENTIFIER TOKEN_LPAREN param_list TOKEN_RPAREN func_suffix .)
    TOKEN_KW_ASYNC  reduce using rule 17 (func_decl -> TOKEN_KW_FUNCTION type TOKEN_IDENTIFIER TOKEN_LPAREN param_list TOKEN_RPAREN func_suffix .)
    TOKEN_KW_STRUCT reduce using rule 17 (func_decl -> TOKEN_KW_FUNCTION type TOKEN_IDENTIFIER TOKEN_LPAREN param_list TOKEN_RPAREN func_suffix .)
    TOKEN_KW_TYPEALIAS reduce using rule 17 (func_decl -> TOKEN_KW_FUNCTION type TOKEN_IDENTIFIER TOKEN_LPAREN param_list TOKEN_RPAREN func_suffix .)
    TOKEN_KW_ENUM   reduce using rule 17 (func_decl -> TOKEN_KW_FUNCTION type TOKEN_IDENTIFIER TOKEN_LPAREN param_list TOKEN_RPAREN func_suffix .)
    TOKEN_KW_UNION  reduce using rule 17 (func_decl -> TOKEN_KW_FUNCTION type TOKEN_IDENTIFIER TOKEN_LPAREN param_list TOKEN_RPAREN func_suffix .)
    TOKEN_KW_CHAN   reduce using rule 17 (func_decl -> TOKEN_KW_FUNCTION type TOKEN_IDENTIFIER TOKEN_LPAREN param_list TOKEN_RPAREN func_suffix .)
    TOKEN_KW_MUTEX  reduce using rule 17 (func_decl -> TOKEN_KW_FUNCTION type TOKEN_IDENTIFIER TOKEN_LPAREN param_list TOKEN_RPAREN func_suffix .)
    TOKEN_KW_CONST  reduce using rule 17 (func_decl -> TOKEN_KW_FUNCTION type TOKEN_IDENTIFIER TOKEN_LPAREN param_list TOKEN_RPAREN func_suffix .)
    TOKEN_KW_MUT    reduce using rule 17 (func_decl -> TOKEN_KW_FUNCTION type TOKEN_IDENTIFIER TOKEN_LPAREN param_list TOKEN_RPAREN func_suffix .)
    TOKEN_KW_STATIC reduce using rule 17 (func_decl -> TOKEN_KW_FUNCTION type TOKEN_IDENTIFIER TOKEN_LPAREN param_list TOKEN_RPAREN func_suffix .)
    TOKEN_KW_VOLATILE reduce using rule 17 (func_decl -> TOKEN_KW_FUNCTION type TOKEN_IDENTIFIER TOKEN_LPAREN param_list TOKEN_RPAREN func_suffix .)
    TOKEN_KW_ATOMIC reduce using rule 17 (func_decl -> TOKEN_KW_FUNCTION type TOKEN_IDENTIFIER TOKEN_LPAREN param_list TOKEN_RPAREN func_suffix .)
    TOKEN_KW_SHARED reduce using rule 17 (func_decl -> TOKEN_KW_FUNCTION type TOKEN_IDENTIFIER TOKEN_LPAREN param_list TOKEN_RPAREN func_suffix .)
    TOKEN_KW_PRIVATE reduce using rule 17 (func_decl -> TOKEN_KW_FUNCTION type TOKEN_IDENTIFIER TOKEN_LPAREN param_list TOKEN_RPAREN func_suffix .)
    TOKEN_KW_PUBLIC reduce using rule 17 (func_decl -> TOKEN_KW_FUNCTION type TOKEN_IDENTIFIER TOKEN_LPAREN param_list TOKEN_RPAREN func_suffix .)


state 238

    (60) func_suffix -> TOKEN_SEMICOLON .

    TOKEN_EOF       reduce using rule 60 (func_suffix -> TOKEN_SEMICOLON .)
    TOKEN_KW_FUNCTION reduce using rule 60 (func_suffix -> TOKEN_SEMICOLON .)
    TOKEN_KW_ASYNC  reduce using rule 60 (func_suffix -> TOKEN_SEMICOLON .)
    TOKEN_KW_STRUCT reduce using rule 60 (func_suffix -> TOKEN_SEMICOLON .)
    TOKEN_KW_TYPEALIAS reduce using rule 60 (func_suffix -> TOKEN_SEMICOLON .)
    TOKEN_KW_ENUM   reduce using rule 60 (func_suffix -> TOKEN_SEMICOLON .)
    TOKEN_KW_UNION  reduce using rule 60 (func_suffix -> TOKEN_SEMICOLON .)
    TOKEN_KW_CHAN   reduce using rule 60 (func_suffix -> TOKEN_SEMICOLON .)
    TOKEN_KW_MUTEX  reduce using rule 60 (func_suffix -> TOKEN_SEMICOLON .)
    TOKEN_KW_CONST  reduce using rule 60 (func_suffix -> TOKEN_SEMICOLON .)
    TOKEN_KW_MUT    reduce using rule 60 (func_suffix -> TOKEN_SEMICOLON .)
    TOKEN_KW_STATIC reduce using rule 60 (func_suffix -> TOKEN_SEMICOLON .)
    TOKEN_KW_VOLATILE reduce using rule 60 (func_suffix -> TOKEN_SEMICOLON .)
    TOKEN_KW_ATOMIC reduce using rule 60 (func_suffix -> TOKEN_SEMICOLON .)
    TOKEN_KW_SHARED reduce using rule 60 (func_suffix -> TOKEN_SEMICOLON .)
    TOKEN_KW_PRIVATE reduce using rule 60 (func_suffix -> TOKEN_SEMICOLON .)
    TOKEN_KW_PUBLIC reduce using rule 60 (func_suffix -> TOKEN_SEMICOLON .)


state 239

    (61) func_suffix -> func_body .

    TOKEN_EOF       reduce using rule 61 (func_suffix -> func_body .)
    TOKEN_KW_FUNCTION reduce using rule 61 (func_suffix -> func_body .)
    TOKEN_KW_ASYNC  reduce using rule 61 (func_suffix -> func_body .)
    TOKEN_KW_STRUCT reduce using rule 61 (func_suffix -> func_body .)
    TOKEN_KW_TYPEALIAS reduce using rule 61 (func_suffix -> func_body .)
    TOKEN_KW_ENUM   reduce using rule 61 (func_suffix -> func_body .)
    TOKEN_KW_UNION  reduce using rule 61 (func_suffix -> func_body .)
    TOKEN_KW_CHAN   reduce using rule 61 (func_suffix -> func_body .)
    TOKEN_KW_MUTEX  reduce using rule 61 (func_suffix -> func_body .)
    TOKEN_KW_CONST  reduce using rule 61 (func_suffix -> func_body .)
    TOKEN_KW_MUT    reduce using rule 61 (func_suffix -> func_body .)
    TOKEN_KW_STATIC reduce using rule 61 (func_suffix -> func_body .)
    TOKEN_KW_VOLATILE reduce using rule 61 (func_suffix -> func_body .)
    TOKEN_KW_ATOMIC reduce using rule 61 (func_suffix -> func_body .)
    TOKEN_KW_SHARED reduce using rule 61 (func_suffix -> func_body .)
    TOKEN_KW_PRIVATE reduce using rule 61 (func_suffix -> func_body .)
    TOKEN_KW_PUBLIC reduce using rule 61 (func_suffix -> func_body .)


state 240

    (62) func_body -> TOKEN_LBRACE . stmt_list TOKEN_RBRACE
    (192) stmt_list -> . stmt_list stmt
    (193) stmt_list -> . stmt
    (169) stmt -> . var_decl
    (170) stmt -> . expr_stmt
    (171) stmt -> . if_stmt
    (172) stmt -> . while_stmt
    (173) stmt -> . do_stmt
    (174) stmt -> . for_stmt
    (176) stmt -> . switch_stmt
    (177) stmt -> . return_stmt
    (178) stmt -> . break_stmt
    (179) stmt -> . continue_stmt
    (180) stmt -> . match_stmt
    (181) stmt -> . defer_stmt
    (182) stmt -> . import_stmt
    (183) stmt -> . module_stmt
    (184) stmt -> . try_stmt
    (185) stmt -> . catch_stmt
    (187) stmt -> . raise_stmt
    (188) stmt -> . spawn_stmt
    (189) stmt -> . select_stmt
    (190) stmt -> . lock_stmt
    (191) stmt -> . block
    (12) var_decl -> . type TOKEN_IDENTIFIER TOKEN_ASSIGN expr TOKEN_SEMICOLON
    (13) var_decl -> . type TOKEN_IDENTIFIER TOKEN_SEMICOLON
    (15) var_decl -> . type TOKEN_IDENTIFIER array_struct TOKEN_ASSIGN array_init TOKEN_SEMICOLON
    (16) var_decl -> . type TOKEN_IDENTIFIER array_struct TOKEN_SEMICOLON
    (2) expr_stmt -> . expr TOKEN_SEMICOLON
    (87) if_stmt -> . TOKEN_KW_IF TOKEN_LPAREN expr TOKEN_RPAREN block else
    (93) while_stmt -> . TOKEN_KW_WHILE TOKEN_LPAREN expr TOKEN_RPAREN stmt
    (94) do_stmt -> . TOKEN_KW_DO block TOKEN_KW_WHILE TOKEN_LPAREN expr TOKEN_RPAREN TOKEN_SEMICOLON
    (95) for_stmt -> . TOKEN_KW_FOR TOKEN_LPAREN for_init TOKEN_RPAREN stmt
    (97) switch_stmt -> . TOKEN_KW_SWITCH TOKEN_LPAREN expr TOKEN_RPAREN case_block
    (105) return_stmt -> . TOKEN_KW_RETURN expr TOKEN_SEMICOLON
    (106) return_stmt -> . TOKEN_KW_RETURN TOKEN_SEMICOLON
    (101) break_stmt -> . TOKEN_KW_BREAK TOKEN_SEMICOLON
    (100) continue_stmt -> . TOKEN_KW_CONTINUE TOKEN_SEMICOLON
    (107) match_stmt -> . TOKEN_KW_MATCH TOKEN_LPAREN expr TOKEN_RPAREN TOKEN_COLON match_block
    (109) defer_stmt -> . TOKEN_KW_DEFER TOKEN_LPAREN expr TOKEN_RPAREN TOKEN_SEMICOLON
    (110) import_stmt -> . TOKEN_GT TOKEN_KW_IMPORT TOKEN_IDENTIFIER
    (111) module_stmt -> . TOKEN_KW_MODULE module_list TOKEN_SEMICOLON
    (116) try_stmt -> . TOKEN_KW_TRY TOKEN_COLON TOKEN_LBRACE stmt_list TOKEN_RBRACE catch_stmt
    (117) catch_stmt -> . TOKEN_KW_CATCH TOKEN_LPAREN TOKEN_IDENTIFIER TOKEN_RPAREN TOKEN_COLON TOKEN_LBRACE stmt_list TOKEN_RBRACE
    (118) raise_stmt -> . TOKEN_KW_RAISE expr TOKEN_SEMICOLON
    (119) spawn_stmt -> . TOKEN_KW_SPAWN expr TOKEN_SEMICOLON
    (120) select_stmt -> . TOKEN_KW_SELECT case_block
    (121) lock_stmt -> . TOKEN_KW_LOCK TOKEN_LPAREN expr TOKEN_RPAREN block
    (68) block -> . TOKEN_LBRACE stmt_list TOKEN_RBRACE
    (70) block -> . TOKEN_LBRACE TOKEN_RBRACE
    (31) type -> . channel_type
    (32) type -> . pointer_type
    (113) expr -> . assignment
    (159) expr -> . TOKEN_KW_CAST type TOKEN_ARROW expr
    (37) channel_type -> . TOKEN_KW_CHAN type
    (33) pointer_type -> . pointer_type TOKEN_STAR
    (34) pointer_type -> . pointer_type TOKEN_AMPERSAND
    (35) pointer_type -> . base_type
    (3) assignment -> . unary TOKEN_LSHIFT_ASSIGN assignment
    (14) assignment -> . unary TOKEN_RSHIFT_ASSIGN assignment
    (131) assignment -> . ternary
    (142) assignment -> . unary TOKEN_ASSIGN assignment
    (153) assignment -> . unary TOKEN_PLUS_EQ assignment
    (164) assignment -> . unary TOKEN_MINUS_EQ assignment
    (175) assignment -> . unary TOKEN_STAR_EQ assignment
    (186) assignment -> . unary TOKEN_SLASH_EQ assignment
    (197) assignment -> . unary TOKEN_MOD_EQ assignment
    (38) base_type -> . modifier_list TOKEN_KW_INT
    (39) base_type -> . modifier_list TOKEN_KW_SHORT
    (40) base_type -> . modifier_list TOKEN_KW_LONG
    (41) base_type -> . modifier_list TOKEN_KW_BYTE
    (42) base_type -> . modifier_list TOKEN_KW_FLOAT
    (43) base_type -> . modifier_list TOKEN_KW_DOUBLE
    (44) base_type -> . modifier_list TOKEN_KW_CHAR
    (45) base_type -> . modifier_list TOKEN_KW_STRING
    (46) base_type -> . modifier_list TOKEN_KW_BOOL
    (48) base_type -> . modifier_list TOKEN_KW_STRUCT
    (49) base_type -> . modifier_list TOKEN_KW_ENUM
    (50) base_type -> . modifier_list TOKEN_KW_UNION
    (51) base_type -> . modifier_list TOKEN_KW_VOID
    (52) base_type -> . TOKEN_KW_MUTEX
    (53) base_type -> . modifier_list TOKEN_IDENTIFIER
    (143) unary -> . TOKEN_PLUS unary
    (144) unary -> . TOKEN_MINUS unary
    (145) unary -> . TOKEN_NOT unary
    (146) unary -> . TOKEN_BIT_NOT unary
    (147) unary -> . TOKEN_AMPERSAND unary
    (148) unary -> . TOKEN_STAR unary
    (149) unary -> . TOKEN_KW_AWAIT unary
    (150) unary -> . postfix
    (25) ternary -> . logical_or
    (36) ternary -> . logical_or TOKEN_QUESTION expr TOKEN_COLON ternary
    (29) modifier_list -> . modifier_list modifier
    (30) modifier_list -> . modifier
    (151) postfix -> . primary
    (152) postfix -> . postfix TOKEN_LPAREN arg_list TOKEN_RPAREN
    (154) postfix -> . postfix TOKEN_LBRACKET expr TOKEN_RBRACKET
    (155) postfix -> . postfix TOKEN_DOT TOKEN_IDENTIFIER
    (156) postfix -> . postfix TOKEN_SCOPE_RES TOKEN_IDENTIFIER
    (157) postfix -> . postfix TOKEN_ARROW TOKEN_IDENTIFIER
    (158) postfix -> . postfix TOKEN_LEFT_ARROW TOKEN_IDENTIFIER
    (47) logical_or -> . logical_and
    (58) logical_or -> . logical_or TOKEN_OR logical_and
    (20) modifier -> . TOKEN_KW_CONST
    (21) modifier -> . TOKEN_KW_MUT
    (22) modifier -> . TOKEN_KW_STATIC
    (23) modifier -> . TOKEN_KW_VOLATILE
    (24) modifier -> . TOKEN_KW_ATOMIC
    (26) modifier -> . TOKEN_KW_SHARED
    (27) modifier -> . TOKEN_KW_PRIVATE
    (28) modifier -> . TOKEN_KW_PUBLIC
    (160) primary -> . TOKEN_IDENTIFIER
    (161) primary -> . factor
    (162) primary -> . TOKEN_LPAREN expr TOKEN_RPAREN
    (163) primary -> . TOKEN_KW_NULL
    (69) logical_and -> . bit_or
    (80) logical_and -> . logical_and TOKEN_AND bit_or
    (54) factor -> . TOKEN_INT_LITERAL
    (55) factor -> . TOKEN_FLOAT_LITERAL
    (56) factor -> . TOKEN_CHAR_LITERAL
    (57) factor -> . TOKEN_STRING_LITERAL
    (59) factor -> . TOKEN_BOOL_LITERAL
    (91) bit_or -> . xor
    (102) bit_or -> . bit_or TOKEN_BIT_OR xor
    (114) xor -> . bit_and
    (122) xor -> . xor TOKEN_XOR bit_and
    (123) bit_and -> . equality
    (124) bit_and -> . bit_and TOKEN_AMPERSAND equality
    (125) bit_and -> . bit_and TOKEN_NAND equality
    (126) equality -> . relational
    (127) equality -> . equality TOKEN_EQ relational
    (128) equality -> . equality TOKEN_NEQ relational
    (129) relational -> . additive
    (130) relational -> . relational TOKEN_LT additive
    (132) relational -> . relational TOKEN_GT additive
    (133) relational -> . relational TOKEN_LE additive
    (134) relational -> . relational TOKEN_GE additive
    (135) additive -> . multiplicative
    (136) additive -> . additive TOKEN_PLUS multiplicative
    (137) additive -> . additive TOKEN_MINUS multiplicative
    (138) multiplicative -> . unary
    (139) multiplicative -> . multiplicative TOKEN_STAR unary
    (140) multiplicative -> . multiplicative TOKEN_SLASH unary
    (141) multiplicative -> . multiplicative TOKEN_MOD unary

    TOKEN_KW_IF     shift and go to state 271
    TOKEN_KW_WHILE  shift and go to state 272
    TOKEN_KW_DO     shift and go to state 273
    TOKEN_KW_FOR    shift and go to state 274
    TOKEN_KW_SWITCH shift and go to state 275
    TOKEN_KW_RETURN shift and go to state 276
    TOKEN_KW_BREAK  shift and go to state 277
    TOKEN_KW_CONTINUE shift and go to state 278
    TOKEN_KW_MATCH  shift and go to state 279
    TOKEN_KW_DEFER  shift and go to state 280
    TOKEN_GT        shift and go to state 281
    TOKEN_KW_MODULE shift and go to state 282
    TOKEN_KW_TRY    shift and go to state 283
    TOKEN_KW_CATCH  shift and go to state 284
    TOKEN_KW_RAISE  shift and go to state 285
    TOKEN_KW_SPAWN  shift and go to state 286
    TOKEN_KW_SELECT shift and go to state 287
    TOKEN_KW_LOCK   shift and go to state 288
    TOKEN_LBRACE    shift and go to state 246
    TOKEN_KW_CAST   shift and go to state 75
    TOKEN_KW_CHAN   shift and go to state 20
    TOKEN_KW_MUTEX  shift and go to state 23
    TOKEN_PLUS      shift and go to state 78
    TOKEN_MINUS     shift and go to state 79
    TOKEN_NOT       shift and go to state 80
    TOKEN_BIT_NOT   shift and go to state 81
    TOKEN_AMPERSAND shift and go to state 82
    TOKEN_STAR      shift and go to state 83
    TOKEN_KW_AWAIT  shift and go to state 84
    TOKEN_KW_CONST  shift and go to state 25
    TOKEN_KW_MUT    shift and go to state 26
    TOKEN_KW_STATIC shift and go to state 27
    TOKEN_KW_VOLATILE shift and go to state 28
    TOKEN_KW_ATOMIC shift and go to state 29
    TOKEN_KW_SHARED shift and go to state 30
    TOKEN_KW_PRIVATE shift and go to state 31
    TOKEN_KW_PUBLIC shift and go to state 32
    TOKEN_IDENTIFIER shift and go to state 72
    TOKEN_LPAREN    shift and go to state 88
    TOKEN_KW_NULL   shift and go to state 91
    TOKEN_INT_LITERAL shift and go to state 93
    TOKEN_FLOAT_LITERAL shift and go to state 94
    TOKEN_CHAR_LITERAL shift and go to state 95
    TOKEN_STRING_LITERAL shift and go to state 96
    TOKEN_BOOL_LITERAL shift and go to state 97

    stmt_list                      shift and go to state 247
    stmt                           shift and go to state 248
    var_decl                       shift and go to state 249
    expr_stmt                      shift and go to state 250
    if_stmt                        shift and go to state 251
    while_stmt                     shift and go to state 252
    do_stmt                        shift and go to state 253
    for_stmt                       shift and go to state 254
    switch_stmt                    shift and go to state 255
    return_stmt                    shift and go to state 256
    break_stmt                     shift and go to state 257
    continue_stmt                  shift and go to state 258
    match_stmt                     shift and go to state 259
    defer_stmt                     shift and go to state 260
    import_stmt                    shift and go to state 261
    module_stmt                    shift and go to state 262
    try_stmt                       shift and go to state 263
    catch_stmt                     shift and go to state 264
    raise_stmt                     shift and go to state 265
    spawn_stmt                     shift and go to state 266
    select_stmt                    shift and go to state 267
    lock_stmt                      shift and go to state 268
    block                          shift and go to state 269
    type                           shift and go to state 11
    expr                           shift and go to state 270
    channel_type                   shift and go to state 18
    pointer_type                   shift and go to state 19
    assignment                     shift and go to state 74
    base_type                      shift and go to state 21
    unary                          shift and go to state 76
    ternary                        shift and go to state 77
    modifier_list                  shift and go to state 22
    postfix                        shift and go to state 85
    logical_or                     shift and go to state 86
    modifier                       shift and go to state 24
    primary                        shift and go to state 87
    logical_and                    shift and go to state 89
    factor                         shift and go to state 90
    bit_or                         shift and go to state 92
    xor                            shift and go to state 98
    bit_and                        shift and go to state 99
    equality                       shift and go to state 100
    relational                     shift and go to state 101
    additive                       shift and go to state 102
    multiplicative                 shift and go to state 103

state 241

    (67) param_list_nonempty -> param_list_nonempty TOKEN_COMMA param .

    TOKEN_COMMA     reduce using rule 67 (param_list_nonempty -> param_list_nonempty TOKEN_COMMA param .)
    TOKEN_RPAREN    reduce using rule 67 (param_list_nonempty -> param_list_nonempty TOKEN_COMMA param .)


state 242

    (18) func_decl -> TOKEN_KW_ASYNC TOKEN_KW_FUNCTION type TOKEN_IDENTIFIER TOKEN_LPAREN param_list TOKEN_RPAREN . func_suffix
    (60) func_suffix -> . TOKEN_SEMICOLON
    (61) func_suffix -> . func_body
    (62) func_body -> . TOKEN_LBRACE stmt_list TOKEN_RBRACE

    TOKEN_SEMICOLON shift and go to state 238
    TOKEN_LBRACE    shift and go to state 240

    func_suffix                    shift and go to state 289
    func_body                      shift and go to state 239

state 243

    (168) arg_list_nonempty -> arg_list_nonempty TOKEN_COMMA expr .

    TOKEN_COMMA     reduce using rule 168 (arg_list_nonempty -> arg_list_nonempty TOKEN_COMMA expr .)
    TOKEN_RPAREN    reduce using rule 168 (arg_list_nonempty -> arg_list_nonempty TOKEN_COMMA expr .)


state 244

    (36) ternary -> logical_or TOKEN_QUESTION expr TOKEN_COLON ternary .

    TOKEN_SEMICOLON reduce using rule 36 (ternary -> logical_or TOKEN_QUESTION expr TOKEN_COLON ternary .)
    TOKEN_RBRACKET  reduce using rule 36 (ternary -> logical_or TOKEN_QUESTION expr TOKEN_COLON ternary .)
    TOKEN_RPAREN    reduce using rule 36 (ternary -> logical_or TOKEN_QUESTION expr TOKEN_COLON ternary .)
    TOKEN_COMMA     reduce using rule 36 (ternary -> logical_or TOKEN_QUESTION expr TOKEN_COLON ternary .)
    TOKEN_COLON     reduce using rule 36 (ternary -> logical_or TOKEN_QUESTION expr TOKEN_COLON ternary .)
    TOKEN_RBRACE    reduce using rule 36 (ternary -> logical_or TOKEN_QUESTION expr TOKEN_COLON ternary .)
    TOKEN_FAT_ARROW reduce using rule 36 (ternary -> logical_or TOKEN_QUESTION expr TOKEN_COLON ternary .)


state 245

    (83) init_list -> init_list TOKEN_COMMA initializer .

    TOKEN_RBRACE    reduce using rule 83 (init_list -> init_list TOKEN_COMMA initializer .)
    TOKEN_COMMA     reduce using rule 83 (init_list -> init_list TOKEN_COMMA initializer .)


state 246

    (68) block -> TOKEN_LBRACE . stmt_list TOKEN_RBRACE
    (70) block -> TOKEN_LBRACE . TOKEN_RBRACE
    (192) stmt_list -> . stmt_list stmt
    (193) stmt_list -> . stmt
    (169) stmt -> . var_decl
    (170) stmt -> . expr_stmt
    (171) stmt -> . if_stmt
    (172) stmt -> . while_stmt
    (173) stmt -> . do_stmt
    (174) stmt -> . for_stmt
    (176) stmt -> . switch_stmt
    (177) stmt -> . return_stmt
    (178) stmt -> . break_stmt
    (179) stmt -> . continue_stmt
    (180) stmt -> . match_stmt
    (181) stmt -> . defer_stmt
    (182) stmt -> . import_stmt
    (183) stmt -> . module_stmt
    (184) stmt -> . try_stmt
    (185) stmt -> . catch_stmt
    (187) stmt -> . raise_stmt
    (188) stmt -> . spawn_stmt
    (189) stmt -> . select_stmt
    (190) stmt -> . lock_stmt
    (191) stmt -> . block
    (12) var_decl -> . type TOKEN_IDENTIFIER TOKEN_ASSIGN expr TOKEN_SEMICOLON
    (13) var_decl -> . type TOKEN_IDENTIFIER TOKEN_SEMICOLON
    (15) var_decl -> . type TOKEN_IDENTIFIER array_struct TOKEN_ASSIGN array_init TOKEN_SEMICOLON
    (16) var_decl -> . type TOKEN_IDENTIFIER array_struct TOKEN_SEMICOLON
    (2) expr_stmt -> . expr TOKEN_SEMICOLON
    (87) if_stmt -> . TOKEN_KW_IF TOKEN_LPAREN expr TOKEN_RPAREN block else
    (93) while_stmt -> . TOKEN_KW_WHILE TOKEN_LPAREN expr TOKEN_RPAREN stmt
    (94) do_stmt -> . TOKEN_KW_DO block TOKEN_KW_WHILE TOKEN_LPAREN expr TOKEN_RPAREN TOKEN_SEMICOLON
    (95) for_stmt -> . TOKEN_KW_FOR TOKEN_LPAREN for_init TOKEN_RPAREN stmt
    (97) switch_stmt -> . TOKEN_KW_SWITCH TOKEN_LPAREN expr TOKEN_RPAREN case_block
    (105) return_stmt -> . TOKEN_KW_RETURN expr TOKEN_SEMICOLON
    (106) return_stmt -> . TOKEN_KW_RETURN TOKEN_SEMICOLON
    (101) break_stmt -> . TOKEN_KW_BREAK TOKEN_SEMICOLON
    (100) continue_stmt -> . TOKEN_KW_CONTINUE TOKEN_SEMICOLON
    (107) match_stmt -> . TOKEN_KW_MATCH TOKEN_LPAREN expr TOKEN_RPAREN TOKEN_COLON match_block
    (109) defer_stmt -> . TOKEN_KW_DEFER TOKEN_LPAREN expr TOKEN_RPAREN TOKEN_SEMICOLON
    (110) import_stmt -> . TOKEN_GT TOKEN_KW_IMPORT TOKEN_IDENTIFIER
    (111) module_stmt -> . TOKEN_KW_MODULE module_list TOKEN_SEMICOLON
    (116) try_stmt -> . TOKEN_KW_TRY TOKEN_COLON TOKEN_LBRACE stmt_list TOKEN_RBRACE catch_stmt
    (117) catch_stmt -> . TOKEN_KW_CATCH TOKEN_LPAREN TOKEN_IDENTIFIER TOKEN_RPAREN TOKEN_COLON TOKEN_LBRACE stmt_list TOKEN_RBRACE
    (118) raise_stmt -> . TOKEN_KW_RAISE expr TOKEN_SEMICOLON
    (119) spawn_stmt -> . TOKEN_KW_SPAWN expr TOKEN_SEMICOLON
    (120) select_stmt -> . TOKEN_KW_SELECT case_block
    (121) lock_stmt -> . TOKEN_KW_LOCK TOKEN_LPAREN expr TOKEN_RPAREN block
    (68) block -> . TOKEN_LBRACE stmt_list TOKEN_RBRACE
    (70) block -> . TOKEN_LBRACE TOKEN_RBRACE
    (31) type -> . channel_type
    (32) type -> . pointer_type
    (113) expr -> . assignment
    (159) expr -> . TOKEN_KW_CAST type TOKEN_ARROW expr
    (37) channel_type -> . TOKEN_KW_CHAN type
    (33) pointer_type -> . pointer_type TOKEN_STAR
    (34) pointer_type -> . pointer_type TOKEN_AMPERSAND
    (35) pointer_type -> . base_type
    (3) assignment -> . unary TOKEN_LSHIFT_ASSIGN assignment
    (14) assignment -> . unary TOKEN_RSHIFT_ASSIGN assignment
    (131) assignment -> . ternary
    (142) assignment -> . unary TOKEN_ASSIGN assignment
    (153) assignment -> . unary TOKEN_PLUS_EQ assignment
    (164) assignment -> . unary TOKEN_MINUS_EQ assignment
    (175) assignment -> . unary TOKEN_STAR_EQ assignment
    (186) assignment -> . unary TOKEN_SLASH_EQ assignment
    (197) assignment -> . unary TOKEN_MOD_EQ assignment
    (38) base_type -> . modifier_list TOKEN_KW_INT
    (39) base_type -> . modifier_list TOKEN_KW_SHORT
    (40) base_type -> . modifier_list TOKEN_KW_LONG
    (41) base_type -> . modifier_list TOKEN_KW_BYTE
    (42) base_type -> . modifier_list TOKEN_KW_FLOAT
    (43) base_type -> . modifier_list TOKEN_KW_DOUBLE
    (44) base_type -> . modifier_list TOKEN_KW_CHAR
    (45) base_type -> . modifier_list TOKEN_KW_STRING
    (46) base_type -> . modifier_list TOKEN_KW_BOOL
    (48) base_type -> . modifier_list TOKEN_KW_STRUCT
    (49) base_type -> . modifier_list TOKEN_KW_ENUM
    (50) base_type -> . modifier_list TOKEN_KW_UNION
    (51) base_type -> . modifier_list TOKEN_KW_VOID
    (52) base_type -> . TOKEN_KW_MUTEX
    (53) base_type -> . modifier_list TOKEN_IDENTIFIER
    (143) unary -> . TOKEN_PLUS unary
    (144) unary -> . TOKEN_MINUS unary
    (145) unary -> . TOKEN_NOT unary
    (146) unary -> . TOKEN_BIT_NOT unary
    (147) unary -> . TOKEN_AMPERSAND unary
    (148) unary -> . TOKEN_STAR unary
    (149) unary -> . TOKEN_KW_AWAIT unary
    (150) unary -> . postfix
    (25) ternary -> . logical_or
    (36) ternary -> . logical_or TOKEN_QUESTION expr TOKEN_COLON ternary
    (29) modifier_list -> . modifier_list modifier
    (30) modifier_list -> . modifier
    (151) postfix -> . primary
    (152) postfix -> . postfix TOKEN_LPAREN arg_list TOKEN_RPAREN
    (154) postfix -> . postfix TOKEN_LBRACKET expr TOKEN_RBRACKET
    (155) postfix -> . postfix TOKEN_DOT TOKEN_IDENTIFIER
    (156) postfix -> . postfix TOKEN_SCOPE_RES TOKEN_IDENTIFIER
    (157) postfix -> . postfix TOKEN_ARROW TOKEN_IDENTIFIER
    (158) postfix -> . postfix TOKEN_LEFT_ARROW TOKEN_IDENTIFIER
    (47) logical_or -> . logical_and
    (58) logical_or -> . logical_or TOKEN_OR logical_and
    (20) modifier -> . TOKEN_KW_CONST
    (21) modifier -> . TOKEN_KW_MUT
    (22) modifier -> . TOKEN_KW_STATIC
    (23) modifier -> . TOKEN_KW_VOLATILE
    (24) modifier -> . TOKEN_KW_ATOMIC
    (26) modifier -> . TOKEN_KW_SHARED
    (27) modifier -> . TOKEN_KW_PRIVATE
    (28) modifier -> . TOKEN_KW_PUBLIC
    (160) primary -> . TOKEN_IDENTIFIER
    (161) primary -> . factor
    (162) primary -> . TOKEN_LPAREN expr TOKEN_RPAREN
    (163) primary -> . TOKEN_KW_NULL
    (69) logical_and -> . bit_or
    (80) logical_and -> . logical_and TOKEN_AND bit_or
    (54) factor -> . TOKEN_INT_LITERAL
    (55) factor -> . TOKEN_FLOAT_LITERAL
    (56) factor -> . TOKEN_CHAR_LITERAL
    (57) factor -> . TOKEN_STRING_LITERAL
    (59) factor -> . TOKEN_BOOL_LITERAL
    (91) bit_or -> . xor
    (102) bit_or -> . bit_or TOKEN_BIT_OR xor
    (114) xor -> . bit_and
    (122) xor -> . xor TOKEN_XOR bit_and
    (123) bit_and -> . equality
    (124) bit_and -> . bit_and TOKEN_AMPERSAND equality
    (125) bit_and -> . bit_and TOKEN_NAND equality
    (126) equality -> . relational
    (127) equality -> . equality TOKEN_EQ relational
    (128) equality -> . equality TOKEN_NEQ relational
    (129) relational -> . additive
    (130) relational -> . relational TOKEN_LT additive
    (132) relational -> . relational TOKEN_GT additive
    (133) relational -> . relational TOKEN_LE additive
    (134) relational -> . relational TOKEN_GE additive
    (135) additive -> . multiplicative
    (136) additive -> . additive TOKEN_PLUS multiplicative
    (137) additive -> . additive TOKEN_MINUS multiplicative
    (138) multiplicative -> . unary
    (139) multiplicative -> . multiplicative TOKEN_STAR unary
    (140) multiplicative -> . multiplicative TOKEN_SLASH unary
    (141) multiplicative -> . multiplicative TOKEN_MOD unary

    TOKEN_RBRACE    shift and go to state 291
    TOKEN_KW_IF     shift and go to state 271
    TOKEN_KW_WHILE  shift and go to state 272
    TOKEN_KW_DO     shift and go to state 273
    TOKEN_KW_FOR    shift and go to state 274
    TOKEN_KW_SWITCH shift and go to state 275
    TOKEN_KW_RETURN shift and go to state 276
    TOKEN_KW_BREAK  shift and go to state 277
    TOKEN_KW_CONTINUE shift and go to state 278
    TOKEN_KW_MATCH  shift and go to state 279
    TOKEN_KW_DEFER  shift and go to state 280
    TOKEN_GT        shift and go to state 281
    TOKEN_KW_MODULE shift and go to state 282
    TOKEN_KW_TRY    shift and go to state 283
    TOKEN_KW_CATCH  shift and go to state 284
    TOKEN_KW_RAISE  shift and go to state 285
    TOKEN_KW_SPAWN  shift and go to state 286
    TOKEN_KW_SELECT shift and go to state 287
    TOKEN_KW_LOCK   shift and go to state 288
    TOKEN_LBRACE    shift and go to state 246
    TOKEN_KW_CAST   shift and go to state 75
    TOKEN_KW_CHAN   shift and go to state 20
    TOKEN_KW_MUTEX  shift and go to state 23
    TOKEN_PLUS      shift and go to state 78
    TOKEN_MINUS     shift and go to state 79
    TOKEN_NOT       shift and go to state 80
    TOKEN_BIT_NOT   shift and go to state 81
    TOKEN_AMPERSAND shift and go to state 82
    TOKEN_STAR      shift and go to state 83
    TOKEN_KW_AWAIT  shift and go to state 84
    TOKEN_KW_CONST  shift and go to state 25
    TOKEN_KW_MUT    shift and go to state 26
    TOKEN_KW_STATIC shift and go to state 27
    TOKEN_KW_VOLATILE shift and go to state 28
    TOKEN_KW_ATOMIC shift and go to state 29
    TOKEN_KW_SHARED shift and go to state 30
    TOKEN_KW_PRIVATE shift and go to state 31
    TOKEN_KW_PUBLIC shift and go to state 32
    TOKEN_IDENTIFIER shift and go to state 72
    TOKEN_LPAREN    shift and go to state 88
    TOKEN_KW_NULL   shift and go to state 91
    TOKEN_INT_LITERAL shift and go to state 93
    TOKEN_FLOAT_LITERAL shift and go to state 94
    TOKEN_CHAR_LITERAL shift and go to state 95
    TOKEN_STRING_LITERAL shift and go to state 96
    TOKEN_BOOL_LITERAL shift and go to state 97

    stmt_list                      shift and go to state 290
    stmt                           shift and go to state 248
    var_decl                       shift and go to state 249
    expr_stmt                      shift and go to state 250
    if_stmt                        shift and go to state 251
    while_stmt                     shift and go to state 252
    do_stmt                        shift and go to state 253
    for_stmt                       shift and go to state 254
    switch_stmt                    shift and go to state 255
    return_stmt                    shift and go to state 256
    break_stmt                     shift and go to state 257
    continue_stmt                  shift and go to state 258
    match_stmt                     shift and go to state 259
    defer_stmt                     shift and go to state 260
    import_stmt                    shift and go to state 261
    module_stmt                    shift and go to state 262
    try_stmt                       shift and go to state 263
    catch_stmt                     shift and go to state 264
    raise_stmt                     shift and go to state 265
    spawn_stmt                     shift and go to state 266
    select_stmt                    shift and go to state 267
    lock_stmt                      shift and go to state 268
    block                          shift and go to state 269
    type                           shift and go to state 11
    expr                           shift and go to state 270
    channel_type                   shift and go to state 18
    pointer_type                   shift and go to state 19
    assignment                     shift and go to state 74
    base_type                      shift and go to state 21
    unary                          shift and go to state 76
    ternary                        shift and go to state 77
    modifier_list                  shift and go to state 22
    postfix                        shift and go to state 85
    logical_or                     shift and go to state 86
    modifier                       shift and go to state 24
    primary                        shift and go to state 87
    logical_and                    shift and go to state 89
    factor                         shift and go to state 90
    bit_or                         shift and go to state 92
    xor                            shift and go to state 98
    bit_and                        shift and go to state 99
    equality                       shift and go to state 100
    relational                     shift and go to state 101
    additive                       shift and go to state 102
    multiplicative                 shift and go to state 103

state 247

    (62) func_body -> TOKEN_LBRACE stmt_list . TOKEN_RBRACE
    (192) stmt_list -> stmt_list . stmt
    (169) stmt -> . var_decl
    (170) stmt -> . expr_stmt
    (171) stmt -> . if_stmt
    (172) stmt -> . while_stmt
    (173) stmt -> . do_stmt
    (174) stmt -> . for_stmt
    (176) stmt -> . switch_stmt
    (177) stmt -> . return_stmt
    (178) stmt -> . break_stmt
    (179) stmt -> . continue_stmt
    (180) stmt -> . match_stmt
    (181) stmt -> . defer_stmt
    (182) stmt -> . import_stmt
    (183) stmt -> . module_stmt
    (184) stmt -> . try_stmt
    (185) stmt -> . catch_stmt
    (187) stmt -> . raise_stmt
    (188) stmt -> . spawn_stmt
    (189) stmt -> . select_stmt
    (190) stmt -> . lock_stmt
    (191) stmt -> . block
    (12) var_decl -> . type TOKEN_IDENTIFIER TOKEN_ASSIGN expr TOKEN_SEMICOLON
    (13) var_decl -> . type TOKEN_IDENTIFIER TOKEN_SEMICOLON
    (15) var_decl -> . type TOKEN_IDENTIFIER array_struct TOKEN_ASSIGN array_init TOKEN_SEMICOLON
    (16) var_decl -> . type TOKEN_IDENTIFIER array_struct TOKEN_SEMICOLON
    (2) expr_stmt -> . expr TOKEN_SEMICOLON
    (87) if_stmt -> . TOKEN_KW_IF TOKEN_LPAREN expr TOKEN_RPAREN block else
    (93) while_stmt -> . TOKEN_KW_WHILE TOKEN_LPAREN expr TOKEN_RPAREN stmt
    (94) do_stmt -> . TOKEN_KW_DO block TOKEN_KW_WHILE TOKEN_LPAREN expr TOKEN_RPAREN TOKEN_SEMICOLON
    (95) for_stmt -> . TOKEN_KW_FOR TOKEN_LPAREN for_init TOKEN_RPAREN stmt
    (97) switch_stmt -> . TOKEN_KW_SWITCH TOKEN_LPAREN expr TOKEN_RPAREN case_block
    (105) return_stmt -> . TOKEN_KW_RETURN expr TOKEN_SEMICOLON
    (106) return_stmt -> . TOKEN_KW_RETURN TOKEN_SEMICOLON
    (101) break_stmt -> . TOKEN_KW_BREAK TOKEN_SEMICOLON
    (100) continue_stmt -> . TOKEN_KW_CONTINUE TOKEN_SEMICOLON
    (107) match_stmt -> . TOKEN_KW_MATCH TOKEN_LPAREN expr TOKEN_RPAREN TOKEN_COLON match_block
    (109) defer_stmt -> . TOKEN_KW_DEFER TOKEN_LPAREN expr TOKEN_RPAREN TOKEN_SEMICOLON
    (110) import_stmt -> . TOKEN_GT TOKEN_KW_IMPORT TOKEN_IDENTIFIER
    (111) module_stmt -> . TOKEN_KW_MODULE module_list TOKEN_SEMICOLON
    (116) try_stmt -> . TOKEN_KW_TRY TOKEN_COLON TOKEN_LBRACE stmt_list TOKEN_RBRACE catch_stmt
    (117) catch_stmt -> . TOKEN_KW_CATCH TOKEN_LPAREN TOKEN_IDENTIFIER TOKEN_RPAREN TOKEN_COLON TOKEN_LBRACE stmt_list TOKEN_RBRACE
    (118) raise_stmt -> . TOKEN_KW_RAISE expr TOKEN_SEMICOLON
    (119) spawn_stmt -> . TOKEN_KW_SPAWN expr TOKEN_SEMICOLON
    (120) select_stmt -> . TOKEN_KW_SELECT case_block
    (121) lock_stmt -> . TOKEN_KW_LOCK TOKEN_LPAREN expr TOKEN_RPAREN block
    (68) block -> . TOKEN_LBRACE stmt_list TOKEN_RBRACE
    (70) block -> . TOKEN_LBRACE TOKEN_RBRACE
    (31) type -> . channel_type
    (32) type -> . pointer_type
    (113) expr -> . assignment
    (159) expr -> . TOKEN_KW_CAST type TOKEN_ARROW expr
    (37) channel_type -> . TOKEN_KW_CHAN type
    (33) pointer_type -> . pointer_type TOKEN_STAR
    (34) pointer_type -> . pointer_type TOKEN_AMPERSAND
    (35) pointer_type -> . base_type
    (3) assignment -> . unary TOKEN_LSHIFT_ASSIGN assignment
    (14) assignment -> . unary TOKEN_RSHIFT_ASSIGN assignment
    (131) assignment -> . ternary
    (142) assignment -> . unary TOKEN_ASSIGN assignment
    (153) assignment -> . unary TOKEN_PLUS_EQ assignment
    (164) assignment -> . unary TOKEN_MINUS_EQ assignment
    (175) assignment -> . unary TOKEN_STAR_EQ assignment
    (186) assignment -> . unary TOKEN_SLASH_EQ assignment
    (197) assignment -> . unary TOKEN_MOD_EQ assignment
    (38) base_type -> . modifier_list TOKEN_KW_INT
    (39) base_type -> . modifier_list TOKEN_KW_SHORT
    (40) base_type -> . modifier_list TOKEN_KW_LONG
    (41) base_type -> . modifier_list TOKEN_KW_BYTE
    (42) base_type -> . modifier_list TOKEN_KW_FLOAT
    (43) base_type -> . modifier_list TOKEN_KW_DOUBLE
    (44) base_type -> . modifier_list TOKEN_KW_CHAR
    (45) base_type -> . modifier_list TOKEN_KW_STRING
    (46) base_type -> . modifier_list TOKEN_KW_BOOL
    (48) base_type -> . modifier_list TOKEN_KW_STRUCT
    (49) base_type -> . modifier_list TOKEN_KW_ENUM
    (50) base_type -> . modifier_list TOKEN_KW_UNION
    (51) base_type -> . modifier_list TOKEN_KW_VOID
    (52) base_type -> . TOKEN_KW_MUTEX
    (53) base_type -> . modifier_list TOKEN_IDENTIFIER
    (143) unary -> . TOKEN_PLUS unary
    (144) unary -> . TOKEN_MINUS unary
    (145) unary -> . TOKEN_NOT unary
    (146) unary -> . TOKEN_BIT_NOT unary
    (147) unary -> . TOKEN_AMPERSAND unary
    (148) unary -> . TOKEN_STAR unary
    (149) unary -> . TOKEN_KW_AWAIT unary
    (150) unary -> . postfix
    (25) ternary -> . logical_or
    (36) ternary -> . logical_or TOKEN_QUESTION expr TOKEN_COLON ternary
    (29) modifier_list -> . modifier_list modifier
    (30) modifier_list -> . modifier
    (151) postfix -> . primary
    (152) postfix -> . postfix TOKEN_LPAREN arg_list TOKEN_RPAREN
    (154) postfix -> . postfix TOKEN_LBRACKET expr TOKEN_RBRACKET
    (155) postfix -> . postfix TOKEN_DOT TOKEN_IDENTIFIER
    (156) postfix -> . postfix TOKEN_SCOPE_RES TOKEN_IDENTIFIER
    (157) postfix -> . postfix TOKEN_ARROW TOKEN_IDENTIFIER
    (158) postfix -> . postfix TOKEN_LEFT_ARROW TOKEN_IDENTIFIER
    (47) logical_or -> . logical_and
    (58) logical_or -> . logical_or TOKEN_OR logical_and
    (20) modifier -> . TOKEN_KW_CONST
    (21) modifier -> . TOKEN_KW_MUT
    (22) modifier -> . TOKEN_KW_STATIC
    (23) modifier -> . TOKEN_KW_VOLATILE
    (24) modifier -> . TOKEN_KW_ATOMIC
    (26) modifier -> . TOKEN_KW_SHARED
    (27) modifier -> . TOKEN_KW_PRIVATE
    (28) modifier -> . TOKEN_KW_PUBLIC
    (160) primary -> . TOKEN_IDENTIFIER
    (161) primary -> . factor
    (162) primary -> . TOKEN_LPAREN expr TOKEN_RPAREN
    (163) primary -> . TOKEN_KW_NULL
    (69) logical_and -> . bit_or
    (80) logical_and -> . logical_and TOKEN_AND bit_or
    (54) factor -> . TOKEN_INT_LITERAL
    (55) factor -> . TOKEN_FLOAT_LITERAL
    (56) factor -> . TOKEN_CHAR_LITERAL
    (57) factor -> . TOKEN_STRING_LITERAL
    (59) factor -> . TOKEN_BOOL_LITERAL
    (91) bit_or -> . xor
    (102) bit_or -> . bit_or TOKEN_BIT_OR xor
    (114) xor -> . bit_and
    (122) xor -> . xor TOKEN_XOR bit_and
    (123) bit_and -> . equality
    (124) bit_and -> . bit_and TOKEN_AMPERSAND equality
    (125) bit_and -> . bit_and TOKEN_NAND equality
    (126) equality -> . relational
    (127) equality -> . equality TOKEN_EQ relational
    (128) equality -> . equality TOKEN_NEQ relational
    (129) relational -> . additive
    (130) relational -> . relational TOKEN_LT additive
    (132) relational -> . relational TOKEN_GT additive
    (133) relational -> . relational TOKEN_LE additive
    (134) relational -> . relational TOKEN_GE additive
    (135) additive -> . multiplicative
    (136) additive -> . additive TOKEN_PLUS multiplicative
    (137) additive -> . additive TOKEN_MINUS multiplicative
    (138) multiplicative -> . unary
    (139) multiplicative -> . multiplicative TOKEN_STAR unary
    (140) multiplicative -> . multiplicative TOKEN_SLASH unary
    (141) multiplicative -> . multiplicative TOKEN_MOD unary

    TOKEN_RBRACE    shift and go to state 292
    TOKEN_KW_IF     shift and go to state 271
    TOKEN_KW_WHILE  shift and go to state 272
    TOKEN_KW_DO     shift and go to state 273
    TOKEN_KW_FOR    shift and go to state 274
    TOKEN_KW_SWITCH shift and go to state 275
    TOKEN_KW_RETURN shift and go to state 276
    TOKEN_KW_BREAK  shift and go to state 277
    TOKEN_KW_CONTINUE shift and go to state 278
    TOKEN_KW_MATCH  shift and go to state 279
    TOKEN_KW_DEFER  shift and go to state 280
    TOKEN_GT        shift and go to state 281
    TOKEN_KW_MODULE shift and go to state 282
    TOKEN_KW_TRY    shift and go to state 283
    TOKEN_KW_CATCH  shift and go to state 284
    TOKEN_KW_RAISE  shift and go to state 285
    TOKEN_KW_SPAWN  shift and go to state 286
    TOKEN_KW_SELECT shift and go to state 287
    TOKEN_KW_LOCK   shift and go to state 288
    TOKEN_LBRACE    shift and go to state 246
    TOKEN_KW_CAST   shift and go to state 75
    TOKEN_KW_CHAN   shift and go to state 20
    TOKEN_KW_MUTEX  shift and go to state 23
    TOKEN_PLUS      shift and go to state 78
    TOKEN_MINUS     shift and go to state 79
    TOKEN_NOT       shift and go to state 80
    TOKEN_BIT_NOT   shift and go to state 81
    TOKEN_AMPERSAND shift and go to state 82
    TOKEN_STAR      shift and go to state 83
    TOKEN_KW_AWAIT  shift and go to state 84
    TOKEN_KW_CONST  shift and go to state 25
    TOKEN_KW_MUT    shift and go to state 26
    TOKEN_KW_STATIC shift and go to state 27
    TOKEN_KW_VOLATILE shift and go to state 28
    TOKEN_KW_ATOMIC shift and go to state 29
    TOKEN_KW_SHARED shift and go to state 30
    TOKEN_KW_PRIVATE shift and go to state 31
    TOKEN_KW_PUBLIC shift and go to state 32
    TOKEN_IDENTIFIER shift and go to state 72
    TOKEN_LPAREN    shift and go to state 88
    TOKEN_KW_NULL   shift and go to state 91
    TOKEN_INT_LITERAL shift and go to state 93
    TOKEN_FLOAT_LITERAL shift and go to state 94
    TOKEN_CHAR_LITERAL shift and go to state 95
    TOKEN_STRING_LITERAL shift and go to state 96
    TOKEN_BOOL_LITERAL shift and go to state 97

    stmt                           shift and go to state 293
    var_decl                       shift and go to state 249
    expr_stmt                      shift and go to state 250
    if_stmt                        shift and go to state 251
    while_stmt                     shift and go to state 252
    do_stmt                        shift and go to state 253
    for_stmt                       shift and go to state 254
    switch_stmt                    shift and go to state 255
    return_stmt                    shift and go to state 256
    break_stmt                     shift and go to state 257
    continue_stmt                  shift and go to state 258
    match_stmt                     shift and go to state 259
    defer_stmt                     shift and go to state 260
    import_stmt                    shift and go to state 261
    module_stmt                    shift and go to state 262
    try_stmt                       shift and go to state 263
    catch_stmt                     shift and go to state 264
    raise_stmt                     shift and go to state 265
    spawn_stmt                     shift and go to state 266
    select_stmt                    shift and go to state 267
    lock_stmt                      shift and go to state 268
    block                          shift and go to state 269
    type                           shift and go to state 11
    expr                           shift and go to state 270
    channel_type                   shift and go to state 18
    pointer_type                   shift and go to state 19
    assignment                     shift and go to state 74
    base_type                      shift and go to state 21
    unary                          shift and go to state 76
    ternary                        shift and go to state 77
    modifier_list                  shift and go to state 22
    postfix                        shift and go to state 85
    logical_or                     shift and go to state 86
    modifier                       shift and go to state 24
    primary                        shift and go to state 87
    logical_and                    shift and go to state 89
    factor                         shift and go to state 90
    bit_or                         shift and go to state 92
    xor                            shift and go to state 98
    bit_and                        shift and go to state 99
    equality                       shift and go to state 100
    relational                     shift and go to state 101
    additive                       shift and go to state 102
    multiplicative                 shift and go to state 103

state 248

    (193) stmt_list -> stmt .

    TOKEN_RBRACE    reduce using rule 193 (stmt_list -> stmt .)
    TOKEN_KW_IF     reduce using rule 193 (stmt_list -> stmt .)
    TOKEN_KW_WHILE  reduce using rule 193 (stmt_list -> stmt .)
    TOKEN_KW_DO     reduce using rule 193 (stmt_list -> stmt .)
    TOKEN_KW_FOR    reduce using rule 193 (stmt_list -> stmt .)
    TOKEN_KW_SWITCH reduce using rule 193 (stmt_list -> stmt .)
    TOKEN_KW_RETURN reduce using rule 193 (stmt_list -> stmt .)
    TOKEN_KW_BREAK  reduce using rule 193 (stmt_list -> stmt .)
    TOKEN_KW_CONTINUE reduce using rule 193 (stmt_list -> stmt .)
    TOKEN_KW_MATCH  reduce using rule 193 (stmt_list -> stmt .)
    TOKEN_KW_DEFER  reduce using rule 193 (stmt_list -> stmt .)
    TOKEN_GT        reduce using rule 193 (stmt_list -> stmt .)
    TOKEN_KW_MODULE reduce using rule 193 (stmt_list -> stmt .)
    TOKEN_KW_TRY    reduce using rule 193 (stmt_list -> stmt .)
    TOKEN_KW_CATCH  reduce using rule 193 (stmt_list -> stmt .)
    TOKEN_KW_RAISE  reduce using rule 193 (stmt_list -> stmt .)
    TOKEN_KW_SPAWN  reduce using rule 193 (stmt_list -> stmt .)
    TOKEN_KW_SELECT reduce using rule 193 (stmt_list -> stmt .)
    TOKEN_KW_LOCK   reduce using rule 193 (stmt_list -> stmt .)
    TOKEN_LBRACE    reduce using rule 193 (stmt_list -> stmt .)
    TOKEN_KW_CAST   reduce using rule 193 (stmt_list -> stmt .)
    TOKEN_KW_CHAN   reduce using rule 193 (stmt_list -> stmt .)
    TOKEN_KW_MUTEX  reduce using rule 193 (stmt_list -> stmt .)
    TOKEN_PLUS      reduce using rule 193 (stmt_list -> stmt .)
    TOKEN_MINUS     reduce using rule 193 (stmt_list -> stmt .)
    TOKEN_NOT       reduce using rule 193 (stmt_list -> stmt .)
    TOKEN_BIT_NOT   reduce using rule 193 (stmt_list -> stmt .)
    TOKEN_AMPERSAND reduce using rule 193 (stmt_list -> stmt .)
    TOKEN_STAR      reduce using rule 193 (stmt_list -> stmt .)
    TOKEN_KW_AWAIT  reduce using rule 193 (stmt_list -> stmt .)
    TOKEN_KW_CONST  reduce using rule 193 (stmt_list -> stmt .)
    TOKEN_KW_MUT    reduce using rule 193 (stmt_list -> stmt .)
    TOKEN_KW_STATIC reduce using rule 193 (stmt_list -> stmt .)
    TOKEN_KW_VOLATILE reduce using rule 193 (stmt_list -> stmt .)
    TOKEN_KW_ATOMIC reduce using rule 193 (stmt_list -> stmt .)
    TOKEN_KW_SHARED reduce using rule 193 (stmt_list -> stmt .)
    TOKEN_KW_PRIVATE reduce using rule 193 (stmt_list -> stmt .)
    TOKEN_KW_PUBLIC reduce using rule 193 (stmt_list -> stmt .)
    TOKEN_IDENTIFIER reduce using rule 193 (stmt_list -> stmt .)
    TOKEN_LPAREN    reduce using rule 193 (stmt_list -> stmt .)
    TOKEN_KW_NULL   reduce using rule 193 (stmt_list -> stmt .)
    TOKEN_INT_LITERAL reduce using rule 193 (stmt_list -> stmt .)
    TOKEN_FLOAT_LITERAL reduce using rule 193 (stmt_list -> stmt .)
    TOKEN_CHAR_LITERAL reduce using rule 193 (stmt_list -> stmt .)
    TOKEN_STRING_LITERAL reduce using rule 193 (stmt_list -> stmt .)
    TOKEN_BOOL_LITERAL reduce using rule 193 (stmt_list -> stmt .)


state 249

    (169) stmt -> var_decl .

    TOKEN_RBRACE    reduce using rule 169 (stmt -> var_decl .)
    TOKEN_KW_IF     reduce using rule 169 (stmt -> var_decl .)
    TOKEN_KW_WHILE  reduce using rule 169 (stmt -> var_decl .)
    TOKEN_KW_DO     reduce using rule 169 (stmt -> var_decl .)
    TOKEN_KW_FOR    reduce using rule 169 (stmt -> var_decl .)
    TOKEN_KW_SWITCH reduce using rule 169 (stmt -> var_decl .)
    TOKEN_KW_RETURN reduce using rule 169 (stmt -> var_decl .)
    TOKEN_KW_BREAK  reduce using rule 169 (stmt -> var_decl .)
    TOKEN_KW_CONTINUE reduce using rule 169 (stmt -> var_decl .)
    TOKEN_KW_MATCH  reduce using rule 169 (stmt -> var_decl .)
    TOKEN_KW_DEFER  reduce using rule 169 (stmt -> var_decl .)
    TOKEN_GT        reduce using rule 169 (stmt -> var_decl .)
    TOKEN_KW_MODULE reduce using rule 169 (stmt -> var_decl .)
    TOKEN_KW_TRY    reduce using rule 169 (stmt -> var_decl .)
    TOKEN_KW_CATCH  reduce using rule 169 (stmt -> var_decl .)
    TOKEN_KW_RAISE  reduce using rule 169 (stmt -> var_decl .)
    TOKEN_KW_SPAWN  reduce using rule 169 (stmt -> var_decl .)
    TOKEN_KW_SELECT reduce using rule 169 (stmt -> var_decl .)
    TOKEN_KW_LOCK   reduce using rule 169 (stmt -> var_decl .)
    TOKEN_LBRACE    reduce using rule 169 (stmt -> var_decl .)
    TOKEN_KW_CAST   reduce using rule 169 (stmt -> var_decl .)
    TOKEN_KW_CHAN   reduce using rule 169 (stmt -> var_decl .)
    TOKEN_KW_MUTEX  reduce using rule 169 (stmt -> var_decl .)
    TOKEN_PLUS      reduce using rule 169 (stmt -> var_decl .)
    TOKEN_MINUS     reduce using rule 169 (stmt -> var_decl .)
    TOKEN_NOT       reduce using rule 169 (stmt -> var_decl .)
    TOKEN_BIT_NOT   reduce using rule 169 (stmt -> var_decl .)
    TOKEN_AMPERSAND reduce using rule 169 (stmt -> var_decl .)
    TOKEN_STAR      reduce using rule 169 (stmt -> var_decl .)
    TOKEN_KW_AWAIT  reduce using rule 169 (stmt -> var_decl .)
    TOKEN_KW_CONST  reduce using rule 169 (stmt -> var_decl .)
    TOKEN_KW_MUT    reduce using rule 169 (stmt -> var_decl .)
    TOKEN_KW_STATIC reduce using rule 169 (stmt -> var_decl .)
    TOKEN_KW_VOLATILE reduce using rule 169 (stmt -> var_decl .)
    TOKEN_KW_ATOMIC reduce using rule 169 (stmt -> var_decl .)
    TOKEN_KW_SHARED reduce using rule 169 (stmt -> var_decl .)
    TOKEN_KW_PRIVATE reduce using rule 169 (stmt -> var_decl .)
    TOKEN_KW_PUBLIC reduce using rule 169 (stmt -> var_decl .)
    TOKEN_IDENTIFIER reduce using rule 169 (stmt -> var_decl .)
    TOKEN_LPAREN    reduce using rule 169 (stmt -> var_decl .)
    TOKEN_KW_NULL   reduce using rule 169 (stmt -> var_decl .)
    TOKEN_INT_LITERAL reduce using rule 169 (stmt -> var_decl .)
    TOKEN_FLOAT_LITERAL reduce using rule 169 (stmt -> var_decl .)
    TOKEN_CHAR_LITERAL reduce using rule 169 (stmt -> var_decl .)
    TOKEN_STRING_LITERAL reduce using rule 169 (stmt -> var_decl .)
    TOKEN_BOOL_LITERAL reduce using rule 169 (stmt -> var_decl .)


state 250

    (170) stmt -> expr_stmt .

    TOKEN_RBRACE    reduce using rule 170 (stmt -> expr_stmt .)
    TOKEN_KW_IF     reduce using rule 170 (stmt -> expr_stmt .)
    TOKEN_KW_WHILE  reduce using rule 170 (stmt -> expr_stmt .)
    TOKEN_KW_DO     reduce using rule 170 (stmt -> expr_stmt .)
    TOKEN_KW_FOR    reduce using rule 170 (stmt -> expr_stmt .)
    TOKEN_KW_SWITCH reduce using rule 170 (stmt -> expr_stmt .)
    TOKEN_KW_RETURN reduce using rule 170 (stmt -> expr_stmt .)
    TOKEN_KW_BREAK  reduce using rule 170 (stmt -> expr_stmt .)
    TOKEN_KW_CONTINUE reduce using rule 170 (stmt -> expr_stmt .)
    TOKEN_KW_MATCH  reduce using rule 170 (stmt -> expr_stmt .)
    TOKEN_KW_DEFER  reduce using rule 170 (stmt -> expr_stmt .)
    TOKEN_GT        reduce using rule 170 (stmt -> expr_stmt .)
    TOKEN_KW_MODULE reduce using rule 170 (stmt -> expr_stmt .)
    TOKEN_KW_TRY    reduce using rule 170 (stmt -> expr_stmt .)
    TOKEN_KW_CATCH  reduce using rule 170 (stmt -> expr_stmt .)
    TOKEN_KW_RAISE  reduce using rule 170 (stmt -> expr_stmt .)
    TOKEN_KW_SPAWN  reduce using rule 170 (stmt -> expr_stmt .)
    TOKEN_KW_SELECT reduce using rule 170 (stmt -> expr_stmt .)
    TOKEN_KW_LOCK   reduce using rule 170 (stmt -> expr_stmt .)
    TOKEN_LBRACE    reduce using rule 170 (stmt -> expr_stmt .)
    TOKEN_KW_CAST   reduce using rule 170 (stmt -> expr_stmt .)
    TOKEN_KW_CHAN   reduce using rule 170 (stmt -> expr_stmt .)
    TOKEN_KW_MUTEX  reduce using rule 170 (stmt -> expr_stmt .)
    TOKEN_PLUS      reduce using rule 170 (stmt -> expr_stmt .)
    TOKEN_MINUS     reduce using rule 170 (stmt -> expr_stmt .)
    TOKEN_NOT       reduce using rule 170 (stmt -> expr_stmt .)
    TOKEN_BIT_NOT   reduce using rule 170 (stmt -> expr_stmt .)
    TOKEN_AMPERSAND reduce using rule 170 (stmt -> expr_stmt .)
    TOKEN_STAR      reduce using rule 170 (stmt -> expr_stmt .)
    TOKEN_KW_AWAIT  reduce using rule 170 (stmt -> expr_stmt .)
    TOKEN_KW_CONST  reduce using rule 170 (stmt -> expr_stmt .)
    TOKEN_KW_MUT    reduce using rule 170 (stmt -> expr_stmt .)
    TOKEN_KW_STATIC reduce using rule 170 (stmt -> expr_stmt .)
    TOKEN_KW_VOLATILE reduce using rule 170 (stmt -> expr_stmt .)
    TOKEN_KW_ATOMIC reduce using rule 170 (stmt -> expr_stmt .)
    TOKEN_KW_SHARED reduce using rule 170 (stmt -> expr_stmt .)
    TOKEN_KW_PRIVATE reduce using rule 170 (stmt -> expr_stmt .)
    TOKEN_KW_PUBLIC reduce using rule 170 (stmt -> expr_stmt .)
    TOKEN_IDENTIFIER reduce using rule 170 (stmt -> expr_stmt .)
    TOKEN_LPAREN    reduce using rule 170 (stmt -> expr_stmt .)
    TOKEN_KW_NULL   reduce using rule 170 (stmt -> expr_stmt .)
    TOKEN_INT_LITERAL reduce using rule 170 (stmt -> expr_stmt .)
    TOKEN_FLOAT_LITERAL reduce using rule 170 (stmt -> expr_stmt .)
    TOKEN_CHAR_LITERAL reduce using rule 170 (stmt -> expr_stmt .)
    TOKEN_STRING_LITERAL reduce using rule 170 (stmt -> expr_stmt .)
    TOKEN_BOOL_LITERAL reduce using rule 170 (stmt -> expr_stmt .)


state 251

    (171) stmt -> if_stmt .

    TOKEN_RBRACE    reduce using rule 171 (stmt -> if_stmt .)
    TOKEN_KW_IF     reduce using rule 171 (stmt -> if_stmt .)
    TOKEN_KW_WHILE  reduce using rule 171 (stmt -> if_stmt .)
    TOKEN_KW_DO     reduce using rule 171 (stmt -> if_stmt .)
    TOKEN_KW_FOR    reduce using rule 171 (stmt -> if_stmt .)
    TOKEN_KW_SWITCH reduce using rule 171 (stmt -> if_stmt .)
    TOKEN_KW_RETURN reduce using rule 171 (stmt -> if_stmt .)
    TOKEN_KW_BREAK  reduce using rule 171 (stmt -> if_stmt .)
    TOKEN_KW_CONTINUE reduce using rule 171 (stmt -> if_stmt .)
    TOKEN_KW_MATCH  reduce using rule 171 (stmt -> if_stmt .)
    TOKEN_KW_DEFER  reduce using rule 171 (stmt -> if_stmt .)
    TOKEN_GT        reduce using rule 171 (stmt -> if_stmt .)
    TOKEN_KW_MODULE reduce using rule 171 (stmt -> if_stmt .)
    TOKEN_KW_TRY    reduce using rule 171 (stmt -> if_stmt .)
    TOKEN_KW_CATCH  reduce using rule 171 (stmt -> if_stmt .)
    TOKEN_KW_RAISE  reduce using rule 171 (stmt -> if_stmt .)
    TOKEN_KW_SPAWN  reduce using rule 171 (stmt -> if_stmt .)
    TOKEN_KW_SELECT reduce using rule 171 (stmt -> if_stmt .)
    TOKEN_KW_LOCK   reduce using rule 171 (stmt -> if_stmt .)
    TOKEN_LBRACE    reduce using rule 171 (stmt -> if_stmt .)
    TOKEN_KW_CAST   reduce using rule 171 (stmt -> if_stmt .)
    TOKEN_KW_CHAN   reduce using rule 171 (stmt -> if_stmt .)
    TOKEN_KW_MUTEX  reduce using rule 171 (stmt -> if_stmt .)
    TOKEN_PLUS      reduce using rule 171 (stmt -> if_stmt .)
    TOKEN_MINUS     reduce using rule 171 (stmt -> if_stmt .)
    TOKEN_NOT       reduce using rule 171 (stmt -> if_stmt .)
    TOKEN_BIT_NOT   reduce using rule 171 (stmt -> if_stmt .)
    TOKEN_AMPERSAND reduce using rule 171 (stmt -> if_stmt .)
    TOKEN_STAR      reduce using rule 171 (stmt -> if_stmt .)
    TOKEN_KW_AWAIT  reduce using rule 171 (stmt -> if_stmt .)
    TOKEN_KW_CONST  reduce using rule 171 (stmt -> if_stmt .)
    TOKEN_KW_MUT    reduce using rule 171 (stmt -> if_stmt .)
    TOKEN_KW_STATIC reduce using rule 171 (stmt -> if_stmt .)
    TOKEN_KW_VOLATILE reduce using rule 171 (stmt -> if_stmt .)
    TOKEN_KW_ATOMIC reduce using rule 171 (stmt -> if_stmt .)
    TOKEN_KW_SHARED reduce using rule 171 (stmt -> if_stmt .)
    TOKEN_KW_PRIVATE reduce using rule 171 (stmt -> if_stmt .)
    TOKEN_KW_PUBLIC reduce using rule 171 (stmt -> if_stmt .)
    TOKEN_IDENTIFIER reduce using rule 171 (stmt -> if_stmt .)
    TOKEN_LPAREN    reduce using rule 171 (stmt -> if_stmt .)
    TOKEN_KW_NULL   reduce using rule 171 (stmt -> if_stmt .)
    TOKEN_INT_LITERAL reduce using rule 171 (stmt -> if_stmt .)
    TOKEN_FLOAT_LITERAL reduce using rule 171 (stmt -> if_stmt .)
    TOKEN_CHAR_LITERAL reduce using rule 171 (stmt -> if_stmt .)
    TOKEN_STRING_LITERAL reduce using rule 171 (stmt -> if_stmt .)
    TOKEN_BOOL_LITERAL reduce using rule 171 (stmt -> if_stmt .)


state 252

    (172) stmt -> while_stmt .

    TOKEN_RBRACE    reduce using rule 172 (stmt -> while_stmt .)
    TOKEN_KW_IF     reduce using rule 172 (stmt -> while_stmt .)
    TOKEN_KW_WHILE  reduce using rule 172 (stmt -> while_stmt .)
    TOKEN_KW_DO     reduce using rule 172 (stmt -> while_stmt .)
    TOKEN_KW_FOR    reduce using rule 172 (stmt -> while_stmt .)
    TOKEN_KW_SWITCH reduce using rule 172 (stmt -> while_stmt .)
    TOKEN_KW_RETURN reduce using rule 172 (stmt -> while_stmt .)
    TOKEN_KW_BREAK  reduce using rule 172 (stmt -> while_stmt .)
    TOKEN_KW_CONTINUE reduce using rule 172 (stmt -> while_stmt .)
    TOKEN_KW_MATCH  reduce using rule 172 (stmt -> while_stmt .)
    TOKEN_KW_DEFER  reduce using rule 172 (stmt -> while_stmt .)
    TOKEN_GT        reduce using rule 172 (stmt -> while_stmt .)
    TOKEN_KW_MODULE reduce using rule 172 (stmt -> while_stmt .)
    TOKEN_KW_TRY    reduce using rule 172 (stmt -> while_stmt .)
    TOKEN_KW_CATCH  reduce using rule 172 (stmt -> while_stmt .)
    TOKEN_KW_RAISE  reduce using rule 172 (stmt -> while_stmt .)
    TOKEN_KW_SPAWN  reduce using rule 172 (stmt -> while_stmt .)
    TOKEN_KW_SELECT reduce using rule 172 (stmt -> while_stmt .)
    TOKEN_KW_LOCK   reduce using rule 172 (stmt -> while_stmt .)
    TOKEN_LBRACE    reduce using rule 172 (stmt -> while_stmt .)
    TOKEN_KW_CAST   reduce using rule 172 (stmt -> while_stmt .)
    TOKEN_KW_CHAN   reduce using rule 172 (stmt -> while_stmt .)
    TOKEN_KW_MUTEX  reduce using rule 172 (stmt -> while_stmt .)
    TOKEN_PLUS      reduce using rule 172 (stmt -> while_stmt .)
    TOKEN_MINUS     reduce using rule 172 (stmt -> while_stmt .)
    TOKEN_NOT       reduce using rule 172 (stmt -> while_stmt .)
    TOKEN_BIT_NOT   reduce using rule 172 (stmt -> while_stmt .)
    TOKEN_AMPERSAND reduce using rule 172 (stmt -> while_stmt .)
    TOKEN_STAR      reduce using rule 172 (stmt -> while_stmt .)
    TOKEN_KW_AWAIT  reduce using rule 172 (stmt -> while_stmt .)
    TOKEN_KW_CONST  reduce using rule 172 (stmt -> while_stmt .)
    TOKEN_KW_MUT    reduce using rule 172 (stmt -> while_stmt .)
    TOKEN_KW_STATIC reduce using rule 172 (stmt -> while_stmt .)
    TOKEN_KW_VOLATILE reduce using rule 172 (stmt -> while_stmt .)
    TOKEN_KW_ATOMIC reduce using rule 172 (stmt -> while_stmt .)
    TOKEN_KW_SHARED reduce using rule 172 (stmt -> while_stmt .)
    TOKEN_KW_PRIVATE reduce using rule 172 (stmt -> while_stmt .)
    TOKEN_KW_PUBLIC reduce using rule 172 (stmt -> while_stmt .)
    TOKEN_IDENTIFIER reduce using rule 172 (stmt -> while_stmt .)
    TOKEN_LPAREN    reduce using rule 172 (stmt -> while_stmt .)
    TOKEN_KW_NULL   reduce using rule 172 (stmt -> while_stmt .)
    TOKEN_INT_LITERAL reduce using rule 172 (stmt -> while_stmt .)
    TOKEN_FLOAT_LITERAL reduce using rule 172 (stmt -> while_stmt .)
    TOKEN_CHAR_LITERAL reduce using rule 172 (stmt -> while_stmt .)
    TOKEN_STRING_LITERAL reduce using rule 172 (stmt -> while_stmt .)
    TOKEN_BOOL_LITERAL reduce using rule 172 (stmt -> while_stmt .)


state 253

    (173) stmt -> do_stmt .

    TOKEN_RBRACE    reduce using rule 173 (stmt -> do_stmt .)
    TOKEN_KW_IF     reduce using rule 173 (stmt -> do_stmt .)
    TOKEN_KW_WHILE  reduce using rule 173 (stmt -> do_stmt .)
    TOKEN_KW_DO     reduce using rule 173 (stmt -> do_stmt .)
    TOKEN_KW_FOR    reduce using rule 173 (stmt -> do_stmt .)
    TOKEN_KW_SWITCH reduce using rule 173 (stmt -> do_stmt .)
    TOKEN_KW_RETURN reduce using rule 173 (stmt -> do_stmt .)
    TOKEN_KW_BREAK  reduce using rule 173 (stmt -> do_stmt .)
    TOKEN_KW_CONTINUE reduce using rule 173 (stmt -> do_stmt .)
    TOKEN_KW_MATCH  reduce using rule 173 (stmt -> do_stmt .)
    TOKEN_KW_DEFER  reduce using rule 173 (stmt -> do_stmt .)
    TOKEN_GT        reduce using rule 173 (stmt -> do_stmt .)
    TOKEN_KW_MODULE reduce using rule 173 (stmt -> do_stmt .)
    TOKEN_KW_TRY    reduce using rule 173 (stmt -> do_stmt .)
    TOKEN_KW_CATCH  reduce using rule 173 (stmt -> do_stmt .)
    TOKEN_KW_RAISE  reduce using rule 173 (stmt -> do_stmt .)
    TOKEN_KW_SPAWN  reduce using rule 173 (stmt -> do_stmt .)
    TOKEN_KW_SELECT reduce using rule 173 (stmt -> do_stmt .)
    TOKEN_KW_LOCK   reduce using rule 173 (stmt -> do_stmt .)
    TOKEN_LBRACE    reduce using rule 173 (stmt -> do_stmt .)
    TOKEN_KW_CAST   reduce using rule 173 (stmt -> do_stmt .)
    TOKEN_KW_CHAN   reduce using rule 173 (stmt -> do_stmt .)
    TOKEN_KW_MUTEX  reduce using rule 173 (stmt -> do_stmt .)
    TOKEN_PLUS      reduce using rule 173 (stmt -> do_stmt .)
    TOKEN_MINUS     reduce using rule 173 (stmt -> do_stmt .)
    TOKEN_NOT       reduce using rule 173 (stmt -> do_stmt .)
    TOKEN_BIT_NOT   reduce using rule 173 (stmt -> do_stmt .)
    TOKEN_AMPERSAND reduce using rule 173 (stmt -> do_stmt .)
    TOKEN_STAR      reduce using rule 173 (stmt -> do_stmt .)
    TOKEN_KW_AWAIT  reduce using rule 173 (stmt -> do_stmt .)
    TOKEN_KW_CONST  reduce using rule 173 (stmt -> do_stmt .)
    TOKEN_KW_MUT    reduce using rule 173 (stmt -> do_stmt .)
    TOKEN_KW_STATIC reduce using rule 173 (stmt -> do_stmt .)
    TOKEN_KW_VOLATILE reduce using rule 173 (stmt -> do_stmt .)
    TOKEN_KW_ATOMIC reduce using rule 173 (stmt -> do_stmt .)
    TOKEN_KW_SHARED reduce using rule 173 (stmt -> do_stmt .)
    TOKEN_KW_PRIVATE reduce using rule 173 (stmt -> do_stmt .)
    TOKEN_KW_PUBLIC reduce using rule 173 (stmt -> do_stmt .)
    TOKEN_IDENTIFIER reduce using rule 173 (stmt -> do_stmt .)
    TOKEN_LPAREN    reduce using rule 173 (stmt -> do_stmt .)
    TOKEN_KW_NULL   reduce using rule 173 (stmt -> do_stmt .)
    TOKEN_INT_LITERAL reduce using rule 173 (stmt -> do_stmt .)
    TOKEN_FLOAT_LITERAL reduce using rule 173 (stmt -> do_stmt .)
    TOKEN_CHAR_LITERAL reduce using rule 173 (stmt -> do_stmt .)
    TOKEN_STRING_LITERAL reduce using rule 173 (stmt -> do_stmt .)
    TOKEN_BOOL_LITERAL reduce using rule 173 (stmt -> do_stmt .)


state 254

    (174) stmt -> for_stmt .

    TOKEN_RBRACE    reduce using rule 174 (stmt -> for_stmt .)
    TOKEN_KW_IF     reduce using rule 174 (stmt -> for_stmt .)
    TOKEN_KW_WHILE  reduce using rule 174 (stmt -> for_stmt .)
    TOKEN_KW_DO     reduce using rule 174 (stmt -> for_stmt .)
    TOKEN_KW_FOR    reduce using rule 174 (stmt -> for_stmt .)
    TOKEN_KW_SWITCH reduce using rule 174 (stmt -> for_stmt .)
    TOKEN_KW_RETURN reduce using rule 174 (stmt -> for_stmt .)
    TOKEN_KW_BREAK  reduce using rule 174 (stmt -> for_stmt .)
    TOKEN_KW_CONTINUE reduce using rule 174 (stmt -> for_stmt .)
    TOKEN_KW_MATCH  reduce using rule 174 (stmt -> for_stmt .)
    TOKEN_KW_DEFER  reduce using rule 174 (stmt -> for_stmt .)
    TOKEN_GT        reduce using rule 174 (stmt -> for_stmt .)
    TOKEN_KW_MODULE reduce using rule 174 (stmt -> for_stmt .)
    TOKEN_KW_TRY    reduce using rule 174 (stmt -> for_stmt .)
    TOKEN_KW_CATCH  reduce using rule 174 (stmt -> for_stmt .)
    TOKEN_KW_RAISE  reduce using rule 174 (stmt -> for_stmt .)
    TOKEN_KW_SPAWN  reduce using rule 174 (stmt -> for_stmt .)
    TOKEN_KW_SELECT reduce using rule 174 (stmt -> for_stmt .)
    TOKEN_KW_LOCK   reduce using rule 174 (stmt -> for_stmt .)
    TOKEN_LBRACE    reduce using rule 174 (stmt -> for_stmt .)
    TOKEN_KW_CAST   reduce using rule 174 (stmt -> for_stmt .)
    TOKEN_KW_CHAN   reduce using rule 174 (stmt -> for_stmt .)
    TOKEN_KW_MUTEX  reduce using rule 174 (stmt -> for_stmt .)
    TOKEN_PLUS      reduce using rule 174 (stmt -> for_stmt .)
    TOKEN_MINUS     reduce using rule 174 (stmt -> for_stmt .)
    TOKEN_NOT       reduce using rule 174 (stmt -> for_stmt .)
    TOKEN_BIT_NOT   reduce using rule 174 (stmt -> for_stmt .)
    TOKEN_AMPERSAND reduce using rule 174 (stmt -> for_stmt .)
    TOKEN_STAR      reduce using rule 174 (stmt -> for_stmt .)
    TOKEN_KW_AWAIT  reduce using rule 174 (stmt -> for_stmt .)
    TOKEN_KW_CONST  reduce using rule 174 (stmt -> for_stmt .)
    TOKEN_KW_MUT    reduce using rule 174 (stmt -> for_stmt .)
    TOKEN_KW_STATIC reduce using rule 174 (stmt -> for_stmt .)
    TOKEN_KW_VOLATILE reduce using rule 174 (stmt -> for_stmt .)
    TOKEN_KW_ATOMIC reduce using rule 174 (stmt -> for_stmt .)
    TOKEN_KW_SHARED reduce using rule 174 (stmt -> for_stmt .)
    TOKEN_KW_PRIVATE reduce using rule 174 (stmt -> for_stmt .)
    TOKEN_KW_PUBLIC reduce using rule 174 (stmt -> for_stmt .)
    TOKEN_IDENTIFIER reduce using rule 174 (stmt -> for_stmt .)
    TOKEN_LPAREN    reduce using rule 174 (stmt -> for_stmt .)
    TOKEN_KW_NULL   reduce using rule 174 (stmt -> for_stmt .)
    TOKEN_INT_LITERAL reduce using rule 174 (stmt -> for_stmt .)
    TOKEN_FLOAT_LITERAL reduce using rule 174 (stmt -> for_stmt .)
    TOKEN_CHAR_LITERAL reduce using rule 174 (stmt -> for_stmt .)
    TOKEN_STRING_LITERAL reduce using rule 174 (stmt -> for_stmt .)
    TOKEN_BOOL_LITERAL reduce using rule 174 (stmt -> for_stmt .)


state 255

    (176) stmt -> switch_stmt .

    TOKEN_RBRACE    reduce using rule 176 (stmt -> switch_stmt .)
    TOKEN_KW_IF     reduce using rule 176 (stmt -> switch_stmt .)
    TOKEN_KW_WHILE  reduce using rule 176 (stmt -> switch_stmt .)
    TOKEN_KW_DO     reduce using rule 176 (stmt -> switch_stmt .)
    TOKEN_KW_FOR    reduce using rule 176 (stmt -> switch_stmt .)
    TOKEN_KW_SWITCH reduce using rule 176 (stmt -> switch_stmt .)
    TOKEN_KW_RETURN reduce using rule 176 (stmt -> switch_stmt .)
    TOKEN_KW_BREAK  reduce using rule 176 (stmt -> switch_stmt .)
    TOKEN_KW_CONTINUE reduce using rule 176 (stmt -> switch_stmt .)
    TOKEN_KW_MATCH  reduce using rule 176 (stmt -> switch_stmt .)
    TOKEN_KW_DEFER  reduce using rule 176 (stmt -> switch_stmt .)
    TOKEN_GT        reduce using rule 176 (stmt -> switch_stmt .)
    TOKEN_KW_MODULE reduce using rule 176 (stmt -> switch_stmt .)
    TOKEN_KW_TRY    reduce using rule 176 (stmt -> switch_stmt .)
    TOKEN_KW_CATCH  reduce using rule 176 (stmt -> switch_stmt .)
    TOKEN_KW_RAISE  reduce using rule 176 (stmt -> switch_stmt .)
    TOKEN_KW_SPAWN  reduce using rule 176 (stmt -> switch_stmt .)
    TOKEN_KW_SELECT reduce using rule 176 (stmt -> switch_stmt .)
    TOKEN_KW_LOCK   reduce using rule 176 (stmt -> switch_stmt .)
    TOKEN_LBRACE    reduce using rule 176 (stmt -> switch_stmt .)
    TOKEN_KW_CAST   reduce using rule 176 (stmt -> switch_stmt .)
    TOKEN_KW_CHAN   reduce using rule 176 (stmt -> switch_stmt .)
    TOKEN_KW_MUTEX  reduce using rule 176 (stmt -> switch_stmt .)
    TOKEN_PLUS      reduce using rule 176 (stmt -> switch_stmt .)
    TOKEN_MINUS     reduce using rule 176 (stmt -> switch_stmt .)
    TOKEN_NOT       reduce using rule 176 (stmt -> switch_stmt .)
    TOKEN_BIT_NOT   reduce using rule 176 (stmt -> switch_stmt .)
    TOKEN_AMPERSAND reduce using rule 176 (stmt -> switch_stmt .)
    TOKEN_STAR      reduce using rule 176 (stmt -> switch_stmt .)
    TOKEN_KW_AWAIT  reduce using rule 176 (stmt -> switch_stmt .)
    TOKEN_KW_CONST  reduce using rule 176 (stmt -> switch_stmt .)
    TOKEN_KW_MUT    reduce using rule 176 (stmt -> switch_stmt .)
    TOKEN_KW_STATIC reduce using rule 176 (stmt -> switch_stmt .)
    TOKEN_KW_VOLATILE reduce using rule 176 (stmt -> switch_stmt .)
    TOKEN_KW_ATOMIC reduce using rule 176 (stmt -> switch_stmt .)
    TOKEN_KW_SHARED reduce using rule 176 (stmt -> switch_stmt .)
    TOKEN_KW_PRIVATE reduce using rule 176 (stmt -> switch_stmt .)
    TOKEN_KW_PUBLIC reduce using rule 176 (stmt -> switch_stmt .)
    TOKEN_IDENTIFIER reduce using rule 176 (stmt -> switch_stmt .)
    TOKEN_LPAREN    reduce using rule 176 (stmt -> switch_stmt .)
    TOKEN_KW_NULL   reduce using rule 176 (stmt -> switch_stmt .)
    TOKEN_INT_LITERAL reduce using rule 176 (stmt -> switch_stmt .)
    TOKEN_FLOAT_LITERAL reduce using rule 176 (stmt -> switch_stmt .)
    TOKEN_CHAR_LITERAL reduce using rule 176 (stmt -> switch_stmt .)
    TOKEN_STRING_LITERAL reduce using rule 176 (stmt -> switch_stmt .)
    TOKEN_BOOL_LITERAL reduce using rule 176 (stmt -> switch_stmt .)


state 256

    (177) stmt -> return_stmt .

    TOKEN_RBRACE    reduce using rule 177 (stmt -> return_stmt .)
    TOKEN_KW_IF     reduce using rule 177 (stmt -> return_stmt .)
    TOKEN_KW_WHILE  reduce using rule 177 (stmt -> return_stmt .)
    TOKEN_KW_DO     reduce using rule 177 (stmt -> return_stmt .)
    TOKEN_KW_FOR    reduce using rule 177 (stmt -> return_stmt .)
    TOKEN_KW_SWITCH reduce using rule 177 (stmt -> return_stmt .)
    TOKEN_KW_RETURN reduce using rule 177 (stmt -> return_stmt .)
    TOKEN_KW_BREAK  reduce using rule 177 (stmt -> return_stmt .)
    TOKEN_KW_CONTINUE reduce using rule 177 (stmt -> return_stmt .)
    TOKEN_KW_MATCH  reduce using rule 177 (stmt -> return_stmt .)
    TOKEN_KW_DEFER  reduce using rule 177 (stmt -> return_stmt .)
    TOKEN_GT        reduce using rule 177 (stmt -> return_stmt .)
    TOKEN_KW_MODULE reduce using rule 177 (stmt -> return_stmt .)
    TOKEN_KW_TRY    reduce using rule 177 (stmt -> return_stmt .)
    TOKEN_KW_CATCH  reduce using rule 177 (stmt -> return_stmt .)
    TOKEN_KW_RAISE  reduce using rule 177 (stmt -> return_stmt .)
    TOKEN_KW_SPAWN  reduce using rule 177 (stmt -> return_stmt .)
    TOKEN_KW_SELECT reduce using rule 177 (stmt -> return_stmt .)
    TOKEN_KW_LOCK   reduce using rule 177 (stmt -> return_stmt .)
    TOKEN_LBRACE    reduce using rule 177 (stmt -> return_stmt .)
    TOKEN_KW_CAST   reduce using rule 177 (stmt -> return_stmt .)
    TOKEN_KW_CHAN   reduce using rule 177 (stmt -> return_stmt .)
    TOKEN_KW_MUTEX  reduce using rule 177 (stmt -> return_stmt .)
    TOKEN_PLUS      reduce using rule 177 (stmt -> return_stmt .)
    TOKEN_MINUS     reduce using rule 177 (stmt -> return_stmt .)
    TOKEN_NOT       reduce using rule 177 (stmt -> return_stmt .)
    TOKEN_BIT_NOT   reduce using rule 177 (stmt -> return_stmt .)
    TOKEN_AMPERSAND reduce using rule 177 (stmt -> return_stmt .)
    TOKEN_STAR      reduce using rule 177 (stmt -> return_stmt .)
    TOKEN_KW_AWAIT  reduce using rule 177 (stmt -> return_stmt .)
    TOKEN_KW_CONST  reduce using rule 177 (stmt -> return_stmt .)
    TOKEN_KW_MUT    reduce using rule 177 (stmt -> return_stmt .)
    TOKEN_KW_STATIC reduce using rule 177 (stmt -> return_stmt .)
    TOKEN_KW_VOLATILE reduce using rule 177 (stmt -> return_stmt .)
    TOKEN_KW_ATOMIC reduce using rule 177 (stmt -> return_stmt .)
    TOKEN_KW_SHARED reduce using rule 177 (stmt -> return_stmt .)
    TOKEN_KW_PRIVATE reduce using rule 177 (stmt -> return_stmt .)
    TOKEN_KW_PUBLIC reduce using rule 177 (stmt -> return_stmt .)
    TOKEN_IDENTIFIER reduce using rule 177 (stmt -> return_stmt .)
    TOKEN_LPAREN    reduce using rule 177 (stmt -> return_stmt .)
    TOKEN_KW_NULL   reduce using rule 177 (stmt -> return_stmt .)
    TOKEN_INT_LITERAL reduce using rule 177 (stmt -> return_stmt .)
    TOKEN_FLOAT_LITERAL reduce using rule 177 (stmt -> return_stmt .)
    TOKEN_CHAR_LITERAL reduce using rule 177 (stmt -> return_stmt .)
    TOKEN_STRING_LITERAL reduce using rule 177 (stmt -> return_stmt .)
    TOKEN_BOOL_LITERAL reduce using rule 177 (stmt -> return_stmt .)


state 257

    (178) stmt -> break_stmt .

    TOKEN_RBRACE    reduce using rule 178 (stmt -> break_stmt .)
    TOKEN_KW_IF     reduce using rule 178 (stmt -> break_stmt .)
    TOKEN_KW_WHILE  reduce using rule 178 (stmt -> break_stmt .)
    TOKEN_KW_DO     reduce using rule 178 (stmt -> break_stmt .)
    TOKEN_KW_FOR    reduce using rule 178 (stmt -> break_stmt .)
    TOKEN_KW_SWITCH reduce using rule 178 (stmt -> break_stmt .)
    TOKEN_KW_RETURN reduce using rule 178 (stmt -> break_stmt .)
    TOKEN_KW_BREAK  reduce using rule 178 (stmt -> break_stmt .)
    TOKEN_KW_CONTINUE reduce using rule 178 (stmt -> break_stmt .)
    TOKEN_KW_MATCH  reduce using rule 178 (stmt -> break_stmt .)
    TOKEN_KW_DEFER  reduce using rule 178 (stmt -> break_stmt .)
    TOKEN_GT        reduce using rule 178 (stmt -> break_stmt .)
    TOKEN_KW_MODULE reduce using rule 178 (stmt -> break_stmt .)
    TOKEN_KW_TRY    reduce using rule 178 (stmt -> break_stmt .)
    TOKEN_KW_CATCH  reduce using rule 178 (stmt -> break_stmt .)
    TOKEN_KW_RAISE  reduce using rule 178 (stmt -> break_stmt .)
    TOKEN_KW_SPAWN  reduce using rule 178 (stmt -> break_stmt .)
    TOKEN_KW_SELECT reduce using rule 178 (stmt -> break_stmt .)
    TOKEN_KW_LOCK   reduce using rule 178 (stmt -> break_stmt .)
    TOKEN_LBRACE    reduce using rule 178 (stmt -> break_stmt .)
    TOKEN_KW_CAST   reduce using rule 178 (stmt -> break_stmt .)
    TOKEN_KW_CHAN   reduce using rule 178 (stmt -> break_stmt .)
    TOKEN_KW_MUTEX  reduce using rule 178 (stmt -> break_stmt .)
    TOKEN_PLUS      reduce using rule 178 (stmt -> break_stmt .)
    TOKEN_MINUS     reduce using rule 178 (stmt -> break_stmt .)
    TOKEN_NOT       reduce using rule 178 (stmt -> break_stmt .)
    TOKEN_BIT_NOT   reduce using rule 178 (stmt -> break_stmt .)
    TOKEN_AMPERSAND reduce using rule 178 (stmt -> break_stmt .)
    TOKEN_STAR      reduce using rule 178 (stmt -> break_stmt .)
    TOKEN_KW_AWAIT  reduce using rule 178 (stmt -> break_stmt .)
    TOKEN_KW_CONST  reduce using rule 178 (stmt -> break_stmt .)
    TOKEN_KW_MUT    reduce using rule 178 (stmt -> break_stmt .)
    TOKEN_KW_STATIC reduce using rule 178 (stmt -> break_stmt .)
    TOKEN_KW_VOLATILE reduce using rule 178 (stmt -> break_stmt .)
    TOKEN_KW_ATOMIC reduce using rule 178 (stmt -> break_stmt .)
    TOKEN_KW_SHARED reduce using rule 178 (stmt -> break_stmt .)
    TOKEN_KW_PRIVATE reduce using rule 178 (stmt -> break_stmt .)
    TOKEN_KW_PUBLIC reduce using rule 178 (stmt -> break_stmt .)
    TOKEN_IDENTIFIER reduce using rule 178 (stmt -> break_stmt .)
    TOKEN_LPAREN    reduce using rule 178 (stmt -> break_stmt .)
    TOKEN_KW_NULL   reduce using rule 178 (stmt -> break_stmt .)
    TOKEN_INT_LITERAL reduce using rule 178 (stmt -> break_stmt .)
    TOKEN_FLOAT_LITERAL reduce using rule 178 (stmt -> break_stmt .)
    TOKEN_CHAR_LITERAL reduce using rule 178 (stmt -> break_stmt .)
    TOKEN_STRING_LITERAL reduce using rule 178 (stmt -> break_stmt .)
    TOKEN_BOOL_LITERAL reduce using rule 178 (stmt -> break_stmt .)


state 258

    (179) stmt -> continue_stmt .

    TOKEN_RBRACE    reduce using rule 179 (stmt -> continue_stmt .)
    TOKEN_KW_IF     reduce using rule 179 (stmt -> continue_stmt .)
    TOKEN_KW_WHILE  reduce using rule 179 (stmt -> continue_stmt .)
    TOKEN_KW_DO     reduce using rule 179 (stmt -> continue_stmt .)
    TOKEN_KW_FOR    reduce using rule 179 (stmt -> continue_stmt .)
    TOKEN_KW_SWITCH reduce using rule 179 (stmt -> continue_stmt .)
    TOKEN_KW_RETURN reduce using rule 179 (stmt -> continue_stmt .)
    TOKEN_KW_BREAK  reduce using rule 179 (stmt -> continue_stmt .)
    TOKEN_KW_CONTINUE reduce using rule 179 (stmt -> continue_stmt .)
    TOKEN_KW_MATCH  reduce using rule 179 (stmt -> continue_stmt .)
    TOKEN_KW_DEFER  reduce using rule 179 (stmt -> continue_stmt .)
    TOKEN_GT        reduce using rule 179 (stmt -> continue_stmt .)
    TOKEN_KW_MODULE reduce using rule 179 (stmt -> continue_stmt .)
    TOKEN_KW_TRY    reduce using rule 179 (stmt -> continue_stmt .)
    TOKEN_KW_CATCH  reduce using rule 179 (stmt -> continue_stmt .)
    TOKEN_KW_RAISE  reduce using rule 179 (stmt -> continue_stmt .)
    TOKEN_KW_SPAWN  reduce using rule 179 (stmt -> continue_stmt .)
    TOKEN_KW_SELECT reduce using rule 179 (stmt -> continue_stmt .)
    TOKEN_KW_LOCK   reduce using rule 179 (stmt -> continue_stmt .)
    TOKEN_LBRACE    reduce using rule 179 (stmt -> continue_stmt .)
    TOKEN_KW_CAST   reduce using rule 179 (stmt -> continue_stmt .)
    TOKEN_KW_CHAN   reduce using rule 179 (stmt -> continue_stmt .)
    TOKEN_KW_MUTEX  reduce using rule 179 (stmt -> continue_stmt .)
    TOKEN_PLUS      reduce using rule 179 (stmt -> continue_stmt .)
    TOKEN_MINUS     reduce using rule 179 (stmt -> continue_stmt .)
    TOKEN_NOT       reduce using rule 179 (stmt -> continue_stmt .)
    TOKEN_BIT_NOT   reduce using rule 179 (stmt -> continue_stmt .)
    TOKEN_AMPERSAND reduce using rule 179 (stmt -> continue_stmt .)
    TOKEN_STAR      reduce using rule 179 (stmt -> continue_stmt .)
    TOKEN_KW_AWAIT  reduce using rule 179 (stmt -> continue_stmt .)
    TOKEN_KW_CONST  reduce using rule 179 (stmt -> continue_stmt .)
    TOKEN_KW_MUT    reduce using rule 179 (stmt -> continue_stmt .)
    TOKEN_KW_STATIC reduce using rule 179 (stmt -> continue_stmt .)
    TOKEN_KW_VOLATILE reduce using rule 179 (stmt -> continue_stmt .)
    TOKEN_KW_ATOMIC reduce using rule 179 (stmt -> continue_stmt .)
    TOKEN_KW_SHARED reduce using rule 179 (stmt -> continue_stmt .)
    TOKEN_KW_PRIVATE reduce using rule 179 (stmt -> continue_stmt .)
    TOKEN_KW_PUBLIC reduce using rule 179 (stmt -> continue_stmt .)
    TOKEN_IDENTIFIER reduce using rule 179 (stmt -> continue_stmt .)
    TOKEN_LPAREN    reduce using rule 179 (stmt -> continue_stmt .)
    TOKEN_KW_NULL   reduce using rule 179 (stmt -> continue_stmt .)
    TOKEN_INT_LITERAL reduce using rule 179 (stmt -> continue_stmt .)
    TOKEN_FLOAT_LITERAL reduce using rule 179 (stmt -> continue_stmt .)
    TOKEN_CHAR_LITERAL reduce using rule 179 (stmt -> continue_stmt .)
    TOKEN_STRING_LITERAL reduce using rule 179 (stmt -> continue_stmt .)
    TOKEN_BOOL_LITERAL reduce using rule 179 (stmt -> continue_stmt .)


state 259

    (180) stmt -> match_stmt .

    TOKEN_RBRACE    reduce using rule 180 (stmt -> match_stmt .)
    TOKEN_KW_IF     reduce using rule 180 (stmt -> match_stmt .)
    TOKEN_KW_WHILE  reduce using rule 180 (stmt -> match_stmt .)
    TOKEN_KW_DO     reduce using rule 180 (stmt -> match_stmt .)
    TOKEN_KW_FOR    reduce using rule 180 (stmt -> match_stmt .)
    TOKEN_KW_SWITCH reduce using rule 180 (stmt -> match_stmt .)
    TOKEN_KW_RETURN reduce using rule 180 (stmt -> match_stmt .)
    TOKEN_KW_BREAK  reduce using rule 180 (stmt -> match_stmt .)
    TOKEN_KW_CONTINUE reduce using rule 180 (stmt -> match_stmt .)
    TOKEN_KW_MATCH  reduce using rule 180 (stmt -> match_stmt .)
    TOKEN_KW_DEFER  reduce using rule 180 (stmt -> match_stmt .)
    TOKEN_GT        reduce using rule 180 (stmt -> match_stmt .)
    TOKEN_KW_MODULE reduce using rule 180 (stmt -> match_stmt .)
    TOKEN_KW_TRY    reduce using rule 180 (stmt -> match_stmt .)
    TOKEN_KW_CATCH  reduce using rule 180 (stmt -> match_stmt .)
    TOKEN_KW_RAISE  reduce using rule 180 (stmt -> match_stmt .)
    TOKEN_KW_SPAWN  reduce using rule 180 (stmt -> match_stmt .)
    TOKEN_KW_SELECT reduce using rule 180 (stmt -> match_stmt .)
    TOKEN_KW_LOCK   reduce using rule 180 (stmt -> match_stmt .)
    TOKEN_LBRACE    reduce using rule 180 (stmt -> match_stmt .)
    TOKEN_KW_CAST   reduce using rule 180 (stmt -> match_stmt .)
    TOKEN_KW_CHAN   reduce using rule 180 (stmt -> match_stmt .)
    TOKEN_KW_MUTEX  reduce using rule 180 (stmt -> match_stmt .)
    TOKEN_PLUS      reduce using rule 180 (stmt -> match_stmt .)
    TOKEN_MINUS     reduce using rule 180 (stmt -> match_stmt .)
    TOKEN_NOT       reduce using rule 180 (stmt -> match_stmt .)
    TOKEN_BIT_NOT   reduce using rule 180 (stmt -> match_stmt .)
    TOKEN_AMPERSAND reduce using rule 180 (stmt -> match_stmt .)
    TOKEN_STAR      reduce using rule 180 (stmt -> match_stmt .)
    TOKEN_KW_AWAIT  reduce using rule 180 (stmt -> match_stmt .)
    TOKEN_KW_CONST  reduce using rule 180 (stmt -> match_stmt .)
    TOKEN_KW_MUT    reduce using rule 180 (stmt -> match_stmt .)
    TOKEN_KW_STATIC reduce using rule 180 (stmt -> match_stmt .)
    TOKEN_KW_VOLATILE reduce using rule 180 (stmt -> match_stmt .)
    TOKEN_KW_ATOMIC reduce using rule 180 (stmt -> match_stmt .)
    TOKEN_KW_SHARED reduce using rule 180 (stmt -> match_stmt .)
    TOKEN_KW_PRIVATE reduce using rule 180 (stmt -> match_stmt .)
    TOKEN_KW_PUBLIC reduce using rule 180 (stmt -> match_stmt .)
    TOKEN_IDENTIFIER reduce using rule 180 (stmt -> match_stmt .)
    TOKEN_LPAREN    reduce using rule 180 (stmt -> match_stmt .)
    TOKEN_KW_NULL   reduce using rule 180 (stmt -> match_stmt .)
    TOKEN_INT_LITERAL reduce using rule 180 (stmt -> match_stmt .)
    TOKEN_FLOAT_LITERAL reduce using rule 180 (stmt -> match_stmt .)
    TOKEN_CHAR_LITERAL reduce using rule 180 (stmt -> match_stmt .)
    TOKEN_STRING_LITERAL reduce using rule 180 (stmt -> match_stmt .)
    TOKEN_BOOL_LITERAL reduce using rule 180 (stmt -> match_stmt .)


state 260

    (181) stmt -> defer_stmt .

    TOKEN_RBRACE    reduce using rule 181 (stmt -> defer_stmt .)
    TOKEN_KW_IF     reduce using rule 181 (stmt -> defer_stmt .)
    TOKEN_KW_WHILE  reduce using rule 181 (stmt -> defer_stmt .)
    TOKEN_KW_DO     reduce using rule 181 (stmt -> defer_stmt .)
    TOKEN_KW_FOR    reduce using rule 181 (stmt -> defer_stmt .)
    TOKEN_KW_SWITCH reduce using rule 181 (stmt -> defer_stmt .)
    TOKEN_KW_RETURN reduce using rule 181 (stmt -> defer_stmt .)
    TOKEN_KW_BREAK  reduce using rule 181 (stmt -> defer_stmt .)
    TOKEN_KW_CONTINUE reduce using rule 181 (stmt -> defer_stmt .)
    TOKEN_KW_MATCH  reduce using rule 181 (stmt -> defer_stmt .)
    TOKEN_KW_DEFER  reduce using rule 181 (stmt -> defer_stmt .)
    TOKEN_GT        reduce using rule 181 (stmt -> defer_stmt .)
    TOKEN_KW_MODULE reduce using rule 181 (stmt -> defer_stmt .)
    TOKEN_KW_TRY    reduce using rule 181 (stmt -> defer_stmt .)
    TOKEN_KW_CATCH  reduce using rule 181 (stmt -> defer_stmt .)
    TOKEN_KW_RAISE  reduce using rule 181 (stmt -> defer_stmt .)
    TOKEN_KW_SPAWN  reduce using rule 181 (stmt -> defer_stmt .)
    TOKEN_KW_SELECT reduce using rule 181 (stmt -> defer_stmt .)
    TOKEN_KW_LOCK   reduce using rule 181 (stmt -> defer_stmt .)
    TOKEN_LBRACE    reduce using rule 181 (stmt -> defer_stmt .)
    TOKEN_KW_CAST   reduce using rule 181 (stmt -> defer_stmt .)
    TOKEN_KW_CHAN   reduce using rule 181 (stmt -> defer_stmt .)
    TOKEN_KW_MUTEX  reduce using rule 181 (stmt -> defer_stmt .)
    TOKEN_PLUS      reduce using rule 181 (stmt -> defer_stmt .)
    TOKEN_MINUS     reduce using rule 181 (stmt -> defer_stmt .)
    TOKEN_NOT       reduce using rule 181 (stmt -> defer_stmt .)
    TOKEN_BIT_NOT   reduce using rule 181 (stmt -> defer_stmt .)
    TOKEN_AMPERSAND reduce using rule 181 (stmt -> defer_stmt .)
    TOKEN_STAR      reduce using rule 181 (stmt -> defer_stmt .)
    TOKEN_KW_AWAIT  reduce using rule 181 (stmt -> defer_stmt .)
    TOKEN_KW_CONST  reduce using rule 181 (stmt -> defer_stmt .)
    TOKEN_KW_MUT    reduce using rule 181 (stmt -> defer_stmt .)
    TOKEN_KW_STATIC reduce using rule 181 (stmt -> defer_stmt .)
    TOKEN_KW_VOLATILE reduce using rule 181 (stmt -> defer_stmt .)
    TOKEN_KW_ATOMIC reduce using rule 181 (stmt -> defer_stmt .)
    TOKEN_KW_SHARED reduce using rule 181 (stmt -> defer_stmt .)
    TOKEN_KW_PRIVATE reduce using rule 181 (stmt -> defer_stmt .)
    TOKEN_KW_PUBLIC reduce using rule 181 (stmt -> defer_stmt .)
    TOKEN_IDENTIFIER reduce using rule 181 (stmt -> defer_stmt .)
    TOKEN_LPAREN    reduce using rule 181 (stmt -> defer_stmt .)
    TOKEN_KW_NULL   reduce using rule 181 (stmt -> defer_stmt .)
    TOKEN_INT_LITERAL reduce using rule 181 (stmt -> defer_stmt .)
    TOKEN_FLOAT_LITERAL reduce using rule 181 (stmt -> defer_stmt .)
    TOKEN_CHAR_LITERAL reduce using rule 181 (stmt -> defer_stmt .)
    TOKEN_STRING_LITERAL reduce using rule 181 (stmt -> defer_stmt .)
    TOKEN_BOOL_LITERAL reduce using rule 181 (stmt -> defer_stmt .)


state 261

    (182) stmt -> import_stmt .

    TOKEN_RBRACE    reduce using rule 182 (stmt -> import_stmt .)
    TOKEN_KW_IF     reduce using rule 182 (stmt -> import_stmt .)
    TOKEN_KW_WHILE  reduce using rule 182 (stmt -> import_stmt .)
    TOKEN_KW_DO     reduce using rule 182 (stmt -> import_stmt .)
    TOKEN_KW_FOR    reduce using rule 182 (stmt -> import_stmt .)
    TOKEN_KW_SWITCH reduce using rule 182 (stmt -> import_stmt .)
    TOKEN_KW_RETURN reduce using rule 182 (stmt -> import_stmt .)
    TOKEN_KW_BREAK  reduce using rule 182 (stmt -> import_stmt .)
    TOKEN_KW_CONTINUE reduce using rule 182 (stmt -> import_stmt .)
    TOKEN_KW_MATCH  reduce using rule 182 (stmt -> import_stmt .)
    TOKEN_KW_DEFER  reduce using rule 182 (stmt -> import_stmt .)
    TOKEN_GT        reduce using rule 182 (stmt -> import_stmt .)
    TOKEN_KW_MODULE reduce using rule 182 (stmt -> import_stmt .)
    TOKEN_KW_TRY    reduce using rule 182 (stmt -> import_stmt .)
    TOKEN_KW_CATCH  reduce using rule 182 (stmt -> import_stmt .)
    TOKEN_KW_RAISE  reduce using rule 182 (stmt -> import_stmt .)
    TOKEN_KW_SPAWN  reduce using rule 182 (stmt -> import_stmt .)
    TOKEN_KW_SELECT reduce using rule 182 (stmt -> import_stmt .)
    TOKEN_KW_LOCK   reduce using rule 182 (stmt -> import_stmt .)
    TOKEN_LBRACE    reduce using rule 182 (stmt -> import_stmt .)
    TOKEN_KW_CAST   reduce using rule 182 (stmt -> import_stmt .)
    TOKEN_KW_CHAN   reduce using rule 182 (stmt -> import_stmt .)
    TOKEN_KW_MUTEX  reduce using rule 182 (stmt -> import_stmt .)
    TOKEN_PLUS      reduce using rule 182 (stmt -> import_stmt .)
    TOKEN_MINUS     reduce using rule 182 (stmt -> import_stmt .)
    TOKEN_NOT       reduce using rule 182 (stmt -> import_stmt .)
    TOKEN_BIT_NOT   reduce using rule 182 (stmt -> import_stmt .)
    TOKEN_AMPERSAND reduce using rule 182 (stmt -> import_stmt .)
    TOKEN_STAR      reduce using rule 182 (stmt -> import_stmt .)
    TOKEN_KW_AWAIT  reduce using rule 182 (stmt -> import_stmt .)
    TOKEN_KW_CONST  reduce using rule 182 (stmt -> import_stmt .)
    TOKEN_KW_MUT    reduce using rule 182 (stmt -> import_stmt .)
    TOKEN_KW_STATIC reduce using rule 182 (stmt -> import_stmt .)
    TOKEN_KW_VOLATILE reduce using rule 182 (stmt -> import_stmt .)
    TOKEN_KW_ATOMIC reduce using rule 182 (stmt -> import_stmt .)
    TOKEN_KW_SHARED reduce using rule 182 (stmt -> import_stmt .)
    TOKEN_KW_PRIVATE reduce using rule 182 (stmt -> import_stmt .)
    TOKEN_KW_PUBLIC reduce using rule 182 (stmt -> import_stmt .)
    TOKEN_IDENTIFIER reduce using rule 182 (stmt -> import_stmt .)
    TOKEN_LPAREN    reduce using rule 182 (stmt -> import_stmt .)
    TOKEN_KW_NULL   reduce using rule 182 (stmt -> import_stmt .)
    TOKEN_INT_LITERAL reduce using rule 182 (stmt -> import_stmt .)
    TOKEN_FLOAT_LITERAL reduce using rule 182 (stmt -> import_stmt .)
    TOKEN_CHAR_LITERAL reduce using rule 182 (stmt -> import_stmt .)
    TOKEN_STRING_LITERAL reduce using rule 182 (stmt -> import_stmt .)
    TOKEN_BOOL_LITERAL reduce using rule 182 (stmt -> import_stmt .)


state 262

    (183) stmt -> module_stmt .

    TOKEN_RBRACE    reduce using rule 183 (stmt -> module_stmt .)
    TOKEN_KW_IF     reduce using rule 183 (stmt -> module_stmt .)
    TOKEN_KW_WHILE  reduce using rule 183 (stmt -> module_stmt .)
    TOKEN_KW_DO     reduce using rule 183 (stmt -> module_stmt .)
    TOKEN_KW_FOR    reduce using rule 183 (stmt -> module_stmt .)
    TOKEN_KW_SWITCH reduce using rule 183 (stmt -> module_stmt .)
    TOKEN_KW_RETURN reduce using rule 183 (stmt -> module_stmt .)
    TOKEN_KW_BREAK  reduce using rule 183 (stmt -> module_stmt .)
    TOKEN_KW_CONTINUE reduce using rule 183 (stmt -> module_stmt .)
    TOKEN_KW_MATCH  reduce using rule 183 (stmt -> module_stmt .)
    TOKEN_KW_DEFER  reduce using rule 183 (stmt -> module_stmt .)
    TOKEN_GT        reduce using rule 183 (stmt -> module_stmt .)
    TOKEN_KW_MODULE reduce using rule 183 (stmt -> module_stmt .)
    TOKEN_KW_TRY    reduce using rule 183 (stmt -> module_stmt .)
    TOKEN_KW_CATCH  reduce using rule 183 (stmt -> module_stmt .)
    TOKEN_KW_RAISE  reduce using rule 183 (stmt -> module_stmt .)
    TOKEN_KW_SPAWN  reduce using rule 183 (stmt -> module_stmt .)
    TOKEN_KW_SELECT reduce using rule 183 (stmt -> module_stmt .)
    TOKEN_KW_LOCK   reduce using rule 183 (stmt -> module_stmt .)
    TOKEN_LBRACE    reduce using rule 183 (stmt -> module_stmt .)
    TOKEN_KW_CAST   reduce using rule 183 (stmt -> module_stmt .)
    TOKEN_KW_CHAN   reduce using rule 183 (stmt -> module_stmt .)
    TOKEN_KW_MUTEX  reduce using rule 183 (stmt -> module_stmt .)
    TOKEN_PLUS      reduce using rule 183 (stmt -> module_stmt .)
    TOKEN_MINUS     reduce using rule 183 (stmt -> module_stmt .)
    TOKEN_NOT       reduce using rule 183 (stmt -> module_stmt .)
    TOKEN_BIT_NOT   reduce using rule 183 (stmt -> module_stmt .)
    TOKEN_AMPERSAND reduce using rule 183 (stmt -> module_stmt .)
    TOKEN_STAR      reduce using rule 183 (stmt -> module_stmt .)
    TOKEN_KW_AWAIT  reduce using rule 183 (stmt -> module_stmt .)
    TOKEN_KW_CONST  reduce using rule 183 (stmt -> module_stmt .)
    TOKEN_KW_MUT    reduce using rule 183 (stmt -> module_stmt .)
    TOKEN_KW_STATIC reduce using rule 183 (stmt -> module_stmt .)
    TOKEN_KW_VOLATILE reduce using rule 183 (stmt -> module_stmt .)
    TOKEN_KW_ATOMIC reduce using rule 183 (stmt -> module_stmt .)
    TOKEN_KW_SHARED reduce using rule 183 (stmt -> module_stmt .)
    TOKEN_KW_PRIVATE reduce using rule 183 (stmt -> module_stmt .)
    TOKEN_KW_PUBLIC reduce using rule 183 (stmt -> module_stmt .)
    TOKEN_IDENTIFIER reduce using rule 183 (stmt -> module_stmt .)
    TOKEN_LPAREN    reduce using rule 183 (stmt -> module_stmt .)
    TOKEN_KW_NULL   reduce using rule 183 (stmt -> module_stmt .)
    TOKEN_INT_LITERAL reduce using rule 183 (stmt -> module_stmt .)
    TOKEN_FLOAT_LITERAL reduce using rule 183 (stmt -> module_stmt .)
    TOKEN_CHAR_LITERAL reduce using rule 183 (stmt -> module_stmt .)
    TOKEN_STRING_LITERAL reduce using rule 183 (stmt -> module_stmt .)
    TOKEN_BOOL_LITERAL reduce using rule 183 (stmt -> module_stmt .)


state 263

    (184) stmt -> try_stmt .

    TOKEN_RBRACE    reduce using rule 184 (stmt -> try_stmt .)
    TOKEN_KW_IF     reduce using rule 184 (stmt -> try_stmt .)
    TOKEN_KW_WHILE  reduce using rule 184 (stmt -> try_stmt .)
    TOKEN_KW_DO     reduce using rule 184 (stmt -> try_stmt .)
    TOKEN_KW_FOR    reduce using rule 184 (stmt -> try_stmt .)
    TOKEN_KW_SWITCH reduce using rule 184 (stmt -> try_stmt .)
    TOKEN_KW_RETURN reduce using rule 184 (stmt -> try_stmt .)
    TOKEN_KW_BREAK  reduce using rule 184 (stmt -> try_stmt .)
    TOKEN_KW_CONTINUE reduce using rule 184 (stmt -> try_stmt .)
    TOKEN_KW_MATCH  reduce using rule 184 (stmt -> try_stmt .)
    TOKEN_KW_DEFER  reduce using rule 184 (stmt -> try_stmt .)
    TOKEN_GT        reduce using rule 184 (stmt -> try_stmt .)
    TOKEN_KW_MODULE reduce using rule 184 (stmt -> try_stmt .)
    TOKEN_KW_TRY    reduce using rule 184 (stmt -> try_stmt .)
    TOKEN_KW_CATCH  reduce using rule 184 (stmt -> try_stmt .)
    TOKEN_KW_RAISE  reduce using rule 184 (stmt -> try_stmt .)
    TOKEN_KW_SPAWN  reduce using rule 184 (stmt -> try_stmt .)
    TOKEN_KW_SELECT reduce using rule 184 (stmt -> try_stmt .)
    TOKEN_KW_LOCK   reduce using rule 184 (stmt -> try_stmt .)
    TOKEN_LBRACE    reduce using rule 184 (stmt -> try_stmt .)
    TOKEN_KW_CAST   reduce using rule 184 (stmt -> try_stmt .)
    TOKEN_KW_CHAN   reduce using rule 184 (stmt -> try_stmt .)
    TOKEN_KW_MUTEX  reduce using rule 184 (stmt -> try_stmt .)
    TOKEN_PLUS      reduce using rule 184 (stmt -> try_stmt .)
    TOKEN_MINUS     reduce using rule 184 (stmt -> try_stmt .)
    TOKEN_NOT       reduce using rule 184 (stmt -> try_stmt .)
    TOKEN_BIT_NOT   reduce using rule 184 (stmt -> try_stmt .)
    TOKEN_AMPERSAND reduce using rule 184 (stmt -> try_stmt .)
    TOKEN_STAR      reduce using rule 184 (stmt -> try_stmt .)
    TOKEN_KW_AWAIT  reduce using rule 184 (stmt -> try_stmt .)
    TOKEN_KW_CONST  reduce using rule 184 (stmt -> try_stmt .)
    TOKEN_KW_MUT    reduce using rule 184 (stmt -> try_stmt .)
    TOKEN_KW_STATIC reduce using rule 184 (stmt -> try_stmt .)
    TOKEN_KW_VOLATILE reduce using rule 184 (stmt -> try_stmt .)
    TOKEN_KW_ATOMIC reduce using rule 184 (stmt -> try_stmt .)
    TOKEN_KW_SHARED reduce using rule 184 (stmt -> try_stmt .)
    TOKEN_KW_PRIVATE reduce using rule 184 (stmt -> try_stmt .)
    TOKEN_KW_PUBLIC reduce using rule 184 (stmt -> try_stmt .)
    TOKEN_IDENTIFIER reduce using rule 184 (stmt -> try_stmt .)
    TOKEN_LPAREN    reduce using rule 184 (stmt -> try_stmt .)
    TOKEN_KW_NULL   reduce using rule 184 (stmt -> try_stmt .)
    TOKEN_INT_LITERAL reduce using rule 184 (stmt -> try_stmt .)
    TOKEN_FLOAT_LITERAL reduce using rule 184 (stmt -> try_stmt .)
    TOKEN_CHAR_LITERAL reduce using rule 184 (stmt -> try_stmt .)
    TOKEN_STRING_LITERAL reduce using rule 184 (stmt -> try_stmt .)
    TOKEN_BOOL_LITERAL reduce using rule 184 (stmt -> try_stmt .)


state 264

    (185) stmt -> catch_stmt .

    TOKEN_RBRACE    reduce using rule 185 (stmt -> catch_stmt .)
    TOKEN_KW_IF     reduce using rule 185 (stmt -> catch_stmt .)
    TOKEN_KW_WHILE  reduce using rule 185 (stmt -> catch_stmt .)
    TOKEN_KW_DO     reduce using rule 185 (stmt -> catch_stmt .)
    TOKEN_KW_FOR    reduce using rule 185 (stmt -> catch_stmt .)
    TOKEN_KW_SWITCH reduce using rule 185 (stmt -> catch_stmt .)
    TOKEN_KW_RETURN reduce using rule 185 (stmt -> catch_stmt .)
    TOKEN_KW_BREAK  reduce using rule 185 (stmt -> catch_stmt .)
    TOKEN_KW_CONTINUE reduce using rule 185 (stmt -> catch_stmt .)
    TOKEN_KW_MATCH  reduce using rule 185 (stmt -> catch_stmt .)
    TOKEN_KW_DEFER  reduce using rule 185 (stmt -> catch_stmt .)
    TOKEN_GT        reduce using rule 185 (stmt -> catch_stmt .)
    TOKEN_KW_MODULE reduce using rule 185 (stmt -> catch_stmt .)
    TOKEN_KW_TRY    reduce using rule 185 (stmt -> catch_stmt .)
    TOKEN_KW_CATCH  reduce using rule 185 (stmt -> catch_stmt .)
    TOKEN_KW_RAISE  reduce using rule 185 (stmt -> catch_stmt .)
    TOKEN_KW_SPAWN  reduce using rule 185 (stmt -> catch_stmt .)
    TOKEN_KW_SELECT reduce using rule 185 (stmt -> catch_stmt .)
    TOKEN_KW_LOCK   reduce using rule 185 (stmt -> catch_stmt .)
    TOKEN_LBRACE    reduce using rule 185 (stmt -> catch_stmt .)
    TOKEN_KW_CAST   reduce using rule 185 (stmt -> catch_stmt .)
    TOKEN_KW_CHAN   reduce using rule 185 (stmt -> catch_stmt .)
    TOKEN_KW_MUTEX  reduce using rule 185 (stmt -> catch_stmt .)
    TOKEN_PLUS      reduce using rule 185 (stmt -> catch_stmt .)
    TOKEN_MINUS     reduce using rule 185 (stmt -> catch_stmt .)
    TOKEN_NOT       reduce using rule 185 (stmt -> catch_stmt .)
    TOKEN_BIT_NOT   reduce using rule 185 (stmt -> catch_stmt .)
    TOKEN_AMPERSAND reduce using rule 185 (stmt -> catch_stmt .)
    TOKEN_STAR      reduce using rule 185 (stmt -> catch_stmt .)
    TOKEN_KW_AWAIT  reduce using rule 185 (stmt -> catch_stmt .)
    TOKEN_KW_CONST  reduce using rule 185 (stmt -> catch_stmt .)
    TOKEN_KW_MUT    reduce using rule 185 (stmt -> catch_stmt .)
    TOKEN_KW_STATIC reduce using rule 185 (stmt -> catch_stmt .)
    TOKEN_KW_VOLATILE reduce using rule 185 (stmt -> catch_stmt .)
    TOKEN_KW_ATOMIC reduce using rule 185 (stmt -> catch_stmt .)
    TOKEN_KW_SHARED reduce using rule 185 (stmt -> catch_stmt .)
    TOKEN_KW_PRIVATE reduce using rule 185 (stmt -> catch_stmt .)
    TOKEN_KW_PUBLIC reduce using rule 185 (stmt -> catch_stmt .)
    TOKEN_IDENTIFIER reduce using rule 185 (stmt -> catch_stmt .)
    TOKEN_LPAREN    reduce using rule 185 (stmt -> catch_stmt .)
    TOKEN_KW_NULL   reduce using rule 185 (stmt -> catch_stmt .)
    TOKEN_INT_LITERAL reduce using rule 185 (stmt -> catch_stmt .)
    TOKEN_FLOAT_LITERAL reduce using rule 185 (stmt -> catch_stmt .)
    TOKEN_CHAR_LITERAL reduce using rule 185 (stmt -> catch_stmt .)
    TOKEN_STRING_LITERAL reduce using rule 185 (stmt -> catch_stmt .)
    TOKEN_BOOL_LITERAL reduce using rule 185 (stmt -> catch_stmt .)


state 265

    (187) stmt -> raise_stmt .

    TOKEN_RBRACE    reduce using rule 187 (stmt -> raise_stmt .)
    TOKEN_KW_IF     reduce using rule 187 (stmt -> raise_stmt .)
    TOKEN_KW_WHILE  reduce using rule 187 (stmt -> raise_stmt .)
    TOKEN_KW_DO     reduce using rule 187 (stmt -> raise_stmt .)
    TOKEN_KW_FOR    reduce using rule 187 (stmt -> raise_stmt .)
    TOKEN_KW_SWITCH reduce using rule 187 (stmt -> raise_stmt .)
    TOKEN_KW_RETURN reduce using rule 187 (stmt -> raise_stmt .)
    TOKEN_KW_BREAK  reduce using rule 187 (stmt -> raise_stmt .)
    TOKEN_KW_CONTINUE reduce using rule 187 (stmt -> raise_stmt .)
    TOKEN_KW_MATCH  reduce using rule 187 (stmt -> raise_stmt .)
    TOKEN_KW_DEFER  reduce using rule 187 (stmt -> raise_stmt .)
    TOKEN_GT        reduce using rule 187 (stmt -> raise_stmt .)
    TOKEN_KW_MODULE reduce using rule 187 (stmt -> raise_stmt .)
    TOKEN_KW_TRY    reduce using rule 187 (stmt -> raise_stmt .)
    TOKEN_KW_CATCH  reduce using rule 187 (stmt -> raise_stmt .)
    TOKEN_KW_RAISE  reduce using rule 187 (stmt -> raise_stmt .)
    TOKEN_KW_SPAWN  reduce using rule 187 (stmt -> raise_stmt .)
    TOKEN_KW_SELECT reduce using rule 187 (stmt -> raise_stmt .)
    TOKEN_KW_LOCK   reduce using rule 187 (stmt -> raise_stmt .)
    TOKEN_LBRACE    reduce using rule 187 (stmt -> raise_stmt .)
    TOKEN_KW_CAST   reduce using rule 187 (stmt -> raise_stmt .)
    TOKEN_KW_CHAN   reduce using rule 187 (stmt -> raise_stmt .)
    TOKEN_KW_MUTEX  reduce using rule 187 (stmt -> raise_stmt .)
    TOKEN_PLUS      reduce using rule 187 (stmt -> raise_stmt .)
    TOKEN_MINUS     reduce using rule 187 (stmt -> raise_stmt .)
    TOKEN_NOT       reduce using rule 187 (stmt -> raise_stmt .)
    TOKEN_BIT_NOT   reduce using rule 187 (stmt -> raise_stmt .)
    TOKEN_AMPERSAND reduce using rule 187 (stmt -> raise_stmt .)
    TOKEN_STAR      reduce using rule 187 (stmt -> raise_stmt .)
    TOKEN_KW_AWAIT  reduce using rule 187 (stmt -> raise_stmt .)
    TOKEN_KW_CONST  reduce using rule 187 (stmt -> raise_stmt .)
    TOKEN_KW_MUT    reduce using rule 187 (stmt -> raise_stmt .)
    TOKEN_KW_STATIC reduce using rule 187 (stmt -> raise_stmt .)
    TOKEN_KW_VOLATILE reduce using rule 187 (stmt -> raise_stmt .)
    TOKEN_KW_ATOMIC reduce using rule 187 (stmt -> raise_stmt .)
    TOKEN_KW_SHARED reduce using rule 187 (stmt -> raise_stmt .)
    TOKEN_KW_PRIVATE reduce using rule 187 (stmt -> raise_stmt .)
    TOKEN_KW_PUBLIC reduce using rule 187 (stmt -> raise_stmt .)
    TOKEN_IDENTIFIER reduce using rule 187 (stmt -> raise_stmt .)
    TOKEN_LPAREN    reduce using rule 187 (stmt -> raise_stmt .)
    TOKEN_KW_NULL   reduce using rule 187 (stmt -> raise_stmt .)
    TOKEN_INT_LITERAL reduce using rule 187 (stmt -> raise_stmt .)
    TOKEN_FLOAT_LITERAL reduce using rule 187 (stmt -> raise_stmt .)
    TOKEN_CHAR_LITERAL reduce using rule 187 (stmt -> raise_stmt .)
    TOKEN_STRING_LITERAL reduce using rule 187 (stmt -> raise_stmt .)
    TOKEN_BOOL_LITERAL reduce using rule 187 (stmt -> raise_stmt .)


state 266

    (188) stmt -> spawn_stmt .

    TOKEN_RBRACE    reduce using rule 188 (stmt -> spawn_stmt .)
    TOKEN_KW_IF     reduce using rule 188 (stmt -> spawn_stmt .)
    TOKEN_KW_WHILE  reduce using rule 188 (stmt -> spawn_stmt .)
    TOKEN_KW_DO     reduce using rule 188 (stmt -> spawn_stmt .)
    TOKEN_KW_FOR    reduce using rule 188 (stmt -> spawn_stmt .)
    TOKEN_KW_SWITCH reduce using rule 188 (stmt -> spawn_stmt .)
    TOKEN_KW_RETURN reduce using rule 188 (stmt -> spawn_stmt .)
    TOKEN_KW_BREAK  reduce using rule 188 (stmt -> spawn_stmt .)
    TOKEN_KW_CONTINUE reduce using rule 188 (stmt -> spawn_stmt .)
    TOKEN_KW_MATCH  reduce using rule 188 (stmt -> spawn_stmt .)
    TOKEN_KW_DEFER  reduce using rule 188 (stmt -> spawn_stmt .)
    TOKEN_GT        reduce using rule 188 (stmt -> spawn_stmt .)
    TOKEN_KW_MODULE reduce using rule 188 (stmt -> spawn_stmt .)
    TOKEN_KW_TRY    reduce using rule 188 (stmt -> spawn_stmt .)
    TOKEN_KW_CATCH  reduce using rule 188 (stmt -> spawn_stmt .)
    TOKEN_KW_RAISE  reduce using rule 188 (stmt -> spawn_stmt .)
    TOKEN_KW_SPAWN  reduce using rule 188 (stmt -> spawn_stmt .)
    TOKEN_KW_SELECT reduce using rule 188 (stmt -> spawn_stmt .)
    TOKEN_KW_LOCK   reduce using rule 188 (stmt -> spawn_stmt .)
    TOKEN_LBRACE    reduce using rule 188 (stmt -> spawn_stmt .)
    TOKEN_KW_CAST   reduce using rule 188 (stmt -> spawn_stmt .)
    TOKEN_KW_CHAN   reduce using rule 188 (stmt -> spawn_stmt .)
    TOKEN_KW_MUTEX  reduce using rule 188 (stmt -> spawn_stmt .)
    TOKEN_PLUS      reduce using rule 188 (stmt -> spawn_stmt .)
    TOKEN_MINUS     reduce using rule 188 (stmt -> spawn_stmt .)
    TOKEN_NOT       reduce using rule 188 (stmt -> spawn_stmt .)
    TOKEN_BIT_NOT   reduce using rule 188 (stmt -> spawn_stmt .)
    TOKEN_AMPERSAND reduce using rule 188 (stmt -> spawn_stmt .)
    TOKEN_STAR      reduce using rule 188 (stmt -> spawn_stmt .)
    TOKEN_KW_AWAIT  reduce using rule 188 (stmt -> spawn_stmt .)
    TOKEN_KW_CONST  reduce using rule 188 (stmt -> spawn_stmt .)
    TOKEN_KW_MUT    reduce using rule 188 (stmt -> spawn_stmt .)
    TOKEN_KW_STATIC reduce using rule 188 (stmt -> spawn_stmt .)
    TOKEN_KW_VOLATILE reduce using rule 188 (stmt -> spawn_stmt .)
    TOKEN_KW_ATOMIC reduce using rule 188 (stmt -> spawn_stmt .)
    TOKEN_KW_SHARED reduce using rule 188 (stmt -> spawn_stmt .)
    TOKEN_KW_PRIVATE reduce using rule 188 (stmt -> spawn_stmt .)
    TOKEN_KW_PUBLIC reduce using rule 188 (stmt -> spawn_stmt .)
    TOKEN_IDENTIFIER reduce using rule 188 (stmt -> spawn_stmt .)
    TOKEN_LPAREN    reduce using rule 188 (stmt -> spawn_stmt .)
    TOKEN_KW_NULL   reduce using rule 188 (stmt -> spawn_stmt .)
    TOKEN_INT_LITERAL reduce using rule 188 (stmt -> spawn_stmt .)
    TOKEN_FLOAT_LITERAL reduce using rule 188 (stmt -> spawn_stmt .)
    TOKEN_CHAR_LITERAL reduce using rule 188 (stmt -> spawn_stmt .)
    TOKEN_STRING_LITERAL reduce using rule 188 (stmt -> spawn_stmt .)
    TOKEN_BOOL_LITERAL reduce using rule 188 (stmt -> spawn_stmt .)


state 267

    (189) stmt -> select_stmt .

    TOKEN_RBRACE    reduce using rule 189 (stmt -> select_stmt .)
    TOKEN_KW_IF     reduce using rule 189 (stmt -> select_stmt .)
    TOKEN_KW_WHILE  reduce using rule 189 (stmt -> select_stmt .)
    TOKEN_KW_DO     reduce using rule 189 (stmt -> select_stmt .)
    TOKEN_KW_FOR    reduce using rule 189 (stmt -> select_stmt .)
    TOKEN_KW_SWITCH reduce using rule 189 (stmt -> select_stmt .)
    TOKEN_KW_RETURN reduce using rule 189 (stmt -> select_stmt .)
    TOKEN_KW_BREAK  reduce using rule 189 (stmt -> select_stmt .)
    TOKEN_KW_CONTINUE reduce using rule 189 (stmt -> select_stmt .)
    TOKEN_KW_MATCH  reduce using rule 189 (stmt -> select_stmt .)
    TOKEN_KW_DEFER  reduce using rule 189 (stmt -> select_stmt .)
    TOKEN_GT        reduce using rule 189 (stmt -> select_stmt .)
    TOKEN_KW_MODULE reduce using rule 189 (stmt -> select_stmt .)
    TOKEN_KW_TRY    reduce using rule 189 (stmt -> select_stmt .)
    TOKEN_KW_CATCH  reduce using rule 189 (stmt -> select_stmt .)
    TOKEN_KW_RAISE  reduce using rule 189 (stmt -> select_stmt .)
    TOKEN_KW_SPAWN  reduce using rule 189 (stmt -> select_stmt .)
    TOKEN_KW_SELECT reduce using rule 189 (stmt -> select_stmt .)
    TOKEN_KW_LOCK   reduce using rule 189 (stmt -> select_stmt .)
    TOKEN_LBRACE    reduce using rule 189 (stmt -> select_stmt .)
    TOKEN_KW_CAST   reduce using rule 189 (stmt -> select_stmt .)
    TOKEN_KW_CHAN   reduce using rule 189 (stmt -> select_stmt .)
    TOKEN_KW_MUTEX  reduce using rule 189 (stmt -> select_stmt .)
    TOKEN_PLUS      reduce using rule 189 (stmt -> select_stmt .)
    TOKEN_MINUS     reduce using rule 189 (stmt -> select_stmt .)
    TOKEN_NOT       reduce using rule 189 (stmt -> select_stmt .)
    TOKEN_BIT_NOT   reduce using rule 189 (stmt -> select_stmt .)
    TOKEN_AMPERSAND reduce using rule 189 (stmt -> select_stmt .)
    TOKEN_STAR      reduce using rule 189 (stmt -> select_stmt .)
    TOKEN_KW_AWAIT  reduce using rule 189 (stmt -> select_stmt .)
    TOKEN_KW_CONST  reduce using rule 189 (stmt -> select_stmt .)
    TOKEN_KW_MUT    reduce using rule 189 (stmt -> select_stmt .)
    TOKEN_KW_STATIC reduce using rule 189 (stmt -> select_stmt .)
    TOKEN_KW_VOLATILE reduce using rule 189 (stmt -> select_stmt .)
    TOKEN_KW_ATOMIC reduce using rule 189 (stmt -> select_stmt .)
    TOKEN_KW_SHARED reduce using rule 189 (stmt -> select_stmt .)
    TOKEN_KW_PRIVATE reduce using rule 189 (stmt -> select_stmt .)
    TOKEN_KW_PUBLIC reduce using rule 189 (stmt -> select_stmt .)
    TOKEN_IDENTIFIER reduce using rule 189 (stmt -> select_stmt .)
    TOKEN_LPAREN    reduce using rule 189 (stmt -> select_stmt .)
    TOKEN_KW_NULL   reduce using rule 189 (stmt -> select_stmt .)
    TOKEN_INT_LITERAL reduce using rule 189 (stmt -> select_stmt .)
    TOKEN_FLOAT_LITERAL reduce using rule 189 (stmt -> select_stmt .)
    TOKEN_CHAR_LITERAL reduce using rule 189 (stmt -> select_stmt .)
    TOKEN_STRING_LITERAL reduce using rule 189 (stmt -> select_stmt .)
    TOKEN_BOOL_LITERAL reduce using rule 189 (stmt -> select_stmt .)


state 268

    (190) stmt -> lock_stmt .

    TOKEN_RBRACE    reduce using rule 190 (stmt -> lock_stmt .)
    TOKEN_KW_IF     reduce using rule 190 (stmt -> lock_stmt .)
    TOKEN_KW_WHILE  reduce using rule 190 (stmt -> lock_stmt .)
    TOKEN_KW_DO     reduce using rule 190 (stmt -> lock_stmt .)
    TOKEN_KW_FOR    reduce using rule 190 (stmt -> lock_stmt .)
    TOKEN_KW_SWITCH reduce using rule 190 (stmt -> lock_stmt .)
    TOKEN_KW_RETURN reduce using rule 190 (stmt -> lock_stmt .)
    TOKEN_KW_BREAK  reduce using rule 190 (stmt -> lock_stmt .)
    TOKEN_KW_CONTINUE reduce using rule 190 (stmt -> lock_stmt .)
    TOKEN_KW_MATCH  reduce using rule 190 (stmt -> lock_stmt .)
    TOKEN_KW_DEFER  reduce using rule 190 (stmt -> lock_stmt .)
    TOKEN_GT        reduce using rule 190 (stmt -> lock_stmt .)
    TOKEN_KW_MODULE reduce using rule 190 (stmt -> lock_stmt .)
    TOKEN_KW_TRY    reduce using rule 190 (stmt -> lock_stmt .)
    TOKEN_KW_CATCH  reduce using rule 190 (stmt -> lock_stmt .)
    TOKEN_KW_RAISE  reduce using rule 190 (stmt -> lock_stmt .)
    TOKEN_KW_SPAWN  reduce using rule 190 (stmt -> lock_stmt .)
    TOKEN_KW_SELECT reduce using rule 190 (stmt -> lock_stmt .)
    TOKEN_KW_LOCK   reduce using rule 190 (stmt -> lock_stmt .)
    TOKEN_LBRACE    reduce using rule 190 (stmt -> lock_stmt .)
    TOKEN_KW_CAST   reduce using rule 190 (stmt -> lock_stmt .)
    TOKEN_KW_CHAN   reduce using rule 190 (stmt -> lock_stmt .)
    TOKEN_KW_MUTEX  reduce using rule 190 (stmt -> lock_stmt .)
    TOKEN_PLUS      reduce using rule 190 (stmt -> lock_stmt .)
    TOKEN_MINUS     reduce using rule 190 (stmt -> lock_stmt .)
    TOKEN_NOT       reduce using rule 190 (stmt -> lock_stmt .)
    TOKEN_BIT_NOT   reduce using rule 190 (stmt -> lock_stmt .)
    TOKEN_AMPERSAND reduce using rule 190 (stmt -> lock_stmt .)
    TOKEN_STAR      reduce using rule 190 (stmt -> lock_stmt .)
    TOKEN_KW_AWAIT  reduce using rule 190 (stmt -> lock_stmt .)
    TOKEN_KW_CONST  reduce using rule 190 (stmt -> lock_stmt .)
    TOKEN_KW_MUT    reduce using rule 190 (stmt -> lock_stmt .)
    TOKEN_KW_STATIC reduce using rule 190 (stmt -> lock_stmt .)
    TOKEN_KW_VOLATILE reduce using rule 190 (stmt -> lock_stmt .)
    TOKEN_KW_ATOMIC reduce using rule 190 (stmt -> lock_stmt .)
    TOKEN_KW_SHARED reduce using rule 190 (stmt -> lock_stmt .)
    TOKEN_KW_PRIVATE reduce using rule 190 (stmt -> lock_stmt .)
    TOKEN_KW_PUBLIC reduce using rule 190 (stmt -> lock_stmt .)
    TOKEN_IDENTIFIER reduce using rule 190 (stmt -> lock_stmt .)
    TOKEN_LPAREN    reduce using rule 190 (stmt -> lock_stmt .)
    TOKEN_KW_NULL   reduce using rule 190 (stmt -> lock_stmt .)
    TOKEN_INT_LITERAL reduce using rule 190 (stmt -> lock_stmt .)
    TOKEN_FLOAT_LITERAL reduce using rule 190 (stmt -> lock_stmt .)
    TOKEN_CHAR_LITERAL reduce using rule 190 (stmt -> lock_stmt .)
    TOKEN_STRING_LITERAL reduce using rule 190 (stmt -> lock_stmt .)
    TOKEN_BOOL_LITERAL reduce using rule 190 (stmt -> lock_stmt .)


state 269

    (191) stmt -> block .

    TOKEN_RBRACE    reduce using rule 191 (stmt -> block .)
    TOKEN_KW_IF     reduce using rule 191 (stmt -> block .)
    TOKEN_KW_WHILE  reduce using rule 191 (stmt -> block .)
    TOKEN_KW_DO     reduce using rule 191 (stmt -> block .)
    TOKEN_KW_FOR    reduce using rule 191 (stmt -> block .)
    TOKEN_KW_SWITCH reduce using rule 191 (stmt -> block .)
    TOKEN_KW_RETURN reduce using rule 191 (stmt -> block .)
    TOKEN_KW_BREAK  reduce using rule 191 (stmt -> block .)
    TOKEN_KW_CONTINUE reduce using rule 191 (stmt -> block .)
    TOKEN_KW_MATCH  reduce using rule 191 (stmt -> block .)
    TOKEN_KW_DEFER  reduce using rule 191 (stmt -> block .)
    TOKEN_GT        reduce using rule 191 (stmt -> block .)
    TOKEN_KW_MODULE reduce using rule 191 (stmt -> block .)
    TOKEN_KW_TRY    reduce using rule 191 (stmt -> block .)
    TOKEN_KW_CATCH  reduce using rule 191 (stmt -> block .)
    TOKEN_KW_RAISE  reduce using rule 191 (stmt -> block .)
    TOKEN_KW_SPAWN  reduce using rule 191 (stmt -> block .)
    TOKEN_KW_SELECT reduce using rule 191 (stmt -> block .)
    TOKEN_KW_LOCK   reduce using rule 191 (stmt -> block .)
    TOKEN_LBRACE    reduce using rule 191 (stmt -> block .)
    TOKEN_KW_CAST   reduce using rule 191 (stmt -> block .)
    TOKEN_KW_CHAN   reduce using rule 191 (stmt -> block .)
    TOKEN_KW_MUTEX  reduce using rule 191 (stmt -> block .)
    TOKEN_PLUS      reduce using rule 191 (stmt -> block .)
    TOKEN_MINUS     reduce using rule 191 (stmt -> block .)
    TOKEN_NOT       reduce using rule 191 (stmt -> block .)
    TOKEN_BIT_NOT   reduce using rule 191 (stmt -> block .)
    TOKEN_AMPERSAND reduce using rule 191 (stmt -> block .)
    TOKEN_STAR      reduce using rule 191 (stmt -> block .)
    TOKEN_KW_AWAIT  reduce using rule 191 (stmt -> block .)
    TOKEN_KW_CONST  reduce using rule 191 (stmt -> block .)
    TOKEN_KW_MUT    reduce using rule 191 (stmt -> block .)
    TOKEN_KW_STATIC reduce using rule 191 (stmt -> block .)
    TOKEN_KW_VOLATILE reduce using rule 191 (stmt -> block .)
    TOKEN_KW_ATOMIC reduce using rule 191 (stmt -> block .)
    TOKEN_KW_SHARED reduce using rule 191 (stmt -> block .)
    TOKEN_KW_PRIVATE reduce using rule 191 (stmt -> block .)
    TOKEN_KW_PUBLIC reduce using rule 191 (stmt -> block .)
    TOKEN_IDENTIFIER reduce using rule 191 (stmt -> block .)
    TOKEN_LPAREN    reduce using rule 191 (stmt -> block .)
    TOKEN_KW_NULL   reduce using rule 191 (stmt -> block .)
    TOKEN_INT_LITERAL reduce using rule 191 (stmt -> block .)
    TOKEN_FLOAT_LITERAL reduce using rule 191 (stmt -> block .)
    TOKEN_CHAR_LITERAL reduce using rule 191 (stmt -> block .)
    TOKEN_STRING_LITERAL reduce using rule 191 (stmt -> block .)
    TOKEN_BOOL_LITERAL reduce using rule 191 (stmt -> block .)


state 270

    (2) expr_stmt -> expr . TOKEN_SEMICOLON

    TOKEN_SEMICOLON shift and go to state 294


state 271

    (87) if_stmt -> TOKEN_KW_IF . TOKEN_LPAREN expr TOKEN_RPAREN block else

    TOKEN_LPAREN    shift and go to state 295


state 272

    (93) while_stmt -> TOKEN_KW_WHILE . TOKEN_LPAREN expr TOKEN_RPAREN stmt

    TOKEN_LPAREN    shift and go to state 296


state 273

    (94) do_stmt -> TOKEN_KW_DO . block TOKEN_KW_WHILE TOKEN_LPAREN expr TOKEN_RPAREN TOKEN_SEMICOLON
    (68) block -> . TOKEN_LBRACE stmt_list TOKEN_RBRACE
    (70) block -> . TOKEN_LBRACE TOKEN_RBRACE

    TOKEN_LBRACE    shift and go to state 246

    block                          shift and go to state 297

state 274

    (95) for_stmt -> TOKEN_KW_FOR . TOKEN_LPAREN for_init TOKEN_RPAREN stmt

    TOKEN_LPAREN    shift and go to state 298


state 275

    (97) switch_stmt -> TOKEN_KW_SWITCH . TOKEN_LPAREN expr TOKEN_RPAREN case_block

    TOKEN_LPAREN    shift and go to state 299


state 276

    (105) return_stmt -> TOKEN_KW_RETURN . expr TOKEN_SEMICOLON
    (106) return_stmt -> TOKEN_KW_RETURN . TOKEN_SEMICOLON
    (113) expr -> . assignment
    (159) expr -> . TOKEN_KW_CAST type TOKEN_ARROW expr
    (3) assignment -> . unary TOKEN_LSHIFT_ASSIGN assignment
    (14) assignment -> . unary TOKEN_RSHIFT_ASSIGN assignment
    (131) assignment -> . ternary
    (142) assignment -> . unary TOKEN_ASSIGN assignment
    (153) assignment -> . unary TOKEN_PLUS_EQ assignment
    (164) assignment -> . unary TOKEN_MINUS_EQ assignment
    (175) assignment -> . unary TOKEN_STAR_EQ assignment
    (186) assignment -> . unary TOKEN_SLASH_EQ assignment
    (197) assignment -> . unary TOKEN_MOD_EQ assignment
    (143) unary -> . TOKEN_PLUS unary
    (144) unary -> . TOKEN_MINUS unary
    (145) unary -> . TOKEN_NOT unary
    (146) unary -> . TOKEN_BIT_NOT unary
    (147) unary -> . TOKEN_AMPERSAND unary
    (148) unary -> . TOKEN_STAR unary
    (149) unary -> . TOKEN_KW_AWAIT unary
    (150) unary -> . postfix
    (25) ternary -> . logical_or
    (36) ternary -> . logical_or TOKEN_QUESTION expr TOKEN_COLON ternary
    (151) postfix -> . primary
    (152) postfix -> . postfix TOKEN_LPAREN arg_list TOKEN_RPAREN
    (154) postfix -> . postfix TOKEN_LBRACKET expr TOKEN_RBRACKET
    (155) postfix -> . postfix TOKEN_DOT TOKEN_IDENTIFIER
    (156) postfix -> . postfix TOKEN_SCOPE_RES TOKEN_IDENTIFIER
    (157) postfix -> . postfix TOKEN_ARROW TOKEN_IDENTIFIER
    (158) postfix -> . postfix TOKEN_LEFT_ARROW TOKEN_IDENTIFIER
    (47) logical_or -> . logical_and
    (58) logical_or -> . logical_or TOKEN_OR logical_and
    (160) primary -> . TOKEN_IDENTIFIER
    (161) primary -> . factor
    (162) primary -> . TOKEN_LPAREN expr TOKEN_RPAREN
    (163) primary -> . TOKEN_KW_NULL
    (69) logical_and -> . bit_or
    (80) logical_and -> . logical_and TOKEN_AND bit_or
    (54) factor -> . TOKEN_INT_LITERAL
    (55) factor -> . TOKEN_FLOAT_LITERAL
    (56) factor -> . TOKEN_CHAR_LITERAL
    (57) factor -> . TOKEN_STRING_LITERAL
    (59) factor -> . TOKEN_BOOL_LITERAL
    (91) bit_or -> . xor
    (102) bit_or -> . bit_or TOKEN_BIT_OR xor
    (114) xor -> . bit_and
    (122) xor -> . xor TOKEN_XOR bit_and
    (123) bit_and -> . equality
    (124) bit_and -> . bit_and TOKEN_AMPERSAND equality
    (125) bit_and -> . bit_and TOKEN_NAND equality
    (126) equality -> . relational
    (127) equality -> . equality TOKEN_EQ relational
    (128) equality -> . equality TOKEN_NEQ relational
    (129) relational -> . additive
    (130) relational -> . relational TOKEN_LT additive
    (132) relational -> . relational TOKEN_GT additive
    (133) relational -> . relational TOKEN_LE additive
    (134) relational -> . relational TOKEN_GE additive
    (135) additive -> . multiplicative
    (136) additive -> . additive TOKEN_PLUS multiplicative
    (137) additive -> . additive TOKEN_MINUS multiplicative
    (138) multiplicative -> . unary
    (139) multiplicative -> . multiplicative TOKEN_STAR unary
    (140) multiplicative -> . multiplicative TOKEN_SLASH unary
    (141) multiplicative -> . multiplicative TOKEN_MOD unary

    TOKEN_SEMICOLON shift and go to state 301
    TOKEN_KW_CAST   shift and go to state 75
    TOKEN_PLUS      shift and go to state 78
    TOKEN_MINUS     shift and go to state 79
    TOKEN_NOT       shift and go to state 80
    TOKEN_BIT_NOT   shift and go to state 81
    TOKEN_AMPERSAND shift and go to state 82
    TOKEN_STAR      shift and go to state 83
    TOKEN_KW_AWAIT  shift and go to state 84
    TOKEN_IDENTIFIER shift and go to state 72
    TOKEN_LPAREN    shift and go to state 88
    TOKEN_KW_NULL   shift and go to state 91
    TOKEN_INT_LITERAL shift and go to state 93
    TOKEN_FLOAT_LITERAL shift and go to state 94
    TOKEN_CHAR_LITERAL shift and go to state 95
    TOKEN_STRING_LITERAL shift and go to state 96
    TOKEN_BOOL_LITERAL shift and go to state 97

    expr                           shift and go to state 300
    assignment                     shift and go to state 74
    unary                          shift and go to state 76
    ternary                        shift and go to state 77
    postfix                        shift and go to state 85
    logical_or                     shift and go to state 86
    primary                        shift and go to state 87
    logical_and                    shift and go to state 89
    factor                         shift and go to state 90
    bit_or                         shift and go to state 92
    xor                            shift and go to state 98
    bit_and                        shift and go to state 99
    equality                       shift and go to state 100
    relational                     shift and go to state 101
    additive                       shift and go to state 102
    multiplicative                 shift and go to state 103

state 277

    (101) break_stmt -> TOKEN_KW_BREAK . TOKEN_SEMICOLON

    TOKEN_SEMICOLON shift and go to state 302


state 278

    (100) continue_stmt -> TOKEN_KW_CONTINUE . TOKEN_SEMICOLON

    TOKEN_SEMICOLON shift and go to state 303


state 279

    (107) match_stmt -> TOKEN_KW_MATCH . TOKEN_LPAREN expr TOKEN_RPAREN TOKEN_COLON match_block

    TOKEN_LPAREN    shift and go to state 304


state 280

    (109) defer_stmt -> TOKEN_KW_DEFER . TOKEN_LPAREN expr TOKEN_RPAREN TOKEN_SEMICOLON

    TOKEN_LPAREN    shift and go to state 305


state 281

    (110) import_stmt -> TOKEN_GT . TOKEN_KW_IMPORT TOKEN_IDENTIFIER

    TOKEN_KW_IMPORT shift and go to state 306


state 282

    (111) module_stmt -> TOKEN_KW_MODULE . module_list TOKEN_SEMICOLON
    (112) module_list -> . module_list TOKEN_SCOPE_RES TOKEN_IDENTIFIER
    (115) module_list -> . TOKEN_IDENTIFIER

    TOKEN_IDENTIFIER shift and go to state 308

    module_list                    shift and go to state 307

state 283

    (116) try_stmt -> TOKEN_KW_TRY . TOKEN_COLON TOKEN_LBRACE stmt_list TOKEN_RBRACE catch_stmt

    TOKEN_COLON     shift and go to state 309


state 284

    (117) catch_stmt -> TOKEN_KW_CATCH . TOKEN_LPAREN TOKEN_IDENTIFIER TOKEN_RPAREN TOKEN_COLON TOKEN_LBRACE stmt_list TOKEN_RBRACE

    TOKEN_LPAREN    shift and go to state 310


state 285

    (118) raise_stmt -> TOKEN_KW_RAISE . expr TOKEN_SEMICOLON
    (113) expr -> . assignment
    (159) expr -> . TOKEN_KW_CAST type TOKEN_ARROW expr
    (3) assignment -> . unary TOKEN_LSHIFT_ASSIGN assignment
    (14) assignment -> . unary TOKEN_RSHIFT_ASSIGN assignment
    (131) assignment -> . ternary
    (142) assignment -> . unary TOKEN_ASSIGN assignment
    (153) assignment -> . unary TOKEN_PLUS_EQ assignment
    (164) assignment -> . unary TOKEN_MINUS_EQ assignment
    (175) assignment -> . unary TOKEN_STAR_EQ assignment
    (186) assignment -> . unary TOKEN_SLASH_EQ assignment
    (197) assignment -> . unary TOKEN_MOD_EQ assignment
    (143) unary -> . TOKEN_PLUS unary
    (144) unary -> . TOKEN_MINUS unary
    (145) unary -> . TOKEN_NOT unary
    (146) unary -> . TOKEN_BIT_NOT unary
    (147) unary -> . TOKEN_AMPERSAND unary
    (148) unary -> . TOKEN_STAR unary
    (149) unary -> . TOKEN_KW_AWAIT unary
    (150) unary -> . postfix
    (25) ternary -> . logical_or
    (36) ternary -> . logical_or TOKEN_QUESTION expr TOKEN_COLON ternary
    (151) postfix -> . primary
    (152) postfix -> . postfix TOKEN_LPAREN arg_list TOKEN_RPAREN
    (154) postfix -> . postfix TOKEN_LBRACKET expr TOKEN_RBRACKET
    (155) postfix -> . postfix TOKEN_DOT TOKEN_IDENTIFIER
    (156) postfix -> . postfix TOKEN_SCOPE_RES TOKEN_IDENTIFIER
    (157) postfix -> . postfix TOKEN_ARROW TOKEN_IDENTIFIER
    (158) postfix -> . postfix TOKEN_LEFT_ARROW TOKEN_IDENTIFIER
    (47) logical_or -> . logical_and
    (58) logical_or -> . logical_or TOKEN_OR logical_and
    (160) primary -> . TOKEN_IDENTIFIER
    (161) primary -> . factor
    (162) primary -> . TOKEN_LPAREN expr TOKEN_RPAREN
    (163) primary -> . TOKEN_KW_NULL
    (69) logical_and -> . bit_or
    (80) logical_and -> . logical_and TOKEN_AND bit_or
    (54) factor -> . TOKEN_INT_LITERAL
    (55) factor -> . TOKEN_FLOAT_LITERAL
    (56) factor -> . TOKEN_CHAR_LITERAL
    (57) factor -> . TOKEN_STRING_LITERAL
    (59) factor -> . TOKEN_BOOL_LITERAL
    (91) bit_or -> . xor
    (102) bit_or -> . bit_or TOKEN_BIT_OR xor
    (114) xor -> . bit_and
    (122) xor -> . xor TOKEN_XOR bit_and
    (123) bit_and -> . equality
    (124) bit_and -> . bit_and TOKEN_AMPERSAND equality
    (125) bit_and -> . bit_and TOKEN_NAND equality
    (126) equality -> . relational
    (127) equality -> . equality TOKEN_EQ relational
    (128) equality -> . equality TOKEN_NEQ relational
    (129) relational -> . additive
    (130) relational -> . relational TOKEN_LT additive
    (132) relational -> . relational TOKEN_GT additive
    (133) relational -> . relational TOKEN_LE additive
    (134) relational -> . relational TOKEN_GE additive
    (135) additive -> . multiplicative
    (136) additive -> . additive TOKEN_PLUS multiplicative
    (137) additive -> . additive TOKEN_MINUS multiplicative
    (138) multiplicative -> . unary
    (139) multiplicative -> . multiplicative TOKEN_STAR unary
    (140) multiplicative -> . multiplicative TOKEN_SLASH unary
    (141) multiplicative -> . multiplicative TOKEN_MOD unary

    TOKEN_KW_CAST   shift and go to state 75
    TOKEN_PLUS      shift and go to state 78
    TOKEN_MINUS     shift and go to state 79
    TOKEN_NOT       shift and go to state 80
    TOKEN_BIT_NOT   shift and go to state 81
    TOKEN_AMPERSAND shift and go to state 82
    TOKEN_STAR      shift and go to state 83
    TOKEN_KW_AWAIT  shift and go to state 84
    TOKEN_IDENTIFIER shift and go to state 72
    TOKEN_LPAREN    shift and go to state 88
    TOKEN_KW_NULL   shift and go to state 91
    TOKEN_INT_LITERAL shift and go to state 93
    TOKEN_FLOAT_LITERAL shift and go to state 94
    TOKEN_CHAR_LITERAL shift and go to state 95
    TOKEN_STRING_LITERAL shift and go to state 96
    TOKEN_BOOL_LITERAL shift and go to state 97

    expr                           shift and go to state 311
    assignment                     shift and go to state 74
    unary                          shift and go to state 76
    ternary                        shift and go to state 77
    postfix                        shift and go to state 85
    logical_or                     shift and go to state 86
    primary                        shift and go to state 87
    logical_and                    shift and go to state 89
    factor                         shift and go to state 90
    bit_or                         shift and go to state 92
    xor                            shift and go to state 98
    bit_and                        shift and go to state 99
    equality                       shift and go to state 100
    relational                     shift and go to state 101
    additive                       shift and go to state 102
    multiplicative                 shift and go to state 103

state 286

    (119) spawn_stmt -> TOKEN_KW_SPAWN . expr TOKEN_SEMICOLON
    (113) expr -> . assignment
    (159) expr -> . TOKEN_KW_CAST type TOKEN_ARROW expr
    (3) assignment -> . unary TOKEN_LSHIFT_ASSIGN assignment
    (14) assignment -> . unary TOKEN_RSHIFT_ASSIGN assignment
    (131) assignment -> . ternary
    (142) assignment -> . unary TOKEN_ASSIGN assignment
    (153) assignment -> . unary TOKEN_PLUS_EQ assignment
    (164) assignment -> . unary TOKEN_MINUS_EQ assignment
    (175) assignment -> . unary TOKEN_STAR_EQ assignment
    (186) assignment -> . unary TOKEN_SLASH_EQ assignment
    (197) assignment -> . unary TOKEN_MOD_EQ assignment
    (143) unary -> . TOKEN_PLUS unary
    (144) unary -> . TOKEN_MINUS unary
    (145) unary -> . TOKEN_NOT unary
    (146) unary -> . TOKEN_BIT_NOT unary
    (147) unary -> . TOKEN_AMPERSAND unary
    (148) unary -> . TOKEN_STAR unary
    (149) unary -> . TOKEN_KW_AWAIT unary
    (150) unary -> . postfix
    (25) ternary -> . logical_or
    (36) ternary -> . logical_or TOKEN_QUESTION expr TOKEN_COLON ternary
    (151) postfix -> . primary
    (152) postfix -> . postfix TOKEN_LPAREN arg_list TOKEN_RPAREN
    (154) postfix -> . postfix TOKEN_LBRACKET expr TOKEN_RBRACKET
    (155) postfix -> . postfix TOKEN_DOT TOKEN_IDENTIFIER
    (156) postfix -> . postfix TOKEN_SCOPE_RES TOKEN_IDENTIFIER
    (157) postfix -> . postfix TOKEN_ARROW TOKEN_IDENTIFIER
    (158) postfix -> . postfix TOKEN_LEFT_ARROW TOKEN_IDENTIFIER
    (47) logical_or -> . logical_and
    (58) logical_or -> . logical_or TOKEN_OR logical_and
    (160) primary -> . TOKEN_IDENTIFIER
    (161) primary -> . factor
    (162) primary -> . TOKEN_LPAREN expr TOKEN_RPAREN
    (163) primary -> . TOKEN_KW_NULL
    (69) logical_and -> . bit_or
    (80) logical_and -> . logical_and TOKEN_AND bit_or
    (54) factor -> . TOKEN_INT_LITERAL
    (55) factor -> . TOKEN_FLOAT_LITERAL
    (56) factor -> . TOKEN_CHAR_LITERAL
    (57) factor -> . TOKEN_STRING_LITERAL
    (59) factor -> . TOKEN_BOOL_LITERAL
    (91) bit_or -> . xor
    (102) bit_or -> . bit_or TOKEN_BIT_OR xor
    (114) xor -> . bit_and
    (122) xor -> . xor TOKEN_XOR bit_and
    (123) bit_and -> . equality
    (124) bit_and -> . bit_and TOKEN_AMPERSAND equality
    (125) bit_and -> . bit_and TOKEN_NAND equality
    (126) equality -> . relational
    (127) equality -> . equality TOKEN_EQ relational
    (128) equality -> . equality TOKEN_NEQ relational
    (129) relational -> . additive
    (130) relational -> . relational TOKEN_LT additive
    (132) relational -> . relational TOKEN_GT additive
    (133) relational -> . relational TOKEN_LE additive
    (134) relational -> . relational TOKEN_GE additive
    (135) additive -> . multiplicative
    (136) additive -> . additive TOKEN_PLUS multiplicative
    (137) additive -> . additive TOKEN_MINUS multiplicative
    (138) multiplicative -> . unary
    (139) multiplicative -> . multiplicative TOKEN_STAR unary
    (140) multiplicative -> . multiplicative TOKEN_SLASH unary
    (141) multiplicative -> . multiplicative TOKEN_MOD unary

    TOKEN_KW_CAST   shift and go to state 75
    TOKEN_PLUS      shift and go to state 78
    TOKEN_MINUS     shift and go to state 79
    TOKEN_NOT       shift and go to state 80
    TOKEN_BIT_NOT   shift and go to state 81
    TOKEN_AMPERSAND shift and go to state 82
    TOKEN_STAR      shift and go to state 83
    TOKEN_KW_AWAIT  shift and go to state 84
    TOKEN_IDENTIFIER shift and go to state 72
    TOKEN_LPAREN    shift and go to state 88
    TOKEN_KW_NULL   shift and go to state 91
    TOKEN_INT_LITERAL shift and go to state 93
    TOKEN_FLOAT_LITERAL shift and go to state 94
    TOKEN_CHAR_LITERAL shift and go to state 95
    TOKEN_STRING_LITERAL shift and go to state 96
    TOKEN_BOOL_LITERAL shift and go to state 97

    expr                           shift and go to state 312
    assignment                     shift and go to state 74
    unary                          shift and go to state 76
    ternary                        shift and go to state 77
    postfix                        shift and go to state 85
    logical_or                     shift and go to state 86
    primary                        shift and go to state 87
    logical_and                    shift and go to state 89
    factor                         shift and go to state 90
    bit_or                         shift and go to state 92
    xor                            shift and go to state 98
    bit_and                        shift and go to state 99
    equality                       shift and go to state 100
    relational                     shift and go to state 101
    additive                       shift and go to state 102
    multiplicative                 shift and go to state 103

state 287

    (120) select_stmt -> TOKEN_KW_SELECT . case_block
    (71) case_block -> . TOKEN_LBRACE case_list default_stmt TOKEN_RBRACE
    (72) case_block -> . TOKEN_LBRACE case_list TOKEN_RBRACE

    TOKEN_LBRACE    shift and go to state 314

    case_block                     shift and go to state 313

state 288

    (121) lock_stmt -> TOKEN_KW_LOCK . TOKEN_LPAREN expr TOKEN_RPAREN block

    TOKEN_LPAREN    shift and go to state 315


state 289

    (18) func_decl -> TOKEN_KW_ASYNC TOKEN_KW_FUNCTION type TOKEN_IDENTIFIER TOKEN_LPAREN param_list TOKEN_RPAREN func_suffix .

    TOKEN_EOF       reduce using rule 18 (func_decl -> TOKEN_KW_ASYNC TOKEN_KW_FUNCTION type TOKEN_IDENTIFIER TOKEN_LPAREN param_list TOKEN_RPAREN func_suffix .)
    TOKEN_KW_FUNCTION reduce using rule 18 (func_decl -> TOKEN_KW_ASYNC TOKEN_KW_FUNCTION type TOKEN_IDENTIFIER TOKEN_LPAREN param_list TOKEN_RPAREN func_suffix .)
    TOKEN_KW_ASYNC  reduce using rule 18 (func_decl -> TOKEN_KW_ASYNC TOKEN_KW_FUNCTION type TOKEN_IDENTIFIER TOKEN_LPAREN param_list TOKEN_RPAREN func_suffix .)
    TOKEN_KW_STRUCT reduce using rule 18 (func_decl -> TOKEN_KW_ASYNC TOKEN_KW_FUNCTION type TOKEN_IDENTIFIER TOKEN_LPAREN param_list TOKEN_RPAREN func_suffix .)
    TOKEN_KW_TYPEALIAS reduce using rule 18 (func_decl -> TOKEN_KW_ASYNC TOKEN_KW_FUNCTION type TOKEN_IDENTIFIER TOKEN_LPAREN param_list TOKEN_RPAREN func_suffix .)
    TOKEN_KW_ENUM   reduce using rule 18 (func_decl -> TOKEN_KW_ASYNC TOKEN_KW_FUNCTION type TOKEN_IDENTIFIER TOKEN_LPAREN param_list TOKEN_RPAREN func_suffix .)
    TOKEN_KW_UNION  reduce using rule 18 (func_decl -> TOKEN_KW_ASYNC TOKEN_KW_FUNCTION type TOKEN_IDENTIFIER TOKEN_LPAREN param_list TOKEN_RPAREN func_suffix .)
    TOKEN_KW_CHAN   reduce using rule 18 (func_decl -> TOKEN_KW_ASYNC TOKEN_KW_FUNCTION type TOKEN_IDENTIFIER TOKEN_LPAREN param_list TOKEN_RPAREN func_suffix .)
    TOKEN_KW_MUTEX  reduce using rule 18 (func_decl -> TOKEN_KW_ASYNC TOKEN_KW_FUNCTION type TOKEN_IDENTIFIER TOKEN_LPAREN param_list TOKEN_RPAREN func_suffix .)
    TOKEN_KW_CONST  reduce using rule 18 (func_decl -> TOKEN_KW_ASYNC TOKEN_KW_FUNCTION type TOKEN_IDENTIFIER TOKEN_LPAREN param_list TOKEN_RPAREN func_suffix .)
    TOKEN_KW_MUT    reduce using rule 18 (func_decl -> TOKEN_KW_ASYNC TOKEN_KW_FUNCTION type TOKEN_IDENTIFIER TOKEN_LPAREN param_list TOKEN_RPAREN func_suffix .)
    TOKEN_KW_STATIC reduce using rule 18 (func_decl -> TOKEN_KW_ASYNC TOKEN_KW_FUNCTION type TOKEN_IDENTIFIER TOKEN_LPAREN param_list TOKEN_RPAREN func_suffix .)
    TOKEN_KW_VOLATILE reduce using rule 18 (func_decl -> TOKEN_KW_ASYNC TOKEN_KW_FUNCTION type TOKEN_IDENTIFIER TOKEN_LPAREN param_list TOKEN_RPAREN func_suffix .)
    TOKEN_KW_ATOMIC reduce using rule 18 (func_decl -> TOKEN_KW_ASYNC TOKEN_KW_FUNCTION type TOKEN_IDENTIFIER TOKEN_LPAREN param_list TOKEN_RPAREN func_suffix .)
    TOKEN_KW_SHARED reduce using rule 18 (func_decl -> TOKEN_KW_ASYNC TOKEN_KW_FUNCTION type TOKEN_IDENTIFIER TOKEN_LPAREN param_list TOKEN_RPAREN func_suffix .)
    TOKEN_KW_PRIVATE reduce using rule 18 (func_decl -> TOKEN_KW_ASYNC TOKEN_KW_FUNCTION type TOKEN_IDENTIFIER TOKEN_LPAREN param_list TOKEN_RPAREN func_suffix .)
    TOKEN_KW_PUBLIC reduce using rule 18 (func_decl -> TOKEN_KW_ASYNC TOKEN_KW_FUNCTION type TOKEN_IDENTIFIER TOKEN_LPAREN param_list TOKEN_RPAREN func_suffix .)


state 290

    (68) block -> TOKEN_LBRACE stmt_list . TOKEN_RBRACE
    (192) stmt_list -> stmt_list . stmt
    (169) stmt -> . var_decl
    (170) stmt -> . expr_stmt
    (171) stmt -> . if_stmt
    (172) stmt -> . while_stmt
    (173) stmt -> . do_stmt
    (174) stmt -> . for_stmt
    (176) stmt -> . switch_stmt
    (177) stmt -> . return_stmt
    (178) stmt -> . break_stmt
    (179) stmt -> . continue_stmt
    (180) stmt -> . match_stmt
    (181) stmt -> . defer_stmt
    (182) stmt -> . import_stmt
    (183) stmt -> . module_stmt
    (184) stmt -> . try_stmt
    (185) stmt -> . catch_stmt
    (187) stmt -> . raise_stmt
    (188) stmt -> . spawn_stmt
    (189) stmt -> . select_stmt
    (190) stmt -> . lock_stmt
    (191) stmt -> . block
    (12) var_decl -> . type TOKEN_IDENTIFIER TOKEN_ASSIGN expr TOKEN_SEMICOLON
    (13) var_decl -> . type TOKEN_IDENTIFIER TOKEN_SEMICOLON
    (15) var_decl -> . type TOKEN_IDENTIFIER array_struct TOKEN_ASSIGN array_init TOKEN_SEMICOLON
    (16) var_decl -> . type TOKEN_IDENTIFIER array_struct TOKEN_SEMICOLON
    (2) expr_stmt -> . expr TOKEN_SEMICOLON
    (87) if_stmt -> . TOKEN_KW_IF TOKEN_LPAREN expr TOKEN_RPAREN block else
    (93) while_stmt -> . TOKEN_KW_WHILE TOKEN_LPAREN expr TOKEN_RPAREN stmt
    (94) do_stmt -> . TOKEN_KW_DO block TOKEN_KW_WHILE TOKEN_LPAREN expr TOKEN_RPAREN TOKEN_SEMICOLON
    (95) for_stmt -> . TOKEN_KW_FOR TOKEN_LPAREN for_init TOKEN_RPAREN stmt
    (97) switch_stmt -> . TOKEN_KW_SWITCH TOKEN_LPAREN expr TOKEN_RPAREN case_block
    (105) return_stmt -> . TOKEN_KW_RETURN expr TOKEN_SEMICOLON
    (106) return_stmt -> . TOKEN_KW_RETURN TOKEN_SEMICOLON
    (101) break_stmt -> . TOKEN_KW_BREAK TOKEN_SEMICOLON
    (100) continue_stmt -> . TOKEN_KW_CONTINUE TOKEN_SEMICOLON
    (107) match_stmt -> . TOKEN_KW_MATCH TOKEN_LPAREN expr TOKEN_RPAREN TOKEN_COLON match_block
    (109) defer_stmt -> . TOKEN_KW_DEFER TOKEN_LPAREN expr TOKEN_RPAREN TOKEN_SEMICOLON
    (110) import_stmt -> . TOKEN_GT TOKEN_KW_IMPORT TOKEN_IDENTIFIER
    (111) module_stmt -> . TOKEN_KW_MODULE module_list TOKEN_SEMICOLON
    (116) try_stmt -> . TOKEN_KW_TRY TOKEN_COLON TOKEN_LBRACE stmt_list TOKEN_RBRACE catch_stmt
    (117) catch_stmt -> . TOKEN_KW_CATCH TOKEN_LPAREN TOKEN_IDENTIFIER TOKEN_RPAREN TOKEN_COLON TOKEN_LBRACE stmt_list TOKEN_RBRACE
    (118) raise_stmt -> . TOKEN_KW_RAISE expr TOKEN_SEMICOLON
    (119) spawn_stmt -> . TOKEN_KW_SPAWN expr TOKEN_SEMICOLON
    (120) select_stmt -> . TOKEN_KW_SELECT case_block
    (121) lock_stmt -> . TOKEN_KW_LOCK TOKEN_LPAREN expr TOKEN_RPAREN block
    (68) block -> . TOKEN_LBRACE stmt_list TOKEN_RBRACE
    (70) block -> . TOKEN_LBRACE TOKEN_RBRACE
    (31) type -> . channel_type
    (32) type -> . pointer_type
    (113) expr -> . assignment
    (159) expr -> . TOKEN_KW_CAST type TOKEN_ARROW expr
    (37) channel_type -> . TOKEN_KW_CHAN type
    (33) pointer_type -> . pointer_type TOKEN_STAR
    (34) pointer_type -> . pointer_type TOKEN_AMPERSAND
    (35) pointer_type -> . base_type
    (3) assignment -> . unary TOKEN_LSHIFT_ASSIGN assignment
    (14) assignment -> . unary TOKEN_RSHIFT_ASSIGN assignment
    (131) assignment -> . ternary
    (142) assignment -> . unary TOKEN_ASSIGN assignment
    (153) assignment -> . unary TOKEN_PLUS_EQ assignment
    (164) assignment -> . unary TOKEN_MINUS_EQ assignment
    (175) assignment -> . unary TOKEN_STAR_EQ assignment
    (186) assignment -> . unary TOKEN_SLASH_EQ assignment
    (197) assignment -> . unary TOKEN_MOD_EQ assignment
    (38) base_type -> . modifier_list TOKEN_KW_INT
    (39) base_type -> . modifier_list TOKEN_KW_SHORT
    (40) base_type -> . modifier_list TOKEN_KW_LONG
    (41) base_type -> . modifier_list TOKEN_KW_BYTE
    (42) base_type -> . modifier_list TOKEN_KW_FLOAT
    (43) base_type -> . modifier_list TOKEN_KW_DOUBLE
    (44) base_type -> . modifier_list TOKEN_KW_CHAR
    (45) base_type -> . modifier_list TOKEN_KW_STRING
    (46) base_type -> . modifier_list TOKEN_KW_BOOL
    (48) base_type -> . modifier_list TOKEN_KW_STRUCT
    (49) base_type -> . modifier_list TOKEN_KW_ENUM
    (50) base_type -> . modifier_list TOKEN_KW_UNION
    (51) base_type -> . modifier_list TOKEN_KW_VOID
    (52) base_type -> . TOKEN_KW_MUTEX
    (53) base_type -> . modifier_list TOKEN_IDENTIFIER
    (143) unary -> . TOKEN_PLUS unary
    (144) unary -> . TOKEN_MINUS unary
    (145) unary -> . TOKEN_NOT unary
    (146) unary -> . TOKEN_BIT_NOT unary
    (147) unary -> . TOKEN_AMPERSAND unary
    (148) unary -> . TOKEN_STAR unary
    (149) unary -> . TOKEN_KW_AWAIT unary
    (150) unary -> . postfix
    (25) ternary -> . logical_or
    (36) ternary -> . logical_or TOKEN_QUESTION expr TOKEN_COLON ternary
    (29) modifier_list -> . modifier_list modifier
    (30) modifier_list -> . modifier
    (151) postfix -> . primary
    (152) postfix -> . postfix TOKEN_LPAREN arg_list TOKEN_RPAREN
    (154) postfix -> . postfix TOKEN_LBRACKET expr TOKEN_RBRACKET
    (155) postfix -> . postfix TOKEN_DOT TOKEN_IDENTIFIER
    (156) postfix -> . postfix TOKEN_SCOPE_RES TOKEN_IDENTIFIER
    (157) postfix -> . postfix TOKEN_ARROW TOKEN_IDENTIFIER
    (158) postfix -> . postfix TOKEN_LEFT_ARROW TOKEN_IDENTIFIER
    (47) logical_or -> . logical_and
    (58) logical_or -> . logical_or TOKEN_OR logical_and
    (20) modifier -> . TOKEN_KW_CONST
    (21) modifier -> . TOKEN_KW_MUT
    (22) modifier -> . TOKEN_KW_STATIC
    (23) modifier -> . TOKEN_KW_VOLATILE
    (24) modifier -> . TOKEN_KW_ATOMIC
    (26) modifier -> . TOKEN_KW_SHARED
    (27) modifier -> . TOKEN_KW_PRIVATE
    (28) modifier -> . TOKEN_KW_PUBLIC
    (160) primary -> . TOKEN_IDENTIFIER
    (161) primary -> . factor
    (162) primary -> . TOKEN_LPAREN expr TOKEN_RPAREN
    (163) primary -> . TOKEN_KW_NULL
    (69) logical_and -> . bit_or
    (80) logical_and -> . logical_and TOKEN_AND bit_or
    (54) factor -> . TOKEN_INT_LITERAL
    (55) factor -> . TOKEN_FLOAT_LITERAL
    (56) factor -> . TOKEN_CHAR_LITERAL
    (57) factor -> . TOKEN_STRING_LITERAL
    (59) factor -> . TOKEN_BOOL_LITERAL
    (91) bit_or -> . xor
    (102) bit_or -> . bit_or TOKEN_BIT_OR xor
    (114) xor -> . bit_and
    (122) xor -> . xor TOKEN_XOR bit_and
    (123) bit_and -> . equality
    (124) bit_and -> . bit_and TOKEN_AMPERSAND equality
    (125) bit_and -> . bit_and TOKEN_NAND equality
    (126) equality -> . relational
    (127) equality -> . equality TOKEN_EQ relational
    (128) equality -> . equality TOKEN_NEQ relational
    (129) relational -> . additive
    (130) relational -> . relational TOKEN_LT additive
    (132) relational -> . relational TOKEN_GT additive
    (133) relational -> . relational TOKEN_LE additive
    (134) relational -> . relational TOKEN_GE additive
    (135) additive -> . multiplicative
    (136) additive -> . additive TOKEN_PLUS multiplicative
    (137) additive -> . additive TOKEN_MINUS multiplicative
    (138) multiplicative -> . unary
    (139) multiplicative -> . multiplicative TOKEN_STAR unary
    (140) multiplicative -> . multiplicative TOKEN_SLASH unary
    (141) multiplicative -> . multiplicative TOKEN_MOD unary

    TOKEN_RBRACE    shift and go to state 316
    TOKEN_KW_IF     shift and go to state 271
    TOKEN_KW_WHILE  shift and go to state 272
    TOKEN_KW_DO     shift and go to state 273
    TOKEN_KW_FOR    shift and go to state 274
    TOKEN_KW_SWITCH shift and go to state 275
    TOKEN_KW_RETURN shift and go to state 276
    TOKEN_KW_BREAK  shift and go to state 277
    TOKEN_KW_CONTINUE shift and go to state 278
    TOKEN_KW_MATCH  shift and go to state 279
    TOKEN_KW_DEFER  shift and go to state 280
    TOKEN_GT        shift and go to state 281
    TOKEN_KW_MODULE shift and go to state 282
    TOKEN_KW_TRY    shift and go to state 283
    TOKEN_KW_CATCH  shift and go to state 284
    TOKEN_KW_RAISE  shift and go to state 285
    TOKEN_KW_SPAWN  shift and go to state 286
    TOKEN_KW_SELECT shift and go to state 287
    TOKEN_KW_LOCK   shift and go to state 288
    TOKEN_LBRACE    shift and go to state 246
    TOKEN_KW_CAST   shift and go to state 75
    TOKEN_KW_CHAN   shift and go to state 20
    TOKEN_KW_MUTEX  shift and go to state 23
    TOKEN_PLUS      shift and go to state 78
    TOKEN_MINUS     shift and go to state 79
    TOKEN_NOT       shift and go to state 80
    TOKEN_BIT_NOT   shift and go to state 81
    TOKEN_AMPERSAND shift and go to state 82
    TOKEN_STAR      shift and go to state 83
    TOKEN_KW_AWAIT  shift and go to state 84
    TOKEN_KW_CONST  shift and go to state 25
    TOKEN_KW_MUT    shift and go to state 26
    TOKEN_KW_STATIC shift and go to state 27
    TOKEN_KW_VOLATILE shift and go to state 28
    TOKEN_KW_ATOMIC shift and go to state 29
    TOKEN_KW_SHARED shift and go to state 30
    TOKEN_KW_PRIVATE shift and go to state 31
    TOKEN_KW_PUBLIC shift and go to state 32
    TOKEN_IDENTIFIER shift and go to state 72
    TOKEN_LPAREN    shift and go to state 88
    TOKEN_KW_NULL   shift and go to state 91
    TOKEN_INT_LITERAL shift and go to state 93
    TOKEN_FLOAT_LITERAL shift and go to state 94
    TOKEN_CHAR_LITERAL shift and go to state 95
    TOKEN_STRING_LITERAL shift and go to state 96
    TOKEN_BOOL_LITERAL shift and go to state 97

    stmt                           shift and go to state 293
    var_decl                       shift and go to state 249
    expr_stmt                      shift and go to state 250
    if_stmt                        shift and go to state 251
    while_stmt                     shift and go to state 252
    do_stmt                        shift and go to state 253
    for_stmt                       shift and go to state 254
    switch_stmt                    shift and go to state 255
    return_stmt                    shift and go to state 256
    break_stmt                     shift and go to state 257
    continue_stmt                  shift and go to state 258
    match_stmt                     shift and go to state 259
    defer_stmt                     shift and go to state 260
    import_stmt                    shift and go to state 261
    module_stmt                    shift and go to state 262
    try_stmt                       shift and go to state 263
    catch_stmt                     shift and go to state 264
    raise_stmt                     shift and go to state 265
    spawn_stmt                     shift and go to state 266
    select_stmt                    shift and go to state 267
    lock_stmt                      shift and go to state 268
    block                          shift and go to state 269
    type                           shift and go to state 11
    expr                           shift and go to state 270
    channel_type                   shift and go to state 18
    pointer_type                   shift and go to state 19
    assignment                     shift and go to state 74
    base_type                      shift and go to state 21
    unary                          shift and go to state 76
    ternary                        shift and go to state 77
    modifier_list                  shift and go to state 22
    postfix                        shift and go to state 85
    logical_or                     shift and go to state 86
    modifier                       shift and go to state 24
    primary                        shift and go to state 87
    logical_and                    shift and go to state 89
    factor                         shift and go to state 90
    bit_or                         shift and go to state 92
    xor                            shift and go to state 98
    bit_and                        shift and go to state 99
    equality                       shift and go to state 100
    relational                     shift and go to state 101
    additive                       shift and go to state 102
    multiplicative                 shift and go to state 103

state 291

    (70) block -> TOKEN_LBRACE TOKEN_RBRACE .

    TOKEN_RBRACE    reduce using rule 70 (block -> TOKEN_LBRACE TOKEN_RBRACE .)
    TOKEN_KW_IF     reduce using rule 70 (block -> TOKEN_LBRACE TOKEN_RBRACE .)
    TOKEN_KW_WHILE  reduce using rule 70 (block -> TOKEN_LBRACE TOKEN_RBRACE .)
    TOKEN_KW_DO     reduce using rule 70 (block -> TOKEN_LBRACE TOKEN_RBRACE .)
    TOKEN_KW_FOR    reduce using rule 70 (block -> TOKEN_LBRACE TOKEN_RBRACE .)
    TOKEN_KW_SWITCH reduce using rule 70 (block -> TOKEN_LBRACE TOKEN_RBRACE .)
    TOKEN_KW_RETURN reduce using rule 70 (block -> TOKEN_LBRACE TOKEN_RBRACE .)
    TOKEN_KW_BREAK  reduce using rule 70 (block -> TOKEN_LBRACE TOKEN_RBRACE .)
    TOKEN_KW_CONTINUE reduce using rule 70 (block -> TOKEN_LBRACE TOKEN_RBRACE .)
    TOKEN_KW_MATCH  reduce using rule 70 (block -> TOKEN_LBRACE TOKEN_RBRACE .)
    TOKEN_KW_DEFER  reduce using rule 70 (block -> TOKEN_LBRACE TOKEN_RBRACE .)
    TOKEN_GT        reduce using rule 70 (block -> TOKEN_LBRACE TOKEN_RBRACE .)
    TOKEN_KW_MODULE reduce using rule 70 (block -> TOKEN_LBRACE TOKEN_RBRACE .)
    TOKEN_KW_TRY    reduce using rule 70 (block -> TOKEN_LBRACE TOKEN_RBRACE .)
    TOKEN_KW_CATCH  reduce using rule 70 (block -> TOKEN_LBRACE TOKEN_RBRACE .)
    TOKEN_KW_RAISE  reduce using rule 70 (block -> TOKEN_LBRACE TOKEN_RBRACE .)
    TOKEN_KW_SPAWN  reduce using rule 70 (block -> TOKEN_LBRACE TOKEN_RBRACE .)
    TOKEN_KW_SELECT reduce using rule 70 (block -> TOKEN_LBRACE TOKEN_RBRACE .)
    TOKEN_KW_LOCK   reduce using rule 70 (block -> TOKEN_LBRACE TOKEN_RBRACE .)
    TOKEN_LBRACE    reduce using rule 70 (block -> TOKEN_LBRACE TOKEN_RBRACE .)
    TOKEN_KW_CAST   reduce using rule 70 (block -> TOKEN_LBRACE TOKEN_RBRACE .)
    TOKEN_KW_CHAN   reduce using rule 70 (block -> TOKEN_LBRACE TOKEN_RBRACE .)
    TOKEN_KW_MUTEX  reduce using rule 70 (block -> TOKEN_LBRACE TOKEN_RBRACE .)
    TOKEN_PLUS      reduce using rule 70 (block -> TOKEN_LBRACE TOKEN_RBRACE .)
    TOKEN_MINUS     reduce using rule 70 (block -> TOKEN_LBRACE TOKEN_RBRACE .)
    TOKEN_NOT       reduce using rule 70 (block -> TOKEN_LBRACE TOKEN_RBRACE .)
    TOKEN_BIT_NOT   reduce using rule 70 (block -> TOKEN_LBRACE TOKEN_RBRACE .)
    TOKEN_AMPERSAND reduce using rule 70 (block -> TOKEN_LBRACE TOKEN_RBRACE .)
    TOKEN_STAR      reduce using rule 70 (block -> TOKEN_LBRACE TOKEN_RBRACE .)
    TOKEN_KW_AWAIT  reduce using rule 70 (block -> TOKEN_LBRACE TOKEN_RBRACE .)
    TOKEN_KW_CONST  reduce using rule 70 (block -> TOKEN_LBRACE TOKEN_RBRACE .)
    TOKEN_KW_MUT    reduce using rule 70 (block -> TOKEN_LBRACE TOKEN_RBRACE .)
    TOKEN_KW_STATIC reduce using rule 70 (block -> TOKEN_LBRACE TOKEN_RBRACE .)
    TOKEN_KW_VOLATILE reduce using rule 70 (block -> TOKEN_LBRACE TOKEN_RBRACE .)
    TOKEN_KW_ATOMIC reduce using rule 70 (block -> TOKEN_LBRACE TOKEN_RBRACE .)
    TOKEN_KW_SHARED reduce using rule 70 (block -> TOKEN_LBRACE TOKEN_RBRACE .)
    TOKEN_KW_PRIVATE reduce using rule 70 (block -> TOKEN_LBRACE TOKEN_RBRACE .)
    TOKEN_KW_PUBLIC reduce using rule 70 (block -> TOKEN_LBRACE TOKEN_RBRACE .)
    TOKEN_IDENTIFIER reduce using rule 70 (block -> TOKEN_LBRACE TOKEN_RBRACE .)
    TOKEN_LPAREN    reduce using rule 70 (block -> TOKEN_LBRACE TOKEN_RBRACE .)
    TOKEN_KW_NULL   reduce using rule 70 (block -> TOKEN_LBRACE TOKEN_RBRACE .)
    TOKEN_INT_LITERAL reduce using rule 70 (block -> TOKEN_LBRACE TOKEN_RBRACE .)
    TOKEN_FLOAT_LITERAL reduce using rule 70 (block -> TOKEN_LBRACE TOKEN_RBRACE .)
    TOKEN_CHAR_LITERAL reduce using rule 70 (block -> TOKEN_LBRACE TOKEN_RBRACE .)
    TOKEN_STRING_LITERAL reduce using rule 70 (block -> TOKEN_LBRACE TOKEN_RBRACE .)
    TOKEN_BOOL_LITERAL reduce using rule 70 (block -> TOKEN_LBRACE TOKEN_RBRACE .)
    TOKEN_KW_ELSE   reduce using rule 70 (block -> TOKEN_LBRACE TOKEN_RBRACE .)
    TOKEN_SEMICOLON reduce using rule 70 (block -> TOKEN_LBRACE TOKEN_RBRACE .)


state 292

    (62) func_body -> TOKEN_LBRACE stmt_list TOKEN_RBRACE .

    TOKEN_EOF       reduce using rule 62 (func_body -> TOKEN_LBRACE stmt_list TOKEN_RBRACE .)
    TOKEN_KW_FUNCTION reduce using rule 62 (func_body -> TOKEN_LBRACE stmt_list TOKEN_RBRACE .)
    TOKEN_KW_ASYNC  reduce using rule 62 (func_body -> TOKEN_LBRACE stmt_list TOKEN_RBRACE .)
    TOKEN_KW_STRUCT reduce using rule 62 (func_body -> TOKEN_LBRACE stmt_list TOKEN_RBRACE .)
    TOKEN_KW_TYPEALIAS reduce using rule 62 (func_body -> TOKEN_LBRACE stmt_list TOKEN_RBRACE .)
    TOKEN_KW_ENUM   reduce using rule 62 (func_body -> TOKEN_LBRACE stmt_list TOKEN_RBRACE .)
    TOKEN_KW_UNION  reduce using rule 62 (func_body -> TOKEN_LBRACE stmt_list TOKEN_RBRACE .)
    TOKEN_KW_CHAN   reduce using rule 62 (func_body -> TOKEN_LBRACE stmt_list TOKEN_RBRACE .)
    TOKEN_KW_MUTEX  reduce using rule 62 (func_body -> TOKEN_LBRACE stmt_list TOKEN_RBRACE .)
    TOKEN_KW_CONST  reduce using rule 62 (func_body -> TOKEN_LBRACE stmt_list TOKEN_RBRACE .)
    TOKEN_KW_MUT    reduce using rule 62 (func_body -> TOKEN_LBRACE stmt_list TOKEN_RBRACE .)
    TOKEN_KW_STATIC reduce using rule 62 (func_body -> TOKEN_LBRACE stmt_list TOKEN_RBRACE .)
    TOKEN_KW_VOLATILE reduce using rule 62 (func_body -> TOKEN_LBRACE stmt_list TOKEN_RBRACE .)
    TOKEN_KW_ATOMIC reduce using rule 62 (func_body -> TOKEN_LBRACE stmt_list TOKEN_RBRACE .)
    TOKEN_KW_SHARED reduce using rule 62 (func_body -> TOKEN_LBRACE stmt_list TOKEN_RBRACE .)
    TOKEN_KW_PRIVATE reduce using rule 62 (func_body -> TOKEN_LBRACE stmt_list TOKEN_RBRACE .)
    TOKEN_KW_PUBLIC reduce using rule 62 (func_body -> TOKEN_LBRACE stmt_list TOKEN_RBRACE .)


state 293

    (192) stmt_list -> stmt_list stmt .

    TOKEN_RBRACE    reduce using rule 192 (stmt_list -> stmt_list stmt .)
    TOKEN_KW_IF     reduce using rule 192 (stmt_list -> stmt_list stmt .)
    TOKEN_KW_WHILE  reduce using rule 192 (stmt_list -> stmt_list stmt .)
    TOKEN_KW_DO     reduce using rule 192 (stmt_list -> stmt_list stmt .)
    TOKEN_KW_FOR    reduce using rule 192 (stmt_list -> stmt_list stmt .)
    TOKEN_KW_SWITCH reduce using rule 192 (stmt_list -> stmt_list stmt .)
    TOKEN_KW_RETURN reduce using rule 192 (stmt_list -> stmt_list stmt .)
    TOKEN_KW_BREAK  reduce using rule 192 (stmt_list -> stmt_list stmt .)
    TOKEN_KW_CONTINUE reduce using rule 192 (stmt_list -> stmt_list stmt .)
    TOKEN_KW_MATCH  reduce using rule 192 (stmt_list -> stmt_list stmt .)
    TOKEN_KW_DEFER  reduce using rule 192 (stmt_list -> stmt_list stmt .)
    TOKEN_GT        reduce using rule 192 (stmt_list -> stmt_list stmt .)
    TOKEN_KW_MODULE reduce using rule 192 (stmt_list -> stmt_list stmt .)
    TOKEN_KW_TRY    reduce using rule 192 (stmt_list -> stmt_list stmt .)
    TOKEN_KW_CATCH  reduce using rule 192 (stmt_list -> stmt_list stmt .)
    TOKEN_KW_RAISE  reduce using rule 192 (stmt_list -> stmt_list stmt .)
    TOKEN_KW_SPAWN  reduce using rule 192 (stmt_list -> stmt_list stmt .)
    TOKEN_KW_SELECT reduce using rule 192 (stmt_list -> stmt_list stmt .)
    TOKEN_KW_LOCK   reduce using rule 192 (stmt_list -> stmt_list stmt .)
    TOKEN_LBRACE    reduce using rule 192 (stmt_list -> stmt_list stmt .)
    TOKEN_KW_CAST   reduce using rule 192 (stmt_list -> stmt_list stmt .)
    TOKEN_KW_CHAN   reduce using rule 192 (stmt_list -> stmt_list stmt .)
    TOKEN_KW_MUTEX  reduce using rule 192 (stmt_list -> stmt_list stmt .)
    TOKEN_PLUS      reduce using rule 192 (stmt_list -> stmt_list stmt .)
    TOKEN_MINUS     reduce using rule 192 (stmt_list -> stmt_list stmt .)
    TOKEN_NOT       reduce using rule 192 (stmt_list -> stmt_list stmt .)
    TOKEN_BIT_NOT   reduce using rule 192 (stmt_list -> stmt_list stmt .)
    TOKEN_AMPERSAND reduce using rule 192 (stmt_list -> stmt_list stmt .)
    TOKEN_STAR      reduce using rule 192 (stmt_list -> stmt_list stmt .)
    TOKEN_KW_AWAIT  reduce using rule 192 (stmt_list -> stmt_list stmt .)
    TOKEN_KW_CONST  reduce using rule 192 (stmt_list -> stmt_list stmt .)
    TOKEN_KW_MUT    reduce using rule 192 (stmt_list -> stmt_list stmt .)
    TOKEN_KW_STATIC reduce using rule 192 (stmt_list -> stmt_list stmt .)
    TOKEN_KW_VOLATILE reduce using rule 192 (stmt_list -> stmt_list stmt .)
    TOKEN_KW_ATOMIC reduce using rule 192 (stmt_list -> stmt_list stmt .)
    TOKEN_KW_SHARED reduce using rule 192 (stmt_list -> stmt_list stmt .)
    TOKEN_KW_PRIVATE reduce using rule 192 (stmt_list -> stmt_list stmt .)
    TOKEN_KW_PUBLIC reduce using rule 192 (stmt_list -> stmt_list stmt .)
    TOKEN_IDENTIFIER reduce using rule 192 (stmt_list -> stmt_list stmt .)
    TOKEN_LPAREN    reduce using rule 192 (stmt_list -> stmt_list stmt .)
    TOKEN_KW_NULL   reduce using rule 192 (stmt_list -> stmt_list stmt .)
    TOKEN_INT_LITERAL reduce using rule 192 (stmt_list -> stmt_list stmt .)
    TOKEN_FLOAT_LITERAL reduce using rule 192 (stmt_list -> stmt_list stmt .)
    TOKEN_CHAR_LITERAL reduce using rule 192 (stmt_list -> stmt_list stmt .)
    TOKEN_STRING_LITERAL reduce using rule 192 (stmt_list -> stmt_list stmt .)
    TOKEN_BOOL_LITERAL reduce using rule 192 (stmt_list -> stmt_list stmt .)


state 294

    (2) expr_stmt -> expr TOKEN_SEMICOLON .

    TOKEN_RBRACE    reduce using rule 2 (expr_stmt -> expr TOKEN_SEMICOLON .)
    TOKEN_KW_IF     reduce using rule 2 (expr_stmt -> expr TOKEN_SEMICOLON .)
    TOKEN_KW_WHILE  reduce using rule 2 (expr_stmt -> expr TOKEN_SEMICOLON .)
    TOKEN_KW_DO     reduce using rule 2 (expr_stmt -> expr TOKEN_SEMICOLON .)
    TOKEN_KW_FOR    reduce using rule 2 (expr_stmt -> expr TOKEN_SEMICOLON .)
    TOKEN_KW_SWITCH reduce using rule 2 (expr_stmt -> expr TOKEN_SEMICOLON .)
    TOKEN_KW_RETURN reduce using rule 2 (expr_stmt -> expr TOKEN_SEMICOLON .)
    TOKEN_KW_BREAK  reduce using rule 2 (expr_stmt -> expr TOKEN_SEMICOLON .)
    TOKEN_KW_CONTINUE reduce using rule 2 (expr_stmt -> expr TOKEN_SEMICOLON .)
    TOKEN_KW_MATCH  reduce using rule 2 (expr_stmt -> expr TOKEN_SEMICOLON .)
    TOKEN_KW_DEFER  reduce using rule 2 (expr_stmt -> expr TOKEN_SEMICOLON .)
    TOKEN_GT        reduce using rule 2 (expr_stmt -> expr TOKEN_SEMICOLON .)
    TOKEN_KW_MODULE reduce using rule 2 (expr_stmt -> expr TOKEN_SEMICOLON .)
    TOKEN_KW_TRY    reduce using rule 2 (expr_stmt -> expr TOKEN_SEMICOLON .)
    TOKEN_KW_CATCH  reduce using rule 2 (expr_stmt -> expr TOKEN_SEMICOLON .)
    TOKEN_KW_RAISE  reduce using rule 2 (expr_stmt -> expr TOKEN_SEMICOLON .)
    TOKEN_KW_SPAWN  reduce using rule 2 (expr_stmt -> expr TOKEN_SEMICOLON .)
    TOKEN_KW_SELECT reduce using rule 2 (expr_stmt -> expr TOKEN_SEMICOLON .)
    TOKEN_KW_LOCK   reduce using rule 2 (expr_stmt -> expr TOKEN_SEMICOLON .)
    TOKEN_LBRACE    reduce using rule 2 (expr_stmt -> expr TOKEN_SEMICOLON .)
    TOKEN_KW_CAST   reduce using rule 2 (expr_stmt -> expr TOKEN_SEMICOLON .)
    TOKEN_KW_CHAN   reduce using rule 2 (expr_stmt -> expr TOKEN_SEMICOLON .)
    TOKEN_KW_MUTEX  reduce using rule 2 (expr_stmt -> expr TOKEN_SEMICOLON .)
    TOKEN_PLUS      reduce using rule 2 (expr_stmt -> expr TOKEN_SEMICOLON .)
    TOKEN_MINUS     reduce using rule 2 (expr_stmt -> expr TOKEN_SEMICOLON .)
    TOKEN_NOT       reduce using rule 2 (expr_stmt -> expr TOKEN_SEMICOLON .)
    TOKEN_BIT_NOT   reduce using rule 2 (expr_stmt -> expr TOKEN_SEMICOLON .)
    TOKEN_AMPERSAND reduce using rule 2 (expr_stmt -> expr TOKEN_SEMICOLON .)
    TOKEN_STAR      reduce using rule 2 (expr_stmt -> expr TOKEN_SEMICOLON .)
    TOKEN_KW_AWAIT  reduce using rule 2 (expr_stmt -> expr TOKEN_SEMICOLON .)
    TOKEN_KW_CONST  reduce using rule 2 (expr_stmt -> expr TOKEN_SEMICOLON .)
    TOKEN_KW_MUT    reduce using rule 2 (expr_stmt -> expr TOKEN_SEMICOLON .)
    TOKEN_KW_STATIC reduce using rule 2 (expr_stmt -> expr TOKEN_SEMICOLON .)
    TOKEN_KW_VOLATILE reduce using rule 2 (expr_stmt -> expr TOKEN_SEMICOLON .)
    TOKEN_KW_ATOMIC reduce using rule 2 (expr_stmt -> expr TOKEN_SEMICOLON .)
    TOKEN_KW_SHARED reduce using rule 2 (expr_stmt -> expr TOKEN_SEMICOLON .)
    TOKEN_KW_PRIVATE reduce using rule 2 (expr_stmt -> expr TOKEN_SEMICOLON .)
    TOKEN_KW_PUBLIC reduce using rule 2 (expr_stmt -> expr TOKEN_SEMICOLON .)
    TOKEN_IDENTIFIER reduce using rule 2 (expr_stmt -> expr TOKEN_SEMICOLON .)
    TOKEN_LPAREN    reduce using rule 2 (expr_stmt -> expr TOKEN_SEMICOLON .)
    TOKEN_KW_NULL   reduce using rule 2 (expr_stmt -> expr TOKEN_SEMICOLON .)
    TOKEN_INT_LITERAL reduce using rule 2 (expr_stmt -> expr TOKEN_SEMICOLON .)
    TOKEN_FLOAT_LITERAL reduce using rule 2 (expr_stmt -> expr TOKEN_SEMICOLON .)
    TOKEN_CHAR_LITERAL reduce using rule 2 (expr_stmt -> expr TOKEN_SEMICOLON .)
    TOKEN_STRING_LITERAL reduce using rule 2 (expr_stmt -> expr TOKEN_SEMICOLON .)
    TOKEN_BOOL_LITERAL reduce using rule 2 (expr_stmt -> expr TOKEN_SEMICOLON .)


state 295

    (87) if_stmt -> TOKEN_KW_IF TOKEN_LPAREN . expr TOKEN_RPAREN block else
    (113) expr -> . assignment
    (159) expr -> . TOKEN_KW_CAST type TOKEN_ARROW expr
    (3) assignment -> . unary TOKEN_LSHIFT_ASSIGN assignment
    (14) assignment -> . unary TOKEN_RSHIFT_ASSIGN assignment
    (131) assignment -> . ternary
    (142) assignment -> . unary TOKEN_ASSIGN assignment
    (153) assignment -> . unary TOKEN_PLUS_EQ assignment
    (164) assignment -> . unary TOKEN_MINUS_EQ assignment
    (175) assignment -> . unary TOKEN_STAR_EQ assignment
    (186) assignment -> . unary TOKEN_SLASH_EQ assignment
    (197) assignment -> . unary TOKEN_MOD_EQ assignment
    (143) unary -> . TOKEN_PLUS unary
    (144) unary -> . TOKEN_MINUS unary
    (145) unary -> . TOKEN_NOT unary
    (146) unary -> . TOKEN_BIT_NOT unary
    (147) unary -> . TOKEN_AMPERSAND unary
    (148) unary -> . TOKEN_STAR unary
    (149) unary -> . TOKEN_KW_AWAIT unary
    (150) unary -> . postfix
    (25) ternary -> . logical_or
    (36) ternary -> . logical_or TOKEN_QUESTION expr TOKEN_COLON ternary
    (151) postfix -> . primary
    (152) postfix -> . postfix TOKEN_LPAREN arg_list TOKEN_RPAREN
    (154) postfix -> . postfix TOKEN_LBRACKET expr TOKEN_RBRACKET
    (155) postfix -> . postfix TOKEN_DOT TOKEN_IDENTIFIER
    (156) postfix -> . postfix TOKEN_SCOPE_RES TOKEN_IDENTIFIER
    (157) postfix -> . postfix TOKEN_ARROW TOKEN_IDENTIFIER
    (158) postfix -> . postfix TOKEN_LEFT_ARROW TOKEN_IDENTIFIER
    (47) logical_or -> . logical_and
    (58) logical_or -> . logical_or TOKEN_OR logical_and
    (160) primary -> . TOKEN_IDENTIFIER
    (161) primary -> . factor
    (162) primary -> . TOKEN_LPAREN expr TOKEN_RPAREN
    (163) primary -> . TOKEN_KW_NULL
    (69) logical_and -> . bit_or
    (80) logical_and -> . logical_and TOKEN_AND bit_or
    (54) factor -> . TOKEN_INT_LITERAL
    (55) factor -> . TOKEN_FLOAT_LITERAL
    (56) factor -> . TOKEN_CHAR_LITERAL
    (57) factor -> . TOKEN_STRING_LITERAL
    (59) factor -> . TOKEN_BOOL_LITERAL
    (91) bit_or -> . xor
    (102) bit_or -> . bit_or TOKEN_BIT_OR xor
    (114) xor -> . bit_and
    (122) xor -> . xor TOKEN_XOR bit_and
    (123) bit_and -> . equality
    (124) bit_and -> . bit_and TOKEN_AMPERSAND equality
    (125) bit_and -> . bit_and TOKEN_NAND equality
    (126) equality -> . relational
    (127) equality -> . equality TOKEN_EQ relational
    (128) equality -> . equality TOKEN_NEQ relational
    (129) relational -> . additive
    (130) relational -> . relational TOKEN_LT additive
    (132) relational -> . relational TOKEN_GT additive
    (133) relational -> . relational TOKEN_LE additive
    (134) relational -> . relational TOKEN_GE additive
    (135) additive -> . multiplicative
    (136) additive -> . additive TOKEN_PLUS multiplicative
    (137) additive -> . additive TOKEN_MINUS multiplicative
    (138) multiplicative -> . unary
    (139) multiplicative -> . multiplicative TOKEN_STAR unary
    (140) multiplicative -> . multiplicative TOKEN_SLASH unary
    (141) multiplicative -> . multiplicative TOKEN_MOD unary

    TOKEN_KW_CAST   shift and go to state 75
    TOKEN_PLUS      shift and go to state 78
    TOKEN_MINUS     shift and go to state 79
    TOKEN_NOT       shift and go to state 80
    TOKEN_BIT_NOT   shift and go to state 81
    TOKEN_AMPERSAND shift and go to state 82
    TOKEN_STAR      shift and go to state 83
    TOKEN_KW_AWAIT  shift and go to state 84
    TOKEN_IDENTIFIER shift and go to state 72
    TOKEN_LPAREN    shift and go to state 88
    TOKEN_KW_NULL   shift and go to state 91
    TOKEN_INT_LITERAL shift and go to state 93
    TOKEN_FLOAT_LITERAL shift and go to state 94
    TOKEN_CHAR_LITERAL shift and go to state 95
    TOKEN_STRING_LITERAL shift and go to state 96
    TOKEN_BOOL_LITERAL shift and go to state 97

    expr                           shift and go to state 317
    assignment                     shift and go to state 74
    unary                          shift and go to state 76
    ternary                        shift and go to state 77
    postfix                        shift and go to state 85
    logical_or                     shift and go to state 86
    primary                        shift and go to state 87
    logical_and                    shift and go to state 89
    factor                         shift and go to state 90
    bit_or                         shift and go to state 92
    xor                            shift and go to state 98
    bit_and                        shift and go to state 99
    equality                       shift and go to state 100
    relational                     shift and go to state 101
    additive                       shift and go to state 102
    multiplicative                 shift and go to state 103

state 296

    (93) while_stmt -> TOKEN_KW_WHILE TOKEN_LPAREN . expr TOKEN_RPAREN stmt
    (113) expr -> . assignment
    (159) expr -> . TOKEN_KW_CAST type TOKEN_ARROW expr
    (3) assignment -> . unary TOKEN_LSHIFT_ASSIGN assignment
    (14) assignment -> . unary TOKEN_RSHIFT_ASSIGN assignment
    (131) assignment -> . ternary
    (142) assignment -> . unary TOKEN_ASSIGN assignment
    (153) assignment -> . unary TOKEN_PLUS_EQ assignment
    (164) assignment -> . unary TOKEN_MINUS_EQ assignment
    (175) assignment -> . unary TOKEN_STAR_EQ assignment
    (186) assignment -> . unary TOKEN_SLASH_EQ assignment
    (197) assignment -> . unary TOKEN_MOD_EQ assignment
    (143) unary -> . TOKEN_PLUS unary
    (144) unary -> . TOKEN_MINUS unary
    (145) unary -> . TOKEN_NOT unary
    (146) unary -> . TOKEN_BIT_NOT unary
    (147) unary -> . TOKEN_AMPERSAND unary
    (148) unary -> . TOKEN_STAR unary
    (149) unary -> . TOKEN_KW_AWAIT unary
    (150) unary -> . postfix
    (25) ternary -> . logical_or
    (36) ternary -> . logical_or TOKEN_QUESTION expr TOKEN_COLON ternary
    (151) postfix -> . primary
    (152) postfix -> . postfix TOKEN_LPAREN arg_list TOKEN_RPAREN
    (154) postfix -> . postfix TOKEN_LBRACKET expr TOKEN_RBRACKET
    (155) postfix -> . postfix TOKEN_DOT TOKEN_IDENTIFIER
    (156) postfix -> . postfix TOKEN_SCOPE_RES TOKEN_IDENTIFIER
    (157) postfix -> . postfix TOKEN_ARROW TOKEN_IDENTIFIER
    (158) postfix -> . postfix TOKEN_LEFT_ARROW TOKEN_IDENTIFIER
    (47) logical_or -> . logical_and
    (58) logical_or -> . logical_or TOKEN_OR logical_and
    (160) primary -> . TOKEN_IDENTIFIER
    (161) primary -> . factor
    (162) primary -> . TOKEN_LPAREN expr TOKEN_RPAREN
    (163) primary -> . TOKEN_KW_NULL
    (69) logical_and -> . bit_or
    (80) logical_and -> . logical_and TOKEN_AND bit_or
    (54) factor -> . TOKEN_INT_LITERAL
    (55) factor -> . TOKEN_FLOAT_LITERAL
    (56) factor -> . TOKEN_CHAR_LITERAL
    (57) factor -> . TOKEN_STRING_LITERAL
    (59) factor -> . TOKEN_BOOL_LITERAL
    (91) bit_or -> . xor
    (102) bit_or -> . bit_or TOKEN_BIT_OR xor
    (114) xor -> . bit_and
    (122) xor -> . xor TOKEN_XOR bit_and
    (123) bit_and -> . equality
    (124) bit_and -> . bit_and TOKEN_AMPERSAND equality
    (125) bit_and -> . bit_and TOKEN_NAND equality
    (126) equality -> . relational
    (127) equality -> . equality TOKEN_EQ relational
    (128) equality -> . equality TOKEN_NEQ relational
    (129) relational -> . additive
    (130) relational -> . relational TOKEN_LT additive
    (132) relational -> . relational TOKEN_GT additive
    (133) relational -> . relational TOKEN_LE additive
    (134) relational -> . relational TOKEN_GE additive
    (135) additive -> . multiplicative
    (136) additive -> . additive TOKEN_PLUS multiplicative
    (137) additive -> . additive TOKEN_MINUS multiplicative
    (138) multiplicative -> . unary
    (139) multiplicative -> . multiplicative TOKEN_STAR unary
    (140) multiplicative -> . multiplicative TOKEN_SLASH unary
    (141) multiplicative -> . multiplicative TOKEN_MOD unary

    TOKEN_KW_CAST   shift and go to state 75
    TOKEN_PLUS      shift and go to state 78
    TOKEN_MINUS     shift and go to state 79
    TOKEN_NOT       shift and go to state 80
    TOKEN_BIT_NOT   shift and go to state 81
    TOKEN_AMPERSAND shift and go to state 82
    TOKEN_STAR      shift and go to state 83
    TOKEN_KW_AWAIT  shift and go to state 84
    TOKEN_IDENTIFIER shift and go to state 72
    TOKEN_LPAREN    shift and go to state 88
    TOKEN_KW_NULL   shift and go to state 91
    TOKEN_INT_LITERAL shift and go to state 93
    TOKEN_FLOAT_LITERAL shift and go to state 94
    TOKEN_CHAR_LITERAL shift and go to state 95
    TOKEN_STRING_LITERAL shift and go to state 96
    TOKEN_BOOL_LITERAL shift and go to state 97

    expr                           shift and go to state 318
    assignment                     shift and go to state 74
    unary                          shift and go to state 76
    ternary                        shift and go to state 77
    postfix                        shift and go to state 85
    logical_or                     shift and go to state 86
    primary                        shift and go to state 87
    logical_and                    shift and go to state 89
    factor                         shift and go to state 90
    bit_or                         shift and go to state 92
    xor                            shift and go to state 98
    bit_and                        shift and go to state 99
    equality                       shift and go to state 100
    relational                     shift and go to state 101
    additive                       shift and go to state 102
    multiplicative                 shift and go to state 103

state 297

    (94) do_stmt -> TOKEN_KW_DO block . TOKEN_KW_WHILE TOKEN_LPAREN expr TOKEN_RPAREN TOKEN_SEMICOLON

    TOKEN_KW_WHILE  shift and go to state 319


state 298

    (95) for_stmt -> TOKEN_KW_FOR TOKEN_LPAREN . for_init TOKEN_RPAREN stmt
    (96) for_init -> . type TOKEN_IDENTIFIER TOKEN_ASSIGN expr TOKEN_COMMA expr TOKEN_COMMA expr
    (31) type -> . channel_type
    (32) type -> . pointer_type
    (37) channel_type -> . TOKEN_KW_CHAN type
    (33) pointer_type -> . pointer_type TOKEN_STAR
    (34) pointer_type -> . pointer_type TOKEN_AMPERSAND
    (35) pointer_type -> . base_type
    (38) base_type -> . modifier_list TOKEN_KW_INT
    (39) base_type -> . modifier_list TOKEN_KW_SHORT
    (40) base_type -> . modifier_list TOKEN_KW_LONG
    (41) base_type -> . modifier_list TOKEN_KW_BYTE
    (42) base_type -> . modifier_list TOKEN_KW_FLOAT
    (43) base_type -> . modifier_list TOKEN_KW_DOUBLE
    (44) base_type -> . modifier_list TOKEN_KW_CHAR
    (45) base_type -> . modifier_list TOKEN_KW_STRING
    (46) base_type -> . modifier_list TOKEN_KW_BOOL
    (48) base_type -> . modifier_list TOKEN_KW_STRUCT
    (49) base_type -> . modifier_list TOKEN_KW_ENUM
    (50) base_type -> . modifier_list TOKEN_KW_UNION
    (51) base_type -> . modifier_list TOKEN_KW_VOID
    (52) base_type -> . TOKEN_KW_MUTEX
    (53) base_type -> . modifier_list TOKEN_IDENTIFIER
    (29) modifier_list -> . modifier_list modifier
    (30) modifier_list -> . modifier
    (20) modifier -> . TOKEN_KW_CONST
    (21) modifier -> . TOKEN_KW_MUT
    (22) modifier -> . TOKEN_KW_STATIC
    (23) modifier -> . TOKEN_KW_VOLATILE
    (24) modifier -> . TOKEN_KW_ATOMIC
    (26) modifier -> . TOKEN_KW_SHARED
    (27) modifier -> . TOKEN_KW_PRIVATE
    (28) modifier -> . TOKEN_KW_PUBLIC

    TOKEN_KW_CHAN   shift and go to state 20
    TOKEN_KW_MUTEX  shift and go to state 23
    TOKEN_KW_CONST  shift and go to state 25
    TOKEN_KW_MUT    shift and go to state 26
    TOKEN_KW_STATIC shift and go to state 27
    TOKEN_KW_VOLATILE shift and go to state 28
    TOKEN_KW_ATOMIC shift and go to state 29
    TOKEN_KW_SHARED shift and go to state 30
    TOKEN_KW_PRIVATE shift and go to state 31
    TOKEN_KW_PUBLIC shift and go to state 32

    for_init                       shift and go to state 320
    type                           shift and go to state 321
    channel_type                   shift and go to state 18
    pointer_type                   shift and go to state 19
    base_type                      shift and go to state 21
    modifier_list                  shift and go to state 22
    modifier                       shift and go to state 24

state 299

    (97) switch_stmt -> TOKEN_KW_SWITCH TOKEN_LPAREN . expr TOKEN_RPAREN case_block
    (113) expr -> . assignment
    (159) expr -> . TOKEN_KW_CAST type TOKEN_ARROW expr
    (3) assignment -> . unary TOKEN_LSHIFT_ASSIGN assignment
    (14) assignment -> . unary TOKEN_RSHIFT_ASSIGN assignment
    (131) assignment -> . ternary
    (142) assignment -> . unary TOKEN_ASSIGN assignment
    (153) assignment -> . unary TOKEN_PLUS_EQ assignment
    (164) assignment -> . unary TOKEN_MINUS_EQ assignment
    (175) assignment -> . unary TOKEN_STAR_EQ assignment
    (186) assignment -> . unary TOKEN_SLASH_EQ assignment
    (197) assignment -> . unary TOKEN_MOD_EQ assignment
    (143) unary -> . TOKEN_PLUS unary
    (144) unary -> . TOKEN_MINUS unary
    (145) unary -> . TOKEN_NOT unary
    (146) unary -> . TOKEN_BIT_NOT unary
    (147) unary -> . TOKEN_AMPERSAND unary
    (148) unary -> . TOKEN_STAR unary
    (149) unary -> . TOKEN_KW_AWAIT unary
    (150) unary -> . postfix
    (25) ternary -> . logical_or
    (36) ternary -> . logical_or TOKEN_QUESTION expr TOKEN_COLON ternary
    (151) postfix -> . primary
    (152) postfix -> . postfix TOKEN_LPAREN arg_list TOKEN_RPAREN
    (154) postfix -> . postfix TOKEN_LBRACKET expr TOKEN_RBRACKET
    (155) postfix -> . postfix TOKEN_DOT TOKEN_IDENTIFIER
    (156) postfix -> . postfix TOKEN_SCOPE_RES TOKEN_IDENTIFIER
    (157) postfix -> . postfix TOKEN_ARROW TOKEN_IDENTIFIER
    (158) postfix -> . postfix TOKEN_LEFT_ARROW TOKEN_IDENTIFIER
    (47) logical_or -> . logical_and
    (58) logical_or -> . logical_or TOKEN_OR logical_and
    (160) primary -> . TOKEN_IDENTIFIER
    (161) primary -> . factor
    (162) primary -> . TOKEN_LPAREN expr TOKEN_RPAREN
    (163) primary -> . TOKEN_KW_NULL
    (69) logical_and -> . bit_or
    (80) logical_and -> . logical_and TOKEN_AND bit_or
    (54) factor -> . TOKEN_INT_LITERAL
    (55) factor -> . TOKEN_FLOAT_LITERAL
    (56) factor -> . TOKEN_CHAR_LITERAL
    (57) factor -> . TOKEN_STRING_LITERAL
    (59) factor -> . TOKEN_BOOL_LITERAL
    (91) bit_or -> . xor
    (102) bit_or -> . bit_or TOKEN_BIT_OR xor
    (114) xor -> . bit_and
    (122) xor -> . xor TOKEN_XOR bit_and
    (123) bit_and -> . equality
    (124) bit_and -> . bit_and TOKEN_AMPERSAND equality
    (125) bit_and -> . bit_and TOKEN_NAND equality
    (126) equality -> . relational
    (127) equality -> . equality TOKEN_EQ relational
    (128) equality -> . equality TOKEN_NEQ relational
    (129) relational -> . additive
    (130) relational -> . relational TOKEN_LT additive
    (132) relational -> . relational TOKEN_GT additive
    (133) relational -> . relational TOKEN_LE additive
    (134) relational -> . relational TOKEN_GE additive
    (135) additive -> . multiplicative
    (136) additive -> . additive TOKEN_PLUS multiplicative
    (137) additive -> . additive TOKEN_MINUS multiplicative
    (138) multiplicative -> . unary
    (139) multiplicative -> . multiplicative TOKEN_STAR unary
    (140) multiplicative -> . multiplicative TOKEN_SLASH unary
    (141) multiplicative -> . multiplicative TOKEN_MOD unary

    TOKEN_KW_CAST   shift and go to state 75
    TOKEN_PLUS      shift and go to state 78
    TOKEN_MINUS     shift and go to state 79
    TOKEN_NOT       shift and go to state 80
    TOKEN_BIT_NOT   shift and go to state 81
    TOKEN_AMPERSAND shift and go to state 82
    TOKEN_STAR      shift and go to state 83
    TOKEN_KW_AWAIT  shift and go to state 84
    TOKEN_IDENTIFIER shift and go to state 72
    TOKEN_LPAREN    shift and go to state 88
    TOKEN_KW_NULL   shift and go to state 91
    TOKEN_INT_LITERAL shift and go to state 93
    TOKEN_FLOAT_LITERAL shift and go to state 94
    TOKEN_CHAR_LITERAL shift and go to state 95
    TOKEN_STRING_LITERAL shift and go to state 96
    TOKEN_BOOL_LITERAL shift and go to state 97

    expr                           shift and go to state 322
    assignment                     shift and go to state 74
    unary                          shift and go to state 76
    ternary                        shift and go to state 77
    postfix                        shift and go to state 85
    logical_or                     shift and go to state 86
    primary                        shift and go to state 87
    logical_and                    shift and go to state 89
    factor                         shift and go to state 90
    bit_or                         shift and go to state 92
    xor                            shift and go to state 98
    bit_and                        shift and go to state 99
    equality                       shift and go to state 100
    relational                     shift and go to state 101
    additive                       shift and go to state 102
    multiplicative                 shift and go to state 103

state 300

    (105) return_stmt -> TOKEN_KW_RETURN expr . TOKEN_SEMICOLON

    TOKEN_SEMICOLON shift and go to state 323


state 301

    (106) return_stmt -> TOKEN_KW_RETURN TOKEN_SEMICOLON .

    TOKEN_RBRACE    reduce using rule 106 (return_stmt -> TOKEN_KW_RETURN TOKEN_SEMICOLON .)
    TOKEN_KW_IF     reduce using rule 106 (return_stmt -> TOKEN_KW_RETURN TOKEN_SEMICOLON .)
    TOKEN_KW_WHILE  reduce using rule 106 (return_stmt -> TOKEN_KW_RETURN TOKEN_SEMICOLON .)
    TOKEN_KW_DO     reduce using rule 106 (return_stmt -> TOKEN_KW_RETURN TOKEN_SEMICOLON .)
    TOKEN_KW_FOR    reduce using rule 106 (return_stmt -> TOKEN_KW_RETURN TOKEN_SEMICOLON .)
    TOKEN_KW_SWITCH reduce using rule 106 (return_stmt -> TOKEN_KW_RETURN TOKEN_SEMICOLON .)
    TOKEN_KW_RETURN reduce using rule 106 (return_stmt -> TOKEN_KW_RETURN TOKEN_SEMICOLON .)
    TOKEN_KW_BREAK  reduce using rule 106 (return_stmt -> TOKEN_KW_RETURN TOKEN_SEMICOLON .)
    TOKEN_KW_CONTINUE reduce using rule 106 (return_stmt -> TOKEN_KW_RETURN TOKEN_SEMICOLON .)
    TOKEN_KW_MATCH  reduce using rule 106 (return_stmt -> TOKEN_KW_RETURN TOKEN_SEMICOLON .)
    TOKEN_KW_DEFER  reduce using rule 106 (return_stmt -> TOKEN_KW_RETURN TOKEN_SEMICOLON .)
    TOKEN_GT        reduce using rule 106 (return_stmt -> TOKEN_KW_RETURN TOKEN_SEMICOLON .)
    TOKEN_KW_MODULE reduce using rule 106 (return_stmt -> TOKEN_KW_RETURN TOKEN_SEMICOLON .)
    TOKEN_KW_TRY    reduce using rule 106 (return_stmt -> TOKEN_KW_RETURN TOKEN_SEMICOLON .)
    TOKEN_KW_CATCH  reduce using rule 106 (return_stmt -> TOKEN_KW_RETURN TOKEN_SEMICOLON .)
    TOKEN_KW_RAISE  reduce using rule 106 (return_stmt -> TOKEN_KW_RETURN TOKEN_SEMICOLON .)
    TOKEN_KW_SPAWN  reduce using rule 106 (return_stmt -> TOKEN_KW_RETURN TOKEN_SEMICOLON .)
    TOKEN_KW_SELECT reduce using rule 106 (return_stmt -> TOKEN_KW_RETURN TOKEN_SEMICOLON .)
    TOKEN_KW_LOCK   reduce using rule 106 (return_stmt -> TOKEN_KW_RETURN TOKEN_SEMICOLON .)
    TOKEN_LBRACE    reduce using rule 106 (return_stmt -> TOKEN_KW_RETURN TOKEN_SEMICOLON .)
    TOKEN_KW_CAST   reduce using rule 106 (return_stmt -> TOKEN_KW_RETURN TOKEN_SEMICOLON .)
    TOKEN_KW_CHAN   reduce using rule 106 (return_stmt -> TOKEN_KW_RETURN TOKEN_SEMICOLON .)
    TOKEN_KW_MUTEX  reduce using rule 106 (return_stmt -> TOKEN_KW_RETURN TOKEN_SEMICOLON .)
    TOKEN_PLUS      reduce using rule 106 (return_stmt -> TOKEN_KW_RETURN TOKEN_SEMICOLON .)
    TOKEN_MINUS     reduce using rule 106 (return_stmt -> TOKEN_KW_RETURN TOKEN_SEMICOLON .)
    TOKEN_NOT       reduce using rule 106 (return_stmt -> TOKEN_KW_RETURN TOKEN_SEMICOLON .)
    TOKEN_BIT_NOT   reduce using rule 106 (return_stmt -> TOKEN_KW_RETURN TOKEN_SEMICOLON .)
    TOKEN_AMPERSAND reduce using rule 106 (return_stmt -> TOKEN_KW_RETURN TOKEN_SEMICOLON .)
    TOKEN_STAR      reduce using rule 106 (return_stmt -> TOKEN_KW_RETURN TOKEN_SEMICOLON .)
    TOKEN_KW_AWAIT  reduce using rule 106 (return_stmt -> TOKEN_KW_RETURN TOKEN_SEMICOLON .)
    TOKEN_KW_CONST  reduce using rule 106 (return_stmt -> TOKEN_KW_RETURN TOKEN_SEMICOLON .)
    TOKEN_KW_MUT    reduce using rule 106 (return_stmt -> TOKEN_KW_RETURN TOKEN_SEMICOLON .)
    TOKEN_KW_STATIC reduce using rule 106 (return_stmt -> TOKEN_KW_RETURN TOKEN_SEMICOLON .)
    TOKEN_KW_VOLATILE reduce using rule 106 (return_stmt -> TOKEN_KW_RETURN TOKEN_SEMICOLON .)
    TOKEN_KW_ATOMIC reduce using rule 106 (return_stmt -> TOKEN_KW_RETURN TOKEN_SEMICOLON .)
    TOKEN_KW_SHARED reduce using rule 106 (return_stmt -> TOKEN_KW_RETURN TOKEN_SEMICOLON .)
    TOKEN_KW_PRIVATE reduce using rule 106 (return_stmt -> TOKEN_KW_RETURN TOKEN_SEMICOLON .)
    TOKEN_KW_PUBLIC reduce using rule 106 (return_stmt -> TOKEN_KW_RETURN TOKEN_SEMICOLON .)
    TOKEN_IDENTIFIER reduce using rule 106 (return_stmt -> TOKEN_KW_RETURN TOKEN_SEMICOLON .)
    TOKEN_LPAREN    reduce using rule 106 (return_stmt -> TOKEN_KW_RETURN TOKEN_SEMICOLON .)
    TOKEN_KW_NULL   reduce using rule 106 (return_stmt -> TOKEN_KW_RETURN TOKEN_SEMICOLON .)
    TOKEN_INT_LITERAL reduce using rule 106 (return_stmt -> TOKEN_KW_RETURN TOKEN_SEMICOLON .)
    TOKEN_FLOAT_LITERAL reduce using rule 106 (return_stmt -> TOKEN_KW_RETURN TOKEN_SEMICOLON .)
    TOKEN_CHAR_LITERAL reduce using rule 106 (return_stmt -> TOKEN_KW_RETURN TOKEN_SEMICOLON .)
    TOKEN_STRING_LITERAL reduce using rule 106 (return_stmt -> TOKEN_KW_RETURN TOKEN_SEMICOLON .)
    TOKEN_BOOL_LITERAL reduce using rule 106 (return_stmt -> TOKEN_KW_RETURN TOKEN_SEMICOLON .)


state 302

    (101) break_stmt -> TOKEN_KW_BREAK TOKEN_SEMICOLON .

    TOKEN_RBRACE    reduce using rule 101 (break_stmt -> TOKEN_KW_BREAK TOKEN_SEMICOLON .)
    TOKEN_KW_IF     reduce using rule 101 (break_stmt -> TOKEN_KW_BREAK TOKEN_SEMICOLON .)
    TOKEN_KW_WHILE  reduce using rule 101 (break_stmt -> TOKEN_KW_BREAK TOKEN_SEMICOLON .)
    TOKEN_KW_DO     reduce using rule 101 (break_stmt -> TOKEN_KW_BREAK TOKEN_SEMICOLON .)
    TOKEN_KW_FOR    reduce using rule 101 (break_stmt -> TOKEN_KW_BREAK TOKEN_SEMICOLON .)
    TOKEN_KW_SWITCH reduce using rule 101 (break_stmt -> TOKEN_KW_BREAK TOKEN_SEMICOLON .)
    TOKEN_KW_RETURN reduce using rule 101 (break_stmt -> TOKEN_KW_BREAK TOKEN_SEMICOLON .)
    TOKEN_KW_BREAK  reduce using rule 101 (break_stmt -> TOKEN_KW_BREAK TOKEN_SEMICOLON .)
    TOKEN_KW_CONTINUE reduce using rule 101 (break_stmt -> TOKEN_KW_BREAK TOKEN_SEMICOLON .)
    TOKEN_KW_MATCH  reduce using rule 101 (break_stmt -> TOKEN_KW_BREAK TOKEN_SEMICOLON .)
    TOKEN_KW_DEFER  reduce using rule 101 (break_stmt -> TOKEN_KW_BREAK TOKEN_SEMICOLON .)
    TOKEN_GT        reduce using rule 101 (break_stmt -> TOKEN_KW_BREAK TOKEN_SEMICOLON .)
    TOKEN_KW_MODULE reduce using rule 101 (break_stmt -> TOKEN_KW_BREAK TOKEN_SEMICOLON .)
    TOKEN_KW_TRY    reduce using rule 101 (break_stmt -> TOKEN_KW_BREAK TOKEN_SEMICOLON .)
    TOKEN_KW_CATCH  reduce using rule 101 (break_stmt -> TOKEN_KW_BREAK TOKEN_SEMICOLON .)
    TOKEN_KW_RAISE  reduce using rule 101 (break_stmt -> TOKEN_KW_BREAK TOKEN_SEMICOLON .)
    TOKEN_KW_SPAWN  reduce using rule 101 (break_stmt -> TOKEN_KW_BREAK TOKEN_SEMICOLON .)
    TOKEN_KW_SELECT reduce using rule 101 (break_stmt -> TOKEN_KW_BREAK TOKEN_SEMICOLON .)
    TOKEN_KW_LOCK   reduce using rule 101 (break_stmt -> TOKEN_KW_BREAK TOKEN_SEMICOLON .)
    TOKEN_LBRACE    reduce using rule 101 (break_stmt -> TOKEN_KW_BREAK TOKEN_SEMICOLON .)
    TOKEN_KW_CAST   reduce using rule 101 (break_stmt -> TOKEN_KW_BREAK TOKEN_SEMICOLON .)
    TOKEN_KW_CHAN   reduce using rule 101 (break_stmt -> TOKEN_KW_BREAK TOKEN_SEMICOLON .)
    TOKEN_KW_MUTEX  reduce using rule 101 (break_stmt -> TOKEN_KW_BREAK TOKEN_SEMICOLON .)
    TOKEN_PLUS      reduce using rule 101 (break_stmt -> TOKEN_KW_BREAK TOKEN_SEMICOLON .)
    TOKEN_MINUS     reduce using rule 101 (break_stmt -> TOKEN_KW_BREAK TOKEN_SEMICOLON .)
    TOKEN_NOT       reduce using rule 101 (break_stmt -> TOKEN_KW_BREAK TOKEN_SEMICOLON .)
    TOKEN_BIT_NOT   reduce using rule 101 (break_stmt -> TOKEN_KW_BREAK TOKEN_SEMICOLON .)
    TOKEN_AMPERSAND reduce using rule 101 (break_stmt -> TOKEN_KW_BREAK TOKEN_SEMICOLON .)
    TOKEN_STAR      reduce using rule 101 (break_stmt -> TOKEN_KW_BREAK TOKEN_SEMICOLON .)
    TOKEN_KW_AWAIT  reduce using rule 101 (break_stmt -> TOKEN_KW_BREAK TOKEN_SEMICOLON .)
    TOKEN_KW_CONST  reduce using rule 101 (break_stmt -> TOKEN_KW_BREAK TOKEN_SEMICOLON .)
    TOKEN_KW_MUT    reduce using rule 101 (break_stmt -> TOKEN_KW_BREAK TOKEN_SEMICOLON .)
    TOKEN_KW_STATIC reduce using rule 101 (break_stmt -> TOKEN_KW_BREAK TOKEN_SEMICOLON .)
    TOKEN_KW_VOLATILE reduce using rule 101 (break_stmt -> TOKEN_KW_BREAK TOKEN_SEMICOLON .)
    TOKEN_KW_ATOMIC reduce using rule 101 (break_stmt -> TOKEN_KW_BREAK TOKEN_SEMICOLON .)
    TOKEN_KW_SHARED reduce using rule 101 (break_stmt -> TOKEN_KW_BREAK TOKEN_SEMICOLON .)
    TOKEN_KW_PRIVATE reduce using rule 101 (break_stmt -> TOKEN_KW_BREAK TOKEN_SEMICOLON .)
    TOKEN_KW_PUBLIC reduce using rule 101 (break_stmt -> TOKEN_KW_BREAK TOKEN_SEMICOLON .)
    TOKEN_IDENTIFIER reduce using rule 101 (break_stmt -> TOKEN_KW_BREAK TOKEN_SEMICOLON .)
    TOKEN_LPAREN    reduce using rule 101 (break_stmt -> TOKEN_KW_BREAK TOKEN_SEMICOLON .)
    TOKEN_KW_NULL   reduce using rule 101 (break_stmt -> TOKEN_KW_BREAK TOKEN_SEMICOLON .)
    TOKEN_INT_LITERAL reduce using rule 101 (break_stmt -> TOKEN_KW_BREAK TOKEN_SEMICOLON .)
    TOKEN_FLOAT_LITERAL reduce using rule 101 (break_stmt -> TOKEN_KW_BREAK TOKEN_SEMICOLON .)
    TOKEN_CHAR_LITERAL reduce using rule 101 (break_stmt -> TOKEN_KW_BREAK TOKEN_SEMICOLON .)
    TOKEN_STRING_LITERAL reduce using rule 101 (break_stmt -> TOKEN_KW_BREAK TOKEN_SEMICOLON .)
    TOKEN_BOOL_LITERAL reduce using rule 101 (break_stmt -> TOKEN_KW_BREAK TOKEN_SEMICOLON .)


state 303

    (100) continue_stmt -> TOKEN_KW_CONTINUE TOKEN_SEMICOLON .

    TOKEN_RBRACE    reduce using rule 100 (continue_stmt -> TOKEN_KW_CONTINUE TOKEN_SEMICOLON .)
    TOKEN_KW_IF     reduce using rule 100 (continue_stmt -> TOKEN_KW_CONTINUE TOKEN_SEMICOLON .)
    TOKEN_KW_WHILE  reduce using rule 100 (continue_stmt -> TOKEN_KW_CONTINUE TOKEN_SEMICOLON .)
    TOKEN_KW_DO     reduce using rule 100 (continue_stmt -> TOKEN_KW_CONTINUE TOKEN_SEMICOLON .)
    TOKEN_KW_FOR    reduce using rule 100 (continue_stmt -> TOKEN_KW_CONTINUE TOKEN_SEMICOLON .)
    TOKEN_KW_SWITCH reduce using rule 100 (continue_stmt -> TOKEN_KW_CONTINUE TOKEN_SEMICOLON .)
    TOKEN_KW_RETURN reduce using rule 100 (continue_stmt -> TOKEN_KW_CONTINUE TOKEN_SEMICOLON .)
    TOKEN_KW_BREAK  reduce using rule 100 (continue_stmt -> TOKEN_KW_CONTINUE TOKEN_SEMICOLON .)
    TOKEN_KW_CONTINUE reduce using rule 100 (continue_stmt -> TOKEN_KW_CONTINUE TOKEN_SEMICOLON .)
    TOKEN_KW_MATCH  reduce using rule 100 (continue_stmt -> TOKEN_KW_CONTINUE TOKEN_SEMICOLON .)
    TOKEN_KW_DEFER  reduce using rule 100 (continue_stmt -> TOKEN_KW_CONTINUE TOKEN_SEMICOLON .)
    TOKEN_GT        reduce using rule 100 (continue_stmt -> TOKEN_KW_CONTINUE TOKEN_SEMICOLON .)
    TOKEN_KW_MODULE reduce using rule 100 (continue_stmt -> TOKEN_KW_CONTINUE TOKEN_SEMICOLON .)
    TOKEN_KW_TRY    reduce using rule 100 (continue_stmt -> TOKEN_KW_CONTINUE TOKEN_SEMICOLON .)
    TOKEN_KW_CATCH  reduce using rule 100 (continue_stmt -> TOKEN_KW_CONTINUE TOKEN_SEMICOLON .)
    TOKEN_KW_RAISE  reduce using rule 100 (continue_stmt -> TOKEN_KW_CONTINUE TOKEN_SEMICOLON .)
    TOKEN_KW_SPAWN  reduce using rule 100 (continue_stmt -> TOKEN_KW_CONTINUE TOKEN_SEMICOLON .)
    TOKEN_KW_SELECT reduce using rule 100 (continue_stmt -> TOKEN_KW_CONTINUE TOKEN_SEMICOLON .)
    TOKEN_KW_LOCK   reduce using rule 100 (continue_stmt -> TOKEN_KW_CONTINUE TOKEN_SEMICOLON .)
    TOKEN_LBRACE    reduce using rule 100 (continue_stmt -> TOKEN_KW_CONTINUE TOKEN_SEMICOLON .)
    TOKEN_KW_CAST   reduce using rule 100 (continue_stmt -> TOKEN_KW_CONTINUE TOKEN_SEMICOLON .)
    TOKEN_KW_CHAN   reduce using rule 100 (continue_stmt -> TOKEN_KW_CONTINUE TOKEN_SEMICOLON .)
    TOKEN_KW_MUTEX  reduce using rule 100 (continue_stmt -> TOKEN_KW_CONTINUE TOKEN_SEMICOLON .)
    TOKEN_PLUS      reduce using rule 100 (continue_stmt -> TOKEN_KW_CONTINUE TOKEN_SEMICOLON .)
    TOKEN_MINUS     reduce using rule 100 (continue_stmt -> TOKEN_KW_CONTINUE TOKEN_SEMICOLON .)
    TOKEN_NOT       reduce using rule 100 (continue_stmt -> TOKEN_KW_CONTINUE TOKEN_SEMICOLON .)
    TOKEN_BIT_NOT   reduce using rule 100 (continue_stmt -> TOKEN_KW_CONTINUE TOKEN_SEMICOLON .)
    TOKEN_AMPERSAND reduce using rule 100 (continue_stmt -> TOKEN_KW_CONTINUE TOKEN_SEMICOLON .)
    TOKEN_STAR      reduce using rule 100 (continue_stmt -> TOKEN_KW_CONTINUE TOKEN_SEMICOLON .)
    TOKEN_KW_AWAIT  reduce using rule 100 (continue_stmt -> TOKEN_KW_CONTINUE TOKEN_SEMICOLON .)
    TOKEN_KW_CONST  reduce using rule 100 (continue_stmt -> TOKEN_KW_CONTINUE TOKEN_SEMICOLON .)
    TOKEN_KW_MUT    reduce using rule 100 (continue_stmt -> TOKEN_KW_CONTINUE TOKEN_SEMICOLON .)
    TOKEN_KW_STATIC reduce using rule 100 (continue_stmt -> TOKEN_KW_CONTINUE TOKEN_SEMICOLON .)
    TOKEN_KW_VOLATILE reduce using rule 100 (continue_stmt -> TOKEN_KW_CONTINUE TOKEN_SEMICOLON .)
    TOKEN_KW_ATOMIC reduce using rule 100 (continue_stmt -> TOKEN_KW_CONTINUE TOKEN_SEMICOLON .)
    TOKEN_KW_SHARED reduce using rule 100 (continue_stmt -> TOKEN_KW_CONTINUE TOKEN_SEMICOLON .)
    TOKEN_KW_PRIVATE reduce using rule 100 (continue_stmt -> TOKEN_KW_CONTINUE TOKEN_SEMICOLON .)
    TOKEN_KW_PUBLIC reduce using rule 100 (continue_stmt -> TOKEN_KW_CONTINUE TOKEN_SEMICOLON .)
    TOKEN_IDENTIFIER reduce using rule 100 (continue_stmt -> TOKEN_KW_CONTINUE TOKEN_SEMICOLON .)
    TOKEN_LPAREN    reduce using rule 100 (continue_stmt -> TOKEN_KW_CONTINUE TOKEN_SEMICOLON .)
    TOKEN_KW_NULL   reduce using rule 100 (continue_stmt -> TOKEN_KW_CONTINUE TOKEN_SEMICOLON .)
    TOKEN_INT_LITERAL reduce using rule 100 (continue_stmt -> TOKEN_KW_CONTINUE TOKEN_SEMICOLON .)
    TOKEN_FLOAT_LITERAL reduce using rule 100 (continue_stmt -> TOKEN_KW_CONTINUE TOKEN_SEMICOLON .)
    TOKEN_CHAR_LITERAL reduce using rule 100 (continue_stmt -> TOKEN_KW_CONTINUE TOKEN_SEMICOLON .)
    TOKEN_STRING_LITERAL reduce using rule 100 (continue_stmt -> TOKEN_KW_CONTINUE TOKEN_SEMICOLON .)
    TOKEN_BOOL_LITERAL reduce using rule 100 (continue_stmt -> TOKEN_KW_CONTINUE TOKEN_SEMICOLON .)


state 304

    (107) match_stmt -> TOKEN_KW_MATCH TOKEN_LPAREN . expr TOKEN_RPAREN TOKEN_COLON match_block
    (113) expr -> . assignment
    (159) expr -> . TOKEN_KW_CAST type TOKEN_ARROW expr
    (3) assignment -> . unary TOKEN_LSHIFT_ASSIGN assignment
    (14) assignment -> . unary TOKEN_RSHIFT_ASSIGN assignment
    (131) assignment -> . ternary
    (142) assignment -> . unary TOKEN_ASSIGN assignment
    (153) assignment -> . unary TOKEN_PLUS_EQ assignment
    (164) assignment -> . unary TOKEN_MINUS_EQ assignment
    (175) assignment -> . unary TOKEN_STAR_EQ assignment
    (186) assignment -> . unary TOKEN_SLASH_EQ assignment
    (197) assignment -> . unary TOKEN_MOD_EQ assignment
    (143) unary -> . TOKEN_PLUS unary
    (144) unary -> . TOKEN_MINUS unary
    (145) unary -> . TOKEN_NOT unary
    (146) unary -> . TOKEN_BIT_NOT unary
    (147) unary -> . TOKEN_AMPERSAND unary
    (148) unary -> . TOKEN_STAR unary
    (149) unary -> . TOKEN_KW_AWAIT unary
    (150) unary -> . postfix
    (25) ternary -> . logical_or
    (36) ternary -> . logical_or TOKEN_QUESTION expr TOKEN_COLON ternary
    (151) postfix -> . primary
    (152) postfix -> . postfix TOKEN_LPAREN arg_list TOKEN_RPAREN
    (154) postfix -> . postfix TOKEN_LBRACKET expr TOKEN_RBRACKET
    (155) postfix -> . postfix TOKEN_DOT TOKEN_IDENTIFIER
    (156) postfix -> . postfix TOKEN_SCOPE_RES TOKEN_IDENTIFIER
    (157) postfix -> . postfix TOKEN_ARROW TOKEN_IDENTIFIER
    (158) postfix -> . postfix TOKEN_LEFT_ARROW TOKEN_IDENTIFIER
    (47) logical_or -> . logical_and
    (58) logical_or -> . logical_or TOKEN_OR logical_and
    (160) primary -> . TOKEN_IDENTIFIER
    (161) primary -> . factor
    (162) primary -> . TOKEN_LPAREN expr TOKEN_RPAREN
    (163) primary -> . TOKEN_KW_NULL
    (69) logical_and -> . bit_or
    (80) logical_and -> . logical_and TOKEN_AND bit_or
    (54) factor -> . TOKEN_INT_LITERAL
    (55) factor -> . TOKEN_FLOAT_LITERAL
    (56) factor -> . TOKEN_CHAR_LITERAL
    (57) factor -> . TOKEN_STRING_LITERAL
    (59) factor -> . TOKEN_BOOL_LITERAL
    (91) bit_or -> . xor
    (102) bit_or -> . bit_or TOKEN_BIT_OR xor
    (114) xor -> . bit_and
    (122) xor -> . xor TOKEN_XOR bit_and
    (123) bit_and -> . equality
    (124) bit_and -> . bit_and TOKEN_AMPERSAND equality
    (125) bit_and -> . bit_and TOKEN_NAND equality
    (126) equality -> . relational
    (127) equality -> . equality TOKEN_EQ relational
    (128) equality -> . equality TOKEN_NEQ relational
    (129) relational -> . additive
    (130) relational -> . relational TOKEN_LT additive
    (132) relational -> . relational TOKEN_GT additive
    (133) relational -> . relational TOKEN_LE additive
    (134) relational -> . relational TOKEN_GE additive
    (135) additive -> . multiplicative
    (136) additive -> . additive TOKEN_PLUS multiplicative
    (137) additive -> . additive TOKEN_MINUS multiplicative
    (138) multiplicative -> . unary
    (139) multiplicative -> . multiplicative TOKEN_STAR unary
    (140) multiplicative -> . multiplicative TOKEN_SLASH unary
    (141) multiplicative -> . multiplicative TOKEN_MOD unary

    TOKEN_KW_CAST   shift and go to state 75
    TOKEN_PLUS      shift and go to state 78
    TOKEN_MINUS     shift and go to state 79
    TOKEN_NOT       shift and go to state 80
    TOKEN_BIT_NOT   shift and go to state 81
    TOKEN_AMPERSAND shift and go to state 82
    TOKEN_STAR      shift and go to state 83
    TOKEN_KW_AWAIT  shift and go to state 84
    TOKEN_IDENTIFIER shift and go to state 72
    TOKEN_LPAREN    shift and go to state 88
    TOKEN_KW_NULL   shift and go to state 91
    TOKEN_INT_LITERAL shift and go to state 93
    TOKEN_FLOAT_LITERAL shift and go to state 94
    TOKEN_CHAR_LITERAL shift and go to state 95
    TOKEN_STRING_LITERAL shift and go to state 96
    TOKEN_BOOL_LITERAL shift and go to state 97

    expr                           shift and go to state 324
    assignment                     shift and go to state 74
    unary                          shift and go to state 76
    ternary                        shift and go to state 77
    postfix                        shift and go to state 85
    logical_or                     shift and go to state 86
    primary                        shift and go to state 87
    logical_and                    shift and go to state 89
    factor                         shift and go to state 90
    bit_or                         shift and go to state 92
    xor                            shift and go to state 98
    bit_and                        shift and go to state 99
    equality                       shift and go to state 100
    relational                     shift and go to state 101
    additive                       shift and go to state 102
    multiplicative                 shift and go to state 103

state 305

    (109) defer_stmt -> TOKEN_KW_DEFER TOKEN_LPAREN . expr TOKEN_RPAREN TOKEN_SEMICOLON
    (113) expr -> . assignment
    (159) expr -> . TOKEN_KW_CAST type TOKEN_ARROW expr
    (3) assignment -> . unary TOKEN_LSHIFT_ASSIGN assignment
    (14) assignment -> . unary TOKEN_RSHIFT_ASSIGN assignment
    (131) assignment -> . ternary
    (142) assignment -> . unary TOKEN_ASSIGN assignment
    (153) assignment -> . unary TOKEN_PLUS_EQ assignment
    (164) assignment -> . unary TOKEN_MINUS_EQ assignment
    (175) assignment -> . unary TOKEN_STAR_EQ assignment
    (186) assignment -> . unary TOKEN_SLASH_EQ assignment
    (197) assignment -> . unary TOKEN_MOD_EQ assignment
    (143) unary -> . TOKEN_PLUS unary
    (144) unary -> . TOKEN_MINUS unary
    (145) unary -> . TOKEN_NOT unary
    (146) unary -> . TOKEN_BIT_NOT unary
    (147) unary -> . TOKEN_AMPERSAND unary
    (148) unary -> . TOKEN_STAR unary
    (149) unary -> . TOKEN_KW_AWAIT unary
    (150) unary -> . postfix
    (25) ternary -> . logical_or
    (36) ternary -> . logical_or TOKEN_QUESTION expr TOKEN_COLON ternary
    (151) postfix -> . primary
    (152) postfix -> . postfix TOKEN_LPAREN arg_list TOKEN_RPAREN
    (154) postfix -> . postfix TOKEN_LBRACKET expr TOKEN_RBRACKET
    (155) postfix -> . postfix TOKEN_DOT TOKEN_IDENTIFIER
    (156) postfix -> . postfix TOKEN_SCOPE_RES TOKEN_IDENTIFIER
    (157) postfix -> . postfix TOKEN_ARROW TOKEN_IDENTIFIER
    (158) postfix -> . postfix TOKEN_LEFT_ARROW TOKEN_IDENTIFIER
    (47) logical_or -> . logical_and
    (58) logical_or -> . logical_or TOKEN_OR logical_and
    (160) primary -> . TOKEN_IDENTIFIER
    (161) primary -> . factor
    (162) primary -> . TOKEN_LPAREN expr TOKEN_RPAREN
    (163) primary -> . TOKEN_KW_NULL
    (69) logical_and -> . bit_or
    (80) logical_and -> . logical_and TOKEN_AND bit_or
    (54) factor -> . TOKEN_INT_LITERAL
    (55) factor -> . TOKEN_FLOAT_LITERAL
    (56) factor -> . TOKEN_CHAR_LITERAL
    (57) factor -> . TOKEN_STRING_LITERAL
    (59) factor -> . TOKEN_BOOL_LITERAL
    (91) bit_or -> . xor
    (102) bit_or -> . bit_or TOKEN_BIT_OR xor
    (114) xor -> . bit_and
    (122) xor -> . xor TOKEN_XOR bit_and
    (123) bit_and -> . equality
    (124) bit_and -> . bit_and TOKEN_AMPERSAND equality
    (125) bit_and -> . bit_and TOKEN_NAND equality
    (126) equality -> . relational
    (127) equality -> . equality TOKEN_EQ relational
    (128) equality -> . equality TOKEN_NEQ relational
    (129) relational -> . additive
    (130) relational -> . relational TOKEN_LT additive
    (132) relational -> . relational TOKEN_GT additive
    (133) relational -> . relational TOKEN_LE additive
    (134) relational -> . relational TOKEN_GE additive
    (135) additive -> . multiplicative
    (136) additive -> . additive TOKEN_PLUS multiplicative
    (137) additive -> . additive TOKEN_MINUS multiplicative
    (138) multiplicative -> . unary
    (139) multiplicative -> . multiplicative TOKEN_STAR unary
    (140) multiplicative -> . multiplicative TOKEN_SLASH unary
    (141) multiplicative -> . multiplicative TOKEN_MOD unary

    TOKEN_KW_CAST   shift and go to state 75
    TOKEN_PLUS      shift and go to state 78
    TOKEN_MINUS     shift and go to state 79
    TOKEN_NOT       shift and go to state 80
    TOKEN_BIT_NOT   shift and go to state 81
    TOKEN_AMPERSAND shift and go to state 82
    TOKEN_STAR      shift and go to state 83
    TOKEN_KW_AWAIT  shift and go to state 84
    TOKEN_IDENTIFIER shift and go to state 72
    TOKEN_LPAREN    shift and go to state 88
    TOKEN_KW_NULL   shift and go to state 91
    TOKEN_INT_LITERAL shift and go to state 93
    TOKEN_FLOAT_LITERAL shift and go to state 94
    TOKEN_CHAR_LITERAL shift and go to state 95
    TOKEN_STRING_LITERAL shift and go to state 96
    TOKEN_BOOL_LITERAL shift and go to state 97

    expr                           shift and go to state 325
    assignment                     shift and go to state 74
    unary                          shift and go to state 76
    ternary                        shift and go to state 77
    postfix                        shift and go to state 85
    logical_or                     shift and go to state 86
    primary                        shift and go to state 87
    logical_and                    shift and go to state 89
    factor                         shift and go to state 90
    bit_or                         shift and go to state 92
    xor                            shift and go to state 98
    bit_and                        shift and go to state 99
    equality                       shift and go to state 100
    relational                     shift and go to state 101
    additive                       shift and go to state 102
    multiplicative                 shift and go to state 103

state 306

    (110) import_stmt -> TOKEN_GT TOKEN_KW_IMPORT . TOKEN_IDENTIFIER

    TOKEN_IDENTIFIER shift and go to state 326


state 307

    (111) module_stmt -> TOKEN_KW_MODULE module_list . TOKEN_SEMICOLON
    (112) module_list -> module_list . TOKEN_SCOPE_RES TOKEN_IDENTIFIER

    TOKEN_SEMICOLON shift and go to state 327
    TOKEN_SCOPE_RES shift and go to state 328


state 308

    (115) module_list -> TOKEN_IDENTIFIER .

    TOKEN_SEMICOLON reduce using rule 115 (module_list -> TOKEN_IDENTIFIER .)
    TOKEN_SCOPE_RES reduce using rule 115 (module_list -> TOKEN_IDENTIFIER .)


state 309

    (116) try_stmt -> TOKEN_KW_TRY TOKEN_COLON . TOKEN_LBRACE stmt_list TOKEN_RBRACE catch_stmt

    TOKEN_LBRACE    shift and go to state 329


state 310

    (117) catch_stmt -> TOKEN_KW_CATCH TOKEN_LPAREN . TOKEN_IDENTIFIER TOKEN_RPAREN TOKEN_COLON TOKEN_LBRACE stmt_list TOKEN_RBRACE

    TOKEN_IDENTIFIER shift and go to state 330


state 311

    (118) raise_stmt -> TOKEN_KW_RAISE expr . TOKEN_SEMICOLON

    TOKEN_SEMICOLON shift and go to state 331


state 312

    (119) spawn_stmt -> TOKEN_KW_SPAWN expr . TOKEN_SEMICOLON

    TOKEN_SEMICOLON shift and go to state 332


state 313

    (120) select_stmt -> TOKEN_KW_SELECT case_block .

    TOKEN_RBRACE    reduce using rule 120 (select_stmt -> TOKEN_KW_SELECT case_block .)
    TOKEN_KW_IF     reduce using rule 120 (select_stmt -> TOKEN_KW_SELECT case_block .)
    TOKEN_KW_WHILE  reduce using rule 120 (select_stmt -> TOKEN_KW_SELECT case_block .)
    TOKEN_KW_DO     reduce using rule 120 (select_stmt -> TOKEN_KW_SELECT case_block .)
    TOKEN_KW_FOR    reduce using rule 120 (select_stmt -> TOKEN_KW_SELECT case_block .)
    TOKEN_KW_SWITCH reduce using rule 120 (select_stmt -> TOKEN_KW_SELECT case_block .)
    TOKEN_KW_RETURN reduce using rule 120 (select_stmt -> TOKEN_KW_SELECT case_block .)
    TOKEN_KW_BREAK  reduce using rule 120 (select_stmt -> TOKEN_KW_SELECT case_block .)
    TOKEN_KW_CONTINUE reduce using rule 120 (select_stmt -> TOKEN_KW_SELECT case_block .)
    TOKEN_KW_MATCH  reduce using rule 120 (select_stmt -> TOKEN_KW_SELECT case_block .)
    TOKEN_KW_DEFER  reduce using rule 120 (select_stmt -> TOKEN_KW_SELECT case_block .)
    TOKEN_GT        reduce using rule 120 (select_stmt -> TOKEN_KW_SELECT case_block .)
    TOKEN_KW_MODULE reduce using rule 120 (select_stmt -> TOKEN_KW_SELECT case_block .)
    TOKEN_KW_TRY    reduce using rule 120 (select_stmt -> TOKEN_KW_SELECT case_block .)
    TOKEN_KW_CATCH  reduce using rule 120 (select_stmt -> TOKEN_KW_SELECT case_block .)
    TOKEN_KW_RAISE  reduce using rule 120 (select_stmt -> TOKEN_KW_SELECT case_block .)
    TOKEN_KW_SPAWN  reduce using rule 120 (select_stmt -> TOKEN_KW_SELECT case_block .)
    TOKEN_KW_SELECT reduce using rule 120 (select_stmt -> TOKEN_KW_SELECT case_block .)
    TOKEN_KW_LOCK   reduce using rule 120 (select_stmt -> TOKEN_KW_SELECT case_block .)
    TOKEN_LBRACE    reduce using rule 120 (select_stmt -> TOKEN_KW_SELECT case_block .)
    TOKEN_KW_CAST   reduce using rule 120 (select_stmt -> TOKEN_KW_SELECT case_block .)
    TOKEN_KW_CHAN   reduce using rule 120 (select_stmt -> TOKEN_KW_SELECT case_block .)
    TOKEN_KW_MUTEX  reduce using rule 120 (select_stmt -> TOKEN_KW_SELECT case_block .)
    TOKEN_PLUS      reduce using rule 120 (select_stmt -> TOKEN_KW_SELECT case_block .)
    TOKEN_MINUS     reduce using rule 120 (select_stmt -> TOKEN_KW_SELECT case_block .)
    TOKEN_NOT       reduce using rule 120 (select_stmt -> TOKEN_KW_SELECT case_block .)
    TOKEN_BIT_NOT   reduce using rule 120 (select_stmt -> TOKEN_KW_SELECT case_block .)
    TOKEN_AMPERSAND reduce using rule 120 (select_stmt -> TOKEN_KW_SELECT case_block .)
    TOKEN_STAR      reduce using rule 120 (select_stmt -> TOKEN_KW_SELECT case_block .)
    TOKEN_KW_AWAIT  reduce using rule 120 (select_stmt -> TOKEN_KW_SELECT case_block .)
    TOKEN_KW_CONST  reduce using rule 120 (select_stmt -> TOKEN_KW_SELECT case_block .)
    TOKEN_KW_MUT    reduce using rule 120 (select_stmt -> TOKEN_KW_SELECT case_block .)
    TOKEN_KW_STATIC reduce using rule 120 (select_stmt -> TOKEN_KW_SELECT case_block .)
    TOKEN_KW_VOLATILE reduce using rule 120 (select_stmt -> TOKEN_KW_SELECT case_block .)
    TOKEN_KW_ATOMIC reduce using rule 120 (select_stmt -> TOKEN_KW_SELECT case_block .)
    TOKEN_KW_SHARED reduce using rule 120 (select_stmt -> TOKEN_KW_SELECT case_block .)
    TOKEN_KW_PRIVATE reduce using rule 120 (select_stmt -> TOKEN_KW_SELECT case_block .)
    TOKEN_KW_PUBLIC reduce using rule 120 (select_stmt -> TOKEN_KW_SELECT case_block .)
    TOKEN_IDENTIFIER reduce using rule 120 (select_stmt -> TOKEN_KW_SELECT case_block .)
    TOKEN_LPAREN    reduce using rule 120 (select_stmt -> TOKEN_KW_SELECT case_block .)
    TOKEN_KW_NULL   reduce using rule 120 (select_stmt -> TOKEN_KW_SELECT case_block .)
    TOKEN_INT_LITERAL reduce using rule 120 (select_stmt -> TOKEN_KW_SELECT case_block .)
    TOKEN_FLOAT_LITERAL reduce using rule 120 (select_stmt -> TOKEN_KW_SELECT case_block .)
    TOKEN_CHAR_LITERAL reduce using rule 120 (select_stmt -> TOKEN_KW_SELECT case_block .)
    TOKEN_STRING_LITERAL reduce using rule 120 (select_stmt -> TOKEN_KW_SELECT case_block .)
    TOKEN_BOOL_LITERAL reduce using rule 120 (select_stmt -> TOKEN_KW_SELECT case_block .)


state 314

    (71) case_block -> TOKEN_LBRACE . case_list default_stmt TOKEN_RBRACE
    (72) case_block -> TOKEN_LBRACE . case_list TOKEN_RBRACE
    (103) case_list -> . case_list case_stmt
    (104) case_list -> . case_stmt
    (98) case_stmt -> . TOKEN_KW_CASE expr TOKEN_COLON block TOKEN_KW_BREAK TOKEN_SEMICOLON

    TOKEN_KW_CASE   shift and go to state 335

    case_list                      shift and go to state 333
    case_stmt                      shift and go to state 334

state 315

    (121) lock_stmt -> TOKEN_KW_LOCK TOKEN_LPAREN . expr TOKEN_RPAREN block
    (113) expr -> . assignment
    (159) expr -> . TOKEN_KW_CAST type TOKEN_ARROW expr
    (3) assignment -> . unary TOKEN_LSHIFT_ASSIGN assignment
    (14) assignment -> . unary TOKEN_RSHIFT_ASSIGN assignment
    (131) assignment -> . ternary
    (142) assignment -> . unary TOKEN_ASSIGN assignment
    (153) assignment -> . unary TOKEN_PLUS_EQ assignment
    (164) assignment -> . unary TOKEN_MINUS_EQ assignment
    (175) assignment -> . unary TOKEN_STAR_EQ assignment
    (186) assignment -> . unary TOKEN_SLASH_EQ assignment
    (197) assignment -> . unary TOKEN_MOD_EQ assignment
    (143) unary -> . TOKEN_PLUS unary
    (144) unary -> . TOKEN_MINUS unary
    (145) unary -> . TOKEN_NOT unary
    (146) unary -> . TOKEN_BIT_NOT unary
    (147) unary -> . TOKEN_AMPERSAND unary
    (148) unary -> . TOKEN_STAR unary
    (149) unary -> . TOKEN_KW_AWAIT unary
    (150) unary -> . postfix
    (25) ternary -> . logical_or
    (36) ternary -> . logical_or TOKEN_QUESTION expr TOKEN_COLON ternary
    (151) postfix -> . primary
    (152) postfix -> . postfix TOKEN_LPAREN arg_list TOKEN_RPAREN
    (154) postfix -> . postfix TOKEN_LBRACKET expr TOKEN_RBRACKET
    (155) postfix -> . postfix TOKEN_DOT TOKEN_IDENTIFIER
    (156) postfix -> . postfix TOKEN_SCOPE_RES TOKEN_IDENTIFIER
    (157) postfix -> . postfix TOKEN_ARROW TOKEN_IDENTIFIER
    (158) postfix -> . postfix TOKEN_LEFT_ARROW TOKEN_IDENTIFIER
    (47) logical_or -> . logical_and
    (58) logical_or -> . logical_or TOKEN_OR logical_and
    (160) primary -> . TOKEN_IDENTIFIER
    (161) primary -> . factor
    (162) primary -> . TOKEN_LPAREN expr TOKEN_RPAREN
    (163) primary -> . TOKEN_KW_NULL
    (69) logical_and -> . bit_or
    (80) logical_and -> . logical_and TOKEN_AND bit_or
    (54) factor -> . TOKEN_INT_LITERAL
    (55) factor -> . TOKEN_FLOAT_LITERAL
    (56) factor -> . TOKEN_CHAR_LITERAL
    (57) factor -> . TOKEN_STRING_LITERAL
    (59) factor -> . TOKEN_BOOL_LITERAL
    (91) bit_or -> . xor
    (102) bit_or -> . bit_or TOKEN_BIT_OR xor
    (114) xor -> . bit_and
    (122) xor -> . xor TOKEN_XOR bit_and
    (123) bit_and -> . equality
    (124) bit_and -> . bit_and TOKEN_AMPERSAND equality
    (125) bit_and -> . bit_and TOKEN_NAND equality
    (126) equality -> . relational
    (127) equality -> . equality TOKEN_EQ relational
    (128) equality -> . equality TOKEN_NEQ relational
    (129) relational -> . additive
    (130) relational -> . relational TOKEN_LT additive
    (132) relational -> . relational TOKEN_GT additive
    (133) relational -> . relational TOKEN_LE additive
    (134) relational -> . relational TOKEN_GE additive
    (135) additive -> . multiplicative
    (136) additive -> . additive TOKEN_PLUS multiplicative
    (137) additive -> . additive TOKEN_MINUS multiplicative
    (138) multiplicative -> . unary
    (139) multiplicative -> . multiplicative TOKEN_STAR unary
    (140) multiplicative -> . multiplicative TOKEN_SLASH unary
    (141) multiplicative -> . multiplicative TOKEN_MOD unary

    TOKEN_KW_CAST   shift and go to state 75
    TOKEN_PLUS      shift and go to state 78
    TOKEN_MINUS     shift and go to state 79
    TOKEN_NOT       shift and go to state 80
    TOKEN_BIT_NOT   shift and go to state 81
    TOKEN_AMPERSAND shift and go to state 82
    TOKEN_STAR      shift and go to state 83
    TOKEN_KW_AWAIT  shift and go to state 84
    TOKEN_IDENTIFIER shift and go to state 72
    TOKEN_LPAREN    shift and go to state 88
    TOKEN_KW_NULL   shift and go to state 91
    TOKEN_INT_LITERAL shift and go to state 93
    TOKEN_FLOAT_LITERAL shift and go to state 94
    TOKEN_CHAR_LITERAL shift and go to state 95
    TOKEN_STRING_LITERAL shift and go to state 96
    TOKEN_BOOL_LITERAL shift and go to state 97

    expr                           shift and go to state 336
    assignment                     shift and go to state 74
    unary                          shift and go to state 76
    ternary                        shift and go to state 77
    postfix                        shift and go to state 85
    logical_or                     shift and go to state 86
    primary                        shift and go to state 87
    logical_and                    shift and go to state 89
    factor                         shift and go to state 90
    bit_or                         shift and go to state 92
    xor                            shift and go to state 98
    bit_and                        shift and go to state 99
    equality                       shift and go to state 100
    relational                     shift and go to state 101
    additive                       shift and go to state 102
    multiplicative                 shift and go to state 103

state 316

    (68) block -> TOKEN_LBRACE stmt_list TOKEN_RBRACE .

    TOKEN_RBRACE    reduce using rule 68 (block -> TOKEN_LBRACE stmt_list TOKEN_RBRACE .)
    TOKEN_KW_IF     reduce using rule 68 (block -> TOKEN_LBRACE stmt_list TOKEN_RBRACE .)
    TOKEN_KW_WHILE  reduce using rule 68 (block -> TOKEN_LBRACE stmt_list TOKEN_RBRACE .)
    TOKEN_KW_DO     reduce using rule 68 (block -> TOKEN_LBRACE stmt_list TOKEN_RBRACE .)
    TOKEN_KW_FOR    reduce using rule 68 (block -> TOKEN_LBRACE stmt_list TOKEN_RBRACE .)
    TOKEN_KW_SWITCH reduce using rule 68 (block -> TOKEN_LBRACE stmt_list TOKEN_RBRACE .)
    TOKEN_KW_RETURN reduce using rule 68 (block -> TOKEN_LBRACE stmt_list TOKEN_RBRACE .)
    TOKEN_KW_BREAK  reduce using rule 68 (block -> TOKEN_LBRACE stmt_list TOKEN_RBRACE .)
    TOKEN_KW_CONTINUE reduce using rule 68 (block -> TOKEN_LBRACE stmt_list TOKEN_RBRACE .)
    TOKEN_KW_MATCH  reduce using rule 68 (block -> TOKEN_LBRACE stmt_list TOKEN_RBRACE .)
    TOKEN_KW_DEFER  reduce using rule 68 (block -> TOKEN_LBRACE stmt_list TOKEN_RBRACE .)
    TOKEN_GT        reduce using rule 68 (block -> TOKEN_LBRACE stmt_list TOKEN_RBRACE .)
    TOKEN_KW_MODULE reduce using rule 68 (block -> TOKEN_LBRACE stmt_list TOKEN_RBRACE .)
    TOKEN_KW_TRY    reduce using rule 68 (block -> TOKEN_LBRACE stmt_list TOKEN_RBRACE .)
    TOKEN_KW_CATCH  reduce using rule 68 (block -> TOKEN_LBRACE stmt_list TOKEN_RBRACE .)
    TOKEN_KW_RAISE  reduce using rule 68 (block -> TOKEN_LBRACE stmt_list TOKEN_RBRACE .)
    TOKEN_KW_SPAWN  reduce using rule 68 (block -> TOKEN_LBRACE stmt_list TOKEN_RBRACE .)
    TOKEN_KW_SELECT reduce using rule 68 (block -> TOKEN_LBRACE stmt_list TOKEN_RBRACE .)
    TOKEN_KW_LOCK   reduce using rule 68 (block -> TOKEN_LBRACE stmt_list TOKEN_RBRACE .)
    TOKEN_LBRACE    reduce using rule 68 (block -> TOKEN_LBRACE stmt_list TOKEN_RBRACE .)
    TOKEN_KW_CAST   reduce using rule 68 (block -> TOKEN_LBRACE stmt_list TOKEN_RBRACE .)
    TOKEN_KW_CHAN   reduce using rule 68 (block -> TOKEN_LBRACE stmt_list TOKEN_RBRACE .)
    TOKEN_KW_MUTEX  reduce using rule 68 (block -> TOKEN_LBRACE stmt_list TOKEN_RBRACE .)
    TOKEN_PLUS      reduce using rule 68 (block -> TOKEN_LBRACE stmt_list TOKEN_RBRACE .)
    TOKEN_MINUS     reduce using rule 68 (block -> TOKEN_LBRACE stmt_list TOKEN_RBRACE .)
    TOKEN_NOT       reduce using rule 68 (block -> TOKEN_LBRACE stmt_list TOKEN_RBRACE .)
    TOKEN_BIT_NOT   reduce using rule 68 (block -> TOKEN_LBRACE stmt_list TOKEN_RBRACE .)
    TOKEN_AMPERSAND reduce using rule 68 (block -> TOKEN_LBRACE stmt_list TOKEN_RBRACE .)
    TOKEN_STAR      reduce using rule 68 (block -> TOKEN_LBRACE stmt_list TOKEN_RBRACE .)
    TOKEN_KW_AWAIT  reduce using rule 68 (block -> TOKEN_LBRACE stmt_list TOKEN_RBRACE .)
    TOKEN_KW_CONST  reduce using rule 68 (block -> TOKEN_LBRACE stmt_list TOKEN_RBRACE .)
    TOKEN_KW_MUT    reduce using rule 68 (block -> TOKEN_LBRACE stmt_list TOKEN_RBRACE .)
    TOKEN_KW_STATIC reduce using rule 68 (block -> TOKEN_LBRACE stmt_list TOKEN_RBRACE .)
    TOKEN_KW_VOLATILE reduce using rule 68 (block -> TOKEN_LBRACE stmt_list TOKEN_RBRACE .)
    TOKEN_KW_ATOMIC reduce using rule 68 (block -> TOKEN_LBRACE stmt_list TOKEN_RBRACE .)
    TOKEN_KW_SHARED reduce using rule 68 (block -> TOKEN_LBRACE stmt_list TOKEN_RBRACE .)
    TOKEN_KW_PRIVATE reduce using rule 68 (block -> TOKEN_LBRACE stmt_list TOKEN_RBRACE .)
    TOKEN_KW_PUBLIC reduce using rule 68 (block -> TOKEN_LBRACE stmt_list TOKEN_RBRACE .)
    TOKEN_IDENTIFIER reduce using rule 68 (block -> TOKEN_LBRACE stmt_list TOKEN_RBRACE .)
    TOKEN_LPAREN    reduce using rule 68 (block -> TOKEN_LBRACE stmt_list TOKEN_RBRACE .)
    TOKEN_KW_NULL   reduce using rule 68 (block -> TOKEN_LBRACE stmt_list TOKEN_RBRACE .)
    TOKEN_INT_LITERAL reduce using rule 68 (block -> TOKEN_LBRACE stmt_list TOKEN_RBRACE .)
    TOKEN_FLOAT_LITERAL reduce using rule 68 (block -> TOKEN_LBRACE stmt_list TOKEN_RBRACE .)
    TOKEN_CHAR_LITERAL reduce using rule 68 (block -> TOKEN_LBRACE stmt_list TOKEN_RBRACE .)
    TOKEN_STRING_LITERAL reduce using rule 68 (block -> TOKEN_LBRACE stmt_list TOKEN_RBRACE .)
    TOKEN_BOOL_LITERAL reduce using rule 68 (block -> TOKEN_LBRACE stmt_list TOKEN_RBRACE .)
    TOKEN_KW_ELSE   reduce using rule 68 (block -> TOKEN_LBRACE stmt_list TOKEN_RBRACE .)
    TOKEN_SEMICOLON reduce using rule 68 (block -> TOKEN_LBRACE stmt_list TOKEN_RBRACE .)


state 317

    (87) if_stmt -> TOKEN_KW_IF TOKEN_LPAREN expr . TOKEN_RPAREN block else

    TOKEN_RPAREN    shift and go to state 337


state 318

    (93) while_stmt -> TOKEN_KW_WHILE TOKEN_LPAREN expr . TOKEN_RPAREN stmt

    TOKEN_RPAREN    shift and go to state 338


state 319

    (94) do_stmt -> TOKEN_KW_DO block TOKEN_KW_WHILE . TOKEN_LPAREN expr TOKEN_RPAREN TOKEN_SEMICOLON

    TOKEN_LPAREN    shift and go to state 339


state 320

    (95) for_stmt -> TOKEN_KW_FOR TOKEN_LPAREN for_init . TOKEN_RPAREN stmt

    TOKEN_RPAREN    shift and go to state 340


state 321

    (96) for_init -> type . TOKEN_IDENTIFIER TOKEN_ASSIGN expr TOKEN_COMMA expr TOKEN_COMMA expr

    TOKEN_IDENTIFIER shift and go to state 341


state 322

    (97) switch_stmt -> TOKEN_KW_SWITCH TOKEN_LPAREN expr . TOKEN_RPAREN case_block

    TOKEN_RPAREN    shift and go to state 342


state 323

    (105) return_stmt -> TOKEN_KW_RETURN expr TOKEN_SEMICOLON .

    TOKEN_RBRACE    reduce using rule 105 (return_stmt -> TOKEN_KW_RETURN expr TOKEN_SEMICOLON .)
    TOKEN_KW_IF     reduce using rule 105 (return_stmt -> TOKEN_KW_RETURN expr TOKEN_SEMICOLON .)
    TOKEN_KW_WHILE  reduce using rule 105 (return_stmt -> TOKEN_KW_RETURN expr TOKEN_SEMICOLON .)
    TOKEN_KW_DO     reduce using rule 105 (return_stmt -> TOKEN_KW_RETURN expr TOKEN_SEMICOLON .)
    TOKEN_KW_FOR    reduce using rule 105 (return_stmt -> TOKEN_KW_RETURN expr TOKEN_SEMICOLON .)
    TOKEN_KW_SWITCH reduce using rule 105 (return_stmt -> TOKEN_KW_RETURN expr TOKEN_SEMICOLON .)
    TOKEN_KW_RETURN reduce using rule 105 (return_stmt -> TOKEN_KW_RETURN expr TOKEN_SEMICOLON .)
    TOKEN_KW_BREAK  reduce using rule 105 (return_stmt -> TOKEN_KW_RETURN expr TOKEN_SEMICOLON .)
    TOKEN_KW_CONTINUE reduce using rule 105 (return_stmt -> TOKEN_KW_RETURN expr TOKEN_SEMICOLON .)
    TOKEN_KW_MATCH  reduce using rule 105 (return_stmt -> TOKEN_KW_RETURN expr TOKEN_SEMICOLON .)
    TOKEN_KW_DEFER  reduce using rule 105 (return_stmt -> TOKEN_KW_RETURN expr TOKEN_SEMICOLON .)
    TOKEN_GT        reduce using rule 105 (return_stmt -> TOKEN_KW_RETURN expr TOKEN_SEMICOLON .)
    TOKEN_KW_MODULE reduce using rule 105 (return_stmt -> TOKEN_KW_RETURN expr TOKEN_SEMICOLON .)
    TOKEN_KW_TRY    reduce using rule 105 (return_stmt -> TOKEN_KW_RETURN expr TOKEN_SEMICOLON .)
    TOKEN_KW_CATCH  reduce using rule 105 (return_stmt -> TOKEN_KW_RETURN expr TOKEN_SEMICOLON .)
    TOKEN_KW_RAISE  reduce using rule 105 (return_stmt -> TOKEN_KW_RETURN expr TOKEN_SEMICOLON .)
    TOKEN_KW_SPAWN  reduce using rule 105 (return_stmt -> TOKEN_KW_RETURN expr TOKEN_SEMICOLON .)
    TOKEN_KW_SELECT reduce using rule 105 (return_stmt -> TOKEN_KW_RETURN expr TOKEN_SEMICOLON .)
    TOKEN_KW_LOCK   reduce using rule 105 (return_stmt -> TOKEN_KW_RETURN expr TOKEN_SEMICOLON .)
    TOKEN_LBRACE    reduce using rule 105 (return_stmt -> TOKEN_KW_RETURN expr TOKEN_SEMICOLON .)
    TOKEN_KW_CAST   reduce using rule 105 (return_stmt -> TOKEN_KW_RETURN expr TOKEN_SEMICOLON .)
    TOKEN_KW_CHAN   reduce using rule 105 (return_stmt -> TOKEN_KW_RETURN expr TOKEN_SEMICOLON .)
    TOKEN_KW_MUTEX  reduce using rule 105 (return_stmt -> TOKEN_KW_RETURN expr TOKEN_SEMICOLON .)
    TOKEN_PLUS      reduce using rule 105 (return_stmt -> TOKEN_KW_RETURN expr TOKEN_SEMICOLON .)
    TOKEN_MINUS     reduce using rule 105 (return_stmt -> TOKEN_KW_RETURN expr TOKEN_SEMICOLON .)
    TOKEN_NOT       reduce using rule 105 (return_stmt -> TOKEN_KW_RETURN expr TOKEN_SEMICOLON .)
    TOKEN_BIT_NOT   reduce using rule 105 (return_stmt -> TOKEN_KW_RETURN expr TOKEN_SEMICOLON .)
    TOKEN_AMPERSAND reduce using rule 105 (return_stmt -> TOKEN_KW_RETURN expr TOKEN_SEMICOLON .)
    TOKEN_STAR      reduce using rule 105 (return_stmt -> TOKEN_KW_RETURN expr TOKEN_SEMICOLON .)
    TOKEN_KW_AWAIT  reduce using rule 105 (return_stmt -> TOKEN_KW_RETURN expr TOKEN_SEMICOLON .)
    TOKEN_KW_CONST  reduce using rule 105 (return_stmt -> TOKEN_KW_RETURN expr TOKEN_SEMICOLON .)
    TOKEN_KW_MUT    reduce using rule 105 (return_stmt -> TOKEN_KW_RETURN expr TOKEN_SEMICOLON .)
    TOKEN_KW_STATIC reduce using rule 105 (return_stmt -> TOKEN_KW_RETURN expr TOKEN_SEMICOLON .)
    TOKEN_KW_VOLATILE reduce using rule 105 (return_stmt -> TOKEN_KW_RETURN expr TOKEN_SEMICOLON .)
    TOKEN_KW_ATOMIC reduce using rule 105 (return_stmt -> TOKEN_KW_RETURN expr TOKEN_SEMICOLON .)
    TOKEN_KW_SHARED reduce using rule 105 (return_stmt -> TOKEN_KW_RETURN expr TOKEN_SEMICOLON .)
    TOKEN_KW_PRIVATE reduce using rule 105 (return_stmt -> TOKEN_KW_RETURN expr TOKEN_SEMICOLON .)
    TOKEN_KW_PUBLIC reduce using rule 105 (return_stmt -> TOKEN_KW_RETURN expr TOKEN_SEMICOLON .)
    TOKEN_IDENTIFIER reduce using rule 105 (return_stmt -> TOKEN_KW_RETURN expr TOKEN_SEMICOLON .)
    TOKEN_LPAREN    reduce using rule 105 (return_stmt -> TOKEN_KW_RETURN expr TOKEN_SEMICOLON .)
    TOKEN_KW_NULL   reduce using rule 105 (return_stmt -> TOKEN_KW_RETURN expr TOKEN_SEMICOLON .)
    TOKEN_INT_LITERAL reduce using rule 105 (return_stmt -> TOKEN_KW_RETURN expr TOKEN_SEMICOLON .)
    TOKEN_FLOAT_LITERAL reduce using rule 105 (return_stmt -> TOKEN_KW_RETURN expr TOKEN_SEMICOLON .)
    TOKEN_CHAR_LITERAL reduce using rule 105 (return_stmt -> TOKEN_KW_RETURN expr TOKEN_SEMICOLON .)
    TOKEN_STRING_LITERAL reduce using rule 105 (return_stmt -> TOKEN_KW_RETURN expr TOKEN_SEMICOLON .)
    TOKEN_BOOL_LITERAL reduce using rule 105 (return_stmt -> TOKEN_KW_RETURN expr TOKEN_SEMICOLON .)


state 324

    (107) match_stmt -> TOKEN_KW_MATCH TOKEN_LPAREN expr . TOKEN_RPAREN TOKEN_COLON match_block

    TOKEN_RPAREN    shift and go to state 343


state 325

    (109) defer_stmt -> TOKEN_KW_DEFER TOKEN_LPAREN expr . TOKEN_RPAREN TOKEN_SEMICOLON

    TOKEN_RPAREN    shift and go to state 344


state 326

    (110) import_stmt -> TOKEN_GT TOKEN_KW_IMPORT TOKEN_IDENTIFIER .

    TOKEN_RBRACE    reduce using rule 110 (import_stmt -> TOKEN_GT TOKEN_KW_IMPORT TOKEN_IDENTIFIER .)
    TOKEN_KW_IF     reduce using rule 110 (import_stmt -> TOKEN_GT TOKEN_KW_IMPORT TOKEN_IDENTIFIER .)
    TOKEN_KW_WHILE  reduce using rule 110 (import_stmt -> TOKEN_GT TOKEN_KW_IMPORT TOKEN_IDENTIFIER .)
    TOKEN_KW_DO     reduce using rule 110 (import_stmt -> TOKEN_GT TOKEN_KW_IMPORT TOKEN_IDENTIFIER .)
    TOKEN_KW_FOR    reduce using rule 110 (import_stmt -> TOKEN_GT TOKEN_KW_IMPORT TOKEN_IDENTIFIER .)
    TOKEN_KW_SWITCH reduce using rule 110 (import_stmt -> TOKEN_GT TOKEN_KW_IMPORT TOKEN_IDENTIFIER .)
    TOKEN_KW_RETURN reduce using rule 110 (import_stmt -> TOKEN_GT TOKEN_KW_IMPORT TOKEN_IDENTIFIER .)
    TOKEN_KW_BREAK  reduce using rule 110 (import_stmt -> TOKEN_GT TOKEN_KW_IMPORT TOKEN_IDENTIFIER .)
    TOKEN_KW_CONTINUE reduce using rule 110 (import_stmt -> TOKEN_GT TOKEN_KW_IMPORT TOKEN_IDENTIFIER .)
    TOKEN_KW_MATCH  reduce using rule 110 (import_stmt -> TOKEN_GT TOKEN_KW_IMPORT TOKEN_IDENTIFIER .)
    TOKEN_KW_DEFER  reduce using rule 110 (import_stmt -> TOKEN_GT TOKEN_KW_IMPORT TOKEN_IDENTIFIER .)
    TOKEN_GT        reduce using rule 110 (import_stmt -> TOKEN_GT TOKEN_KW_IMPORT TOKEN_IDENTIFIER .)
    TOKEN_KW_MODULE reduce using rule 110 (import_stmt -> TOKEN_GT TOKEN_KW_IMPORT TOKEN_IDENTIFIER .)
    TOKEN_KW_TRY    reduce using rule 110 (import_stmt -> TOKEN_GT TOKEN_KW_IMPORT TOKEN_IDENTIFIER .)
    TOKEN_KW_CATCH  reduce using rule 110 (import_stmt -> TOKEN_GT TOKEN_KW_IMPORT TOKEN_IDENTIFIER .)
    TOKEN_KW_RAISE  reduce using rule 110 (import_stmt -> TOKEN_GT TOKEN_KW_IMPORT TOKEN_IDENTIFIER .)
    TOKEN_KW_SPAWN  reduce using rule 110 (import_stmt -> TOKEN_GT TOKEN_KW_IMPORT TOKEN_IDENTIFIER .)
    TOKEN_KW_SELECT reduce using rule 110 (import_stmt -> TOKEN_GT TOKEN_KW_IMPORT TOKEN_IDENTIFIER .)
    TOKEN_KW_LOCK   reduce using rule 110 (import_stmt -> TOKEN_GT TOKEN_KW_IMPORT TOKEN_IDENTIFIER .)
    TOKEN_LBRACE    reduce using rule 110 (import_stmt -> TOKEN_GT TOKEN_KW_IMPORT TOKEN_IDENTIFIER .)
    TOKEN_KW_CAST   reduce using rule 110 (import_stmt -> TOKEN_GT TOKEN_KW_IMPORT TOKEN_IDENTIFIER .)
    TOKEN_KW_CHAN   reduce using rule 110 (import_stmt -> TOKEN_GT TOKEN_KW_IMPORT TOKEN_IDENTIFIER .)
    TOKEN_KW_MUTEX  reduce using rule 110 (import_stmt -> TOKEN_GT TOKEN_KW_IMPORT TOKEN_IDENTIFIER .)
    TOKEN_PLUS      reduce using rule 110 (import_stmt -> TOKEN_GT TOKEN_KW_IMPORT TOKEN_IDENTIFIER .)
    TOKEN_MINUS     reduce using rule 110 (import_stmt -> TOKEN_GT TOKEN_KW_IMPORT TOKEN_IDENTIFIER .)
    TOKEN_NOT       reduce using rule 110 (import_stmt -> TOKEN_GT TOKEN_KW_IMPORT TOKEN_IDENTIFIER .)
    TOKEN_BIT_NOT   reduce using rule 110 (import_stmt -> TOKEN_GT TOKEN_KW_IMPORT TOKEN_IDENTIFIER .)
    TOKEN_AMPERSAND reduce using rule 110 (import_stmt -> TOKEN_GT TOKEN_KW_IMPORT TOKEN_IDENTIFIER .)
    TOKEN_STAR      reduce using rule 110 (import_stmt -> TOKEN_GT TOKEN_KW_IMPORT TOKEN_IDENTIFIER .)
    TOKEN_KW_AWAIT  reduce using rule 110 (import_stmt -> TOKEN_GT TOKEN_KW_IMPORT TOKEN_IDENTIFIER .)
    TOKEN_KW_CONST  reduce using rule 110 (import_stmt -> TOKEN_GT TOKEN_KW_IMPORT TOKEN_IDENTIFIER .)
    TOKEN_KW_MUT    reduce using rule 110 (import_stmt -> TOKEN_GT TOKEN_KW_IMPORT TOKEN_IDENTIFIER .)
    TOKEN_KW_STATIC reduce using rule 110 (import_stmt -> TOKEN_GT TOKEN_KW_IMPORT TOKEN_IDENTIFIER .)
    TOKEN_KW_VOLATILE reduce using rule 110 (import_stmt -> TOKEN_GT TOKEN_KW_IMPORT TOKEN_IDENTIFIER .)
    TOKEN_KW_ATOMIC reduce using rule 110 (import_stmt -> TOKEN_GT TOKEN_KW_IMPORT TOKEN_IDENTIFIER .)
    TOKEN_KW_SHARED reduce using rule 110 (import_stmt -> TOKEN_GT TOKEN_KW_IMPORT TOKEN_IDENTIFIER .)
    TOKEN_KW_PRIVATE reduce using rule 110 (import_stmt -> TOKEN_GT TOKEN_KW_IMPORT TOKEN_IDENTIFIER .)
    TOKEN_KW_PUBLIC reduce using rule 110 (import_stmt -> TOKEN_GT TOKEN_KW_IMPORT TOKEN_IDENTIFIER .)
    TOKEN_IDENTIFIER reduce using rule 110 (import_stmt -> TOKEN_GT TOKEN_KW_IMPORT TOKEN_IDENTIFIER .)
    TOKEN_LPAREN    reduce using rule 110 (import_stmt -> TOKEN_GT TOKEN_KW_IMPORT TOKEN_IDENTIFIER .)
    TOKEN_KW_NULL   reduce using rule 110 (import_stmt -> TOKEN_GT TOKEN_KW_IMPORT TOKEN_IDENTIFIER .)
    TOKEN_INT_LITERAL reduce using rule 110 (import_stmt -> TOKEN_GT TOKEN_KW_IMPORT TOKEN_IDENTIFIER .)
    TOKEN_FLOAT_LITERAL reduce using rule 110 (import_stmt -> TOKEN_GT TOKEN_KW_IMPORT TOKEN_IDENTIFIER .)
    TOKEN_CHAR_LITERAL reduce using rule 110 (import_stmt -> TOKEN_GT TOKEN_KW_IMPORT TOKEN_IDENTIFIER .)
    TOKEN_STRING_LITERAL reduce using rule 110 (import_stmt -> TOKEN_GT TOKEN_KW_IMPORT TOKEN_IDENTIFIER .)
    TOKEN_BOOL_LITERAL reduce using rule 110 (import_stmt -> TOKEN_GT TOKEN_KW_IMPORT TOKEN_IDENTIFIER .)


state 327

    (111) module_stmt -> TOKEN_KW_MODULE module_list TOKEN_SEMICOLON .

    TOKEN_RBRACE    reduce using rule 111 (module_stmt -> TOKEN_KW_MODULE module_list TOKEN_SEMICOLON .)
    TOKEN_KW_IF     reduce using rule 111 (module_stmt -> TOKEN_KW_MODULE module_list TOKEN_SEMICOLON .)
    TOKEN_KW_WHILE  reduce using rule 111 (module_stmt -> TOKEN_KW_MODULE module_list TOKEN_SEMICOLON .)
    TOKEN_KW_DO     reduce using rule 111 (module_stmt -> TOKEN_KW_MODULE module_list TOKEN_SEMICOLON .)
    TOKEN_KW_FOR    reduce using rule 111 (module_stmt -> TOKEN_KW_MODULE module_list TOKEN_SEMICOLON .)
    TOKEN_KW_SWITCH reduce using rule 111 (module_stmt -> TOKEN_KW_MODULE module_list TOKEN_SEMICOLON .)
    TOKEN_KW_RETURN reduce using rule 111 (module_stmt -> TOKEN_KW_MODULE module_list TOKEN_SEMICOLON .)
    TOKEN_KW_BREAK  reduce using rule 111 (module_stmt -> TOKEN_KW_MODULE module_list TOKEN_SEMICOLON .)
    TOKEN_KW_CONTINUE reduce using rule 111 (module_stmt -> TOKEN_KW_MODULE module_list TOKEN_SEMICOLON .)
    TOKEN_KW_MATCH  reduce using rule 111 (module_stmt -> TOKEN_KW_MODULE module_list TOKEN_SEMICOLON .)
    TOKEN_KW_DEFER  reduce using rule 111 (module_stmt -> TOKEN_KW_MODULE module_list TOKEN_SEMICOLON .)
    TOKEN_GT        reduce using rule 111 (module_stmt -> TOKEN_KW_MODULE module_list TOKEN_SEMICOLON .)
    TOKEN_KW_MODULE reduce using rule 111 (module_stmt -> TOKEN_KW_MODULE module_list TOKEN_SEMICOLON .)
    TOKEN_KW_TRY    reduce using rule 111 (module_stmt -> TOKEN_KW_MODULE module_list TOKEN_SEMICOLON .)
    TOKEN_KW_CATCH  reduce using rule 111 (module_stmt -> TOKEN_KW_MODULE module_list TOKEN_SEMICOLON .)
    TOKEN_KW_RAISE  reduce using rule 111 (module_stmt -> TOKEN_KW_MODULE module_list TOKEN_SEMICOLON .)
    TOKEN_KW_SPAWN  reduce using rule 111 (module_stmt -> TOKEN_KW_MODULE module_list TOKEN_SEMICOLON .)
    TOKEN_KW_SELECT reduce using rule 111 (module_stmt -> TOKEN_KW_MODULE module_list TOKEN_SEMICOLON .)
    TOKEN_KW_LOCK   reduce using rule 111 (module_stmt -> TOKEN_KW_MODULE module_list TOKEN_SEMICOLON .)
    TOKEN_LBRACE    reduce using rule 111 (module_stmt -> TOKEN_KW_MODULE module_list TOKEN_SEMICOLON .)
    TOKEN_KW_CAST   reduce using rule 111 (module_stmt -> TOKEN_KW_MODULE module_list TOKEN_SEMICOLON .)
    TOKEN_KW_CHAN   reduce using rule 111 (module_stmt -> TOKEN_KW_MODULE module_list TOKEN_SEMICOLON .)
    TOKEN_KW_MUTEX  reduce using rule 111 (module_stmt -> TOKEN_KW_MODULE module_list TOKEN_SEMICOLON .)
    TOKEN_PLUS      reduce using rule 111 (module_stmt -> TOKEN_KW_MODULE module_list TOKEN_SEMICOLON .)
    TOKEN_MINUS     reduce using rule 111 (module_stmt -> TOKEN_KW_MODULE module_list TOKEN_SEMICOLON .)
    TOKEN_NOT       reduce using rule 111 (module_stmt -> TOKEN_KW_MODULE module_list TOKEN_SEMICOLON .)
    TOKEN_BIT_NOT   reduce using rule 111 (module_stmt -> TOKEN_KW_MODULE module_list TOKEN_SEMICOLON .)
    TOKEN_AMPERSAND reduce using rule 111 (module_stmt -> TOKEN_KW_MODULE module_list TOKEN_SEMICOLON .)
    TOKEN_STAR      reduce using rule 111 (module_stmt -> TOKEN_KW_MODULE module_list TOKEN_SEMICOLON .)
    TOKEN_KW_AWAIT  reduce using rule 111 (module_stmt -> TOKEN_KW_MODULE module_list TOKEN_SEMICOLON .)
    TOKEN_KW_CONST  reduce using rule 111 (module_stmt -> TOKEN_KW_MODULE module_list TOKEN_SEMICOLON .)
    TOKEN_KW_MUT    reduce using rule 111 (module_stmt -> TOKEN_KW_MODULE module_list TOKEN_SEMICOLON .)
    TOKEN_KW_STATIC reduce using rule 111 (module_stmt -> TOKEN_KW_MODULE module_list TOKEN_SEMICOLON .)
    TOKEN_KW_VOLATILE reduce using rule 111 (module_stmt -> TOKEN_KW_MODULE module_list TOKEN_SEMICOLON .)
    TOKEN_KW_ATOMIC reduce using rule 111 (module_stmt -> TOKEN_KW_MODULE module_list TOKEN_SEMICOLON .)
    TOKEN_KW_SHARED reduce using rule 111 (module_stmt -> TOKEN_KW_MODULE module_list TOKEN_SEMICOLON .)
    TOKEN_KW_PRIVATE reduce using rule 111 (module_stmt -> TOKEN_KW_MODULE module_list TOKEN_SEMICOLON .)
    TOKEN_KW_PUBLIC reduce using rule 111 (module_stmt -> TOKEN_KW_MODULE module_list TOKEN_SEMICOLON .)
    TOKEN_IDENTIFIER reduce using rule 111 (module_stmt -> TOKEN_KW_MODULE module_list TOKEN_SEMICOLON .)
    TOKEN_LPAREN    reduce using rule 111 (module_stmt -> TOKEN_KW_MODULE module_list TOKEN_SEMICOLON .)
    TOKEN_KW_NULL   reduce using rule 111 (module_stmt -> TOKEN_KW_MODULE module_list TOKEN_SEMICOLON .)
    TOKEN_INT_LITERAL reduce using rule 111 (module_stmt -> TOKEN_KW_MODULE module_list TOKEN_SEMICOLON .)
    TOKEN_FLOAT_LITERAL reduce using rule 111 (module_stmt -> TOKEN_KW_MODULE module_list TOKEN_SEMICOLON .)
    TOKEN_CHAR_LITERAL reduce using rule 111 (module_stmt -> TOKEN_KW_MODULE module_list TOKEN_SEMICOLON .)
    TOKEN_STRING_LITERAL reduce using rule 111 (module_stmt -> TOKEN_KW_MODULE module_list TOKEN_SEMICOLON .)
    TOKEN_BOOL_LITERAL reduce using rule 111 (module_stmt -> TOKEN_KW_MODULE module_list TOKEN_SEMICOLON .)


state 328

    (112) module_list -> module_list TOKEN_SCOPE_RES . TOKEN_IDENTIFIER

    TOKEN_IDENTIFIER shift and go to state 345


state 329

    (116) try_stmt -> TOKEN_KW_TRY TOKEN_COLON TOKEN_LBRACE . stmt_list TOKEN_RBRACE catch_stmt
    (192) stmt_list -> . stmt_list stmt
    (193) stmt_list -> . stmt
    (169) stmt -> . var_decl
    (170) stmt -> . expr_stmt
    (171) stmt -> . if_stmt
    (172) stmt -> . while_stmt
    (173) stmt -> . do_stmt
    (174) stmt -> . for_stmt
    (176) stmt -> . switch_stmt
    (177) stmt -> . return_stmt
    (178) stmt -> . break_stmt
    (179) stmt -> . continue_stmt
    (180) stmt -> . match_stmt
    (181) stmt -> . defer_stmt
    (182) stmt -> . import_stmt
    (183) stmt -> . module_stmt
    (184) stmt -> . try_stmt
    (185) stmt -> . catch_stmt
    (187) stmt -> . raise_stmt
    (188) stmt -> . spawn_stmt
    (189) stmt -> . select_stmt
    (190) stmt -> . lock_stmt
    (191) stmt -> . block
    (12) var_decl -> . type TOKEN_IDENTIFIER TOKEN_ASSIGN expr TOKEN_SEMICOLON
    (13) var_decl -> . type TOKEN_IDENTIFIER TOKEN_SEMICOLON
    (15) var_decl -> . type TOKEN_IDENTIFIER array_struct TOKEN_ASSIGN array_init TOKEN_SEMICOLON
    (16) var_decl -> . type TOKEN_IDENTIFIER array_struct TOKEN_SEMICOLON
    (2) expr_stmt -> . expr TOKEN_SEMICOLON
    (87) if_stmt -> . TOKEN_KW_IF TOKEN_LPAREN expr TOKEN_RPAREN block else
    (93) while_stmt -> . TOKEN_KW_WHILE TOKEN_LPAREN expr TOKEN_RPAREN stmt
    (94) do_stmt -> . TOKEN_KW_DO block TOKEN_KW_WHILE TOKEN_LPAREN expr TOKEN_RPAREN TOKEN_SEMICOLON
    (95) for_stmt -> . TOKEN_KW_FOR TOKEN_LPAREN for_init TOKEN_RPAREN stmt
    (97) switch_stmt -> . TOKEN_KW_SWITCH TOKEN_LPAREN expr TOKEN_RPAREN case_block
    (105) return_stmt -> . TOKEN_KW_RETURN expr TOKEN_SEMICOLON
    (106) return_stmt -> . TOKEN_KW_RETURN TOKEN_SEMICOLON
    (101) break_stmt -> . TOKEN_KW_BREAK TOKEN_SEMICOLON
    (100) continue_stmt -> . TOKEN_KW_CONTINUE TOKEN_SEMICOLON
    (107) match_stmt -> . TOKEN_KW_MATCH TOKEN_LPAREN expr TOKEN_RPAREN TOKEN_COLON match_block
    (109) defer_stmt -> . TOKEN_KW_DEFER TOKEN_LPAREN expr TOKEN_RPAREN TOKEN_SEMICOLON
    (110) import_stmt -> . TOKEN_GT TOKEN_KW_IMPORT TOKEN_IDENTIFIER
    (111) module_stmt -> . TOKEN_KW_MODULE module_list TOKEN_SEMICOLON
    (116) try_stmt -> . TOKEN_KW_TRY TOKEN_COLON TOKEN_LBRACE stmt_list TOKEN_RBRACE catch_stmt
    (117) catch_stmt -> . TOKEN_KW_CATCH TOKEN_LPAREN TOKEN_IDENTIFIER TOKEN_RPAREN TOKEN_COLON TOKEN_LBRACE stmt_list TOKEN_RBRACE
    (118) raise_stmt -> . TOKEN_KW_RAISE expr TOKEN_SEMICOLON
    (119) spawn_stmt -> . TOKEN_KW_SPAWN expr TOKEN_SEMICOLON
    (120) select_stmt -> . TOKEN_KW_SELECT case_block
    (121) lock_stmt -> . TOKEN_KW_LOCK TOKEN_LPAREN expr TOKEN_RPAREN block
    (68) block -> . TOKEN_LBRACE stmt_list TOKEN_RBRACE
    (70) block -> . TOKEN_LBRACE TOKEN_RBRACE
    (31) type -> . channel_type
    (32) type -> . pointer_type
    (113) expr -> . assignment
    (159) expr -> . TOKEN_KW_CAST type TOKEN_ARROW expr
    (37) channel_type -> . TOKEN_KW_CHAN type
    (33) pointer_type -> . pointer_type TOKEN_STAR
    (34) pointer_type -> . pointer_type TOKEN_AMPERSAND
    (35) pointer_type -> . base_type
    (3) assignment -> . unary TOKEN_LSHIFT_ASSIGN assignment
    (14) assignment -> . unary TOKEN_RSHIFT_ASSIGN assignment
    (131) assignment -> . ternary
    (142) assignment -> . unary TOKEN_ASSIGN assignment
    (153) assignment -> . unary TOKEN_PLUS_EQ assignment
    (164) assignment -> . unary TOKEN_MINUS_EQ assignment
    (175) assignment -> . unary TOKEN_STAR_EQ assignment
    (186) assignment -> . unary TOKEN_SLASH_EQ assignment
    (197) assignment -> . unary TOKEN_MOD_EQ assignment
    (38) base_type -> . modifier_list TOKEN_KW_INT
    (39) base_type -> . modifier_list TOKEN_KW_SHORT
    (40) base_type -> . modifier_list TOKEN_KW_LONG
    (41) base_type -> . modifier_list TOKEN_KW_BYTE
    (42) base_type -> . modifier_list TOKEN_KW_FLOAT
    (43) base_type -> . modifier_list TOKEN_KW_DOUBLE
    (44) base_type -> . modifier_list TOKEN_KW_CHAR
    (45) base_type -> . modifier_list TOKEN_KW_STRING
    (46) base_type -> . modifier_list TOKEN_KW_BOOL
    (48) base_type -> . modifier_list TOKEN_KW_STRUCT
    (49) base_type -> . modifier_list TOKEN_KW_ENUM
    (50) base_type -> . modifier_list TOKEN_KW_UNION
    (51) base_type -> . modifier_list TOKEN_KW_VOID
    (52) base_type -> . TOKEN_KW_MUTEX
    (53) base_type -> . modifier_list TOKEN_IDENTIFIER
    (143) unary -> . TOKEN_PLUS unary
    (144) unary -> . TOKEN_MINUS unary
    (145) unary -> . TOKEN_NOT unary
    (146) unary -> . TOKEN_BIT_NOT unary
    (147) unary -> . TOKEN_AMPERSAND unary
    (148) unary -> . TOKEN_STAR unary
    (149) unary -> . TOKEN_KW_AWAIT unary
    (150) unary -> . postfix
    (25) ternary -> . logical_or
    (36) ternary -> . logical_or TOKEN_QUESTION expr TOKEN_COLON ternary
    (29) modifier_list -> . modifier_list modifier
    (30) modifier_list -> . modifier
    (151) postfix -> . primary
    (152) postfix -> . postfix TOKEN_LPAREN arg_list TOKEN_RPAREN
    (154) postfix -> . postfix TOKEN_LBRACKET expr TOKEN_RBRACKET
    (155) postfix -> . postfix TOKEN_DOT TOKEN_IDENTIFIER
    (156) postfix -> . postfix TOKEN_SCOPE_RES TOKEN_IDENTIFIER
    (157) postfix -> . postfix TOKEN_ARROW TOKEN_IDENTIFIER
    (158) postfix -> . postfix TOKEN_LEFT_ARROW TOKEN_IDENTIFIER
    (47) logical_or -> . logical_and
    (58) logical_or -> . logical_or TOKEN_OR logical_and
    (20) modifier -> . TOKEN_KW_CONST
    (21) modifier -> . TOKEN_KW_MUT
    (22) modifier -> . TOKEN_KW_STATIC
    (23) modifier -> . TOKEN_KW_VOLATILE
    (24) modifier -> . TOKEN_KW_ATOMIC
    (26) modifier -> . TOKEN_KW_SHARED
    (27) modifier -> . TOKEN_KW_PRIVATE
    (28) modifier -> . TOKEN_KW_PUBLIC
    (160) primary -> . TOKEN_IDENTIFIER
    (161) primary -> . factor
    (162) primary -> . TOKEN_LPAREN expr TOKEN_RPAREN
    (163) primary -> . TOKEN_KW_NULL
    (69) logical_and -> . bit_or
    (80) logical_and -> . logical_and TOKEN_AND bit_or
    (54) factor -> . TOKEN_INT_LITERAL
    (55) factor -> . TOKEN_FLOAT_LITERAL
    (56) factor -> . TOKEN_CHAR_LITERAL
    (57) factor -> . TOKEN_STRING_LITERAL
    (59) factor -> . TOKEN_BOOL_LITERAL
    (91) bit_or -> . xor
    (102) bit_or -> . bit_or TOKEN_BIT_OR xor
    (114) xor -> . bit_and
    (122) xor -> . xor TOKEN_XOR bit_and
    (123) bit_and -> . equality
    (124) bit_and -> . bit_and TOKEN_AMPERSAND equality
    (125) bit_and -> . bit_and TOKEN_NAND equality
    (126) equality -> . relational
    (127) equality -> . equality TOKEN_EQ relational
    (128) equality -> . equality TOKEN_NEQ relational
    (129) relational -> . additive
    (130) relational -> . relational TOKEN_LT additive
    (132) relational -> . relational TOKEN_GT additive
    (133) relational -> . relational TOKEN_LE additive
    (134) relational -> . relational TOKEN_GE additive
    (135) additive -> . multiplicative
    (136) additive -> . additive TOKEN_PLUS multiplicative
    (137) additive -> . additive TOKEN_MINUS multiplicative
    (138) multiplicative -> . unary
    (139) multiplicative -> . multiplicative TOKEN_STAR unary
    (140) multiplicative -> . multiplicative TOKEN_SLASH unary
    (141) multiplicative -> . multiplicative TOKEN_MOD unary

    TOKEN_KW_IF     shift and go to state 271
    TOKEN_KW_WHILE  shift and go to state 272
    TOKEN_KW_DO     shift and go to state 273
    TOKEN_KW_FOR    shift and go to state 274
    TOKEN_KW_SWITCH shift and go to state 275
    TOKEN_KW_RETURN shift and go to state 276
    TOKEN_KW_BREAK  shift and go to state 277
    TOKEN_KW_CONTINUE shift and go to state 278
    TOKEN_KW_MATCH  shift and go to state 279
    TOKEN_KW_DEFER  shift and go to state 280
    TOKEN_GT        shift and go to state 281
    TOKEN_KW_MODULE shift and go to state 282
    TOKEN_KW_TRY    shift and go to state 283
    TOKEN_KW_CATCH  shift and go to state 284
    TOKEN_KW_RAISE  shift and go to state 285
    TOKEN_KW_SPAWN  shift and go to state 286
    TOKEN_KW_SELECT shift and go to state 287
    TOKEN_KW_LOCK   shift and go to state 288
    TOKEN_LBRACE    shift and go to state 246
    TOKEN_KW_CAST   shift and go to state 75
    TOKEN_KW_CHAN   shift and go to state 20
    TOKEN_KW_MUTEX  shift and go to state 23
    TOKEN_PLUS      shift and go to state 78
    TOKEN_MINUS     shift and go to state 79
    TOKEN_NOT       shift and go to state 80
    TOKEN_BIT_NOT   shift and go to state 81
    TOKEN_AMPERSAND shift and go to state 82
    TOKEN_STAR      shift and go to state 83
    TOKEN_KW_AWAIT  shift and go to state 84
    TOKEN_KW_CONST  shift and go to state 25
    TOKEN_KW_MUT    shift and go to state 26
    TOKEN_KW_STATIC shift and go to state 27
    TOKEN_KW_VOLATILE shift and go to state 28
    TOKEN_KW_ATOMIC shift and go to state 29
    TOKEN_KW_SHARED shift and go to state 30
    TOKEN_KW_PRIVATE shift and go to state 31
    TOKEN_KW_PUBLIC shift and go to state 32
    TOKEN_IDENTIFIER shift and go to state 72
    TOKEN_LPAREN    shift and go to state 88
    TOKEN_KW_NULL   shift and go to state 91
    TOKEN_INT_LITERAL shift and go to state 93
    TOKEN_FLOAT_LITERAL shift and go to state 94
    TOKEN_CHAR_LITERAL shift and go to state 95
    TOKEN_STRING_LITERAL shift and go to state 96
    TOKEN_BOOL_LITERAL shift and go to state 97

    stmt_list                      shift and go to state 346
    catch_stmt                     shift and go to state 264
    stmt                           shift and go to state 248
    var_decl                       shift and go to state 249
    expr_stmt                      shift and go to state 250
    if_stmt                        shift and go to state 251
    while_stmt                     shift and go to state 252
    do_stmt                        shift and go to state 253
    for_stmt                       shift and go to state 254
    switch_stmt                    shift and go to state 255
    return_stmt                    shift and go to state 256
    break_stmt                     shift and go to state 257
    continue_stmt                  shift and go to state 258
    match_stmt                     shift and go to state 259
    defer_stmt                     shift and go to state 260
    import_stmt                    shift and go to state 261
    module_stmt                    shift and go to state 262
    try_stmt                       shift and go to state 263
    raise_stmt                     shift and go to state 265
    spawn_stmt                     shift and go to state 266
    select_stmt                    shift and go to state 267
    lock_stmt                      shift and go to state 268
    block                          shift and go to state 269
    type                           shift and go to state 11
    expr                           shift and go to state 270
    channel_type                   shift and go to state 18
    pointer_type                   shift and go to state 19
    assignment                     shift and go to state 74
    base_type                      shift and go to state 21
    unary                          shift and go to state 76
    ternary                        shift and go to state 77
    modifier_list                  shift and go to state 22
    postfix                        shift and go to state 85
    logical_or                     shift and go to state 86
    modifier                       shift and go to state 24
    primary                        shift and go to state 87
    logical_and                    shift and go to state 89
    factor                         shift and go to state 90
    bit_or                         shift and go to state 92
    xor                            shift and go to state 98
    bit_and                        shift and go to state 99
    equality                       shift and go to state 100
    relational                     shift and go to state 101
    additive                       shift and go to state 102
    multiplicative                 shift and go to state 103

state 330

    (117) catch_stmt -> TOKEN_KW_CATCH TOKEN_LPAREN TOKEN_IDENTIFIER . TOKEN_RPAREN TOKEN_COLON TOKEN_LBRACE stmt_list TOKEN_RBRACE

    TOKEN_RPAREN    shift and go to state 347


state 331

    (118) raise_stmt -> TOKEN_KW_RAISE expr TOKEN_SEMICOLON .

    TOKEN_RBRACE    reduce using rule 118 (raise_stmt -> TOKEN_KW_RAISE expr TOKEN_SEMICOLON .)
    TOKEN_KW_IF     reduce using rule 118 (raise_stmt -> TOKEN_KW_RAISE expr TOKEN_SEMICOLON .)
    TOKEN_KW_WHILE  reduce using rule 118 (raise_stmt -> TOKEN_KW_RAISE expr TOKEN_SEMICOLON .)
    TOKEN_KW_DO     reduce using rule 118 (raise_stmt -> TOKEN_KW_RAISE expr TOKEN_SEMICOLON .)
    TOKEN_KW_FOR    reduce using rule 118 (raise_stmt -> TOKEN_KW_RAISE expr TOKEN_SEMICOLON .)
    TOKEN_KW_SWITCH reduce using rule 118 (raise_stmt -> TOKEN_KW_RAISE expr TOKEN_SEMICOLON .)
    TOKEN_KW_RETURN reduce using rule 118 (raise_stmt -> TOKEN_KW_RAISE expr TOKEN_SEMICOLON .)
    TOKEN_KW_BREAK  reduce using rule 118 (raise_stmt -> TOKEN_KW_RAISE expr TOKEN_SEMICOLON .)
    TOKEN_KW_CONTINUE reduce using rule 118 (raise_stmt -> TOKEN_KW_RAISE expr TOKEN_SEMICOLON .)
    TOKEN_KW_MATCH  reduce using rule 118 (raise_stmt -> TOKEN_KW_RAISE expr TOKEN_SEMICOLON .)
    TOKEN_KW_DEFER  reduce using rule 118 (raise_stmt -> TOKEN_KW_RAISE expr TOKEN_SEMICOLON .)
    TOKEN_GT        reduce using rule 118 (raise_stmt -> TOKEN_KW_RAISE expr TOKEN_SEMICOLON .)
    TOKEN_KW_MODULE reduce using rule 118 (raise_stmt -> TOKEN_KW_RAISE expr TOKEN_SEMICOLON .)
    TOKEN_KW_TRY    reduce using rule 118 (raise_stmt -> TOKEN_KW_RAISE expr TOKEN_SEMICOLON .)
    TOKEN_KW_CATCH  reduce using rule 118 (raise_stmt -> TOKEN_KW_RAISE expr TOKEN_SEMICOLON .)
    TOKEN_KW_RAISE  reduce using rule 118 (raise_stmt -> TOKEN_KW_RAISE expr TOKEN_SEMICOLON .)
    TOKEN_KW_SPAWN  reduce using rule 118 (raise_stmt -> TOKEN_KW_RAISE expr TOKEN_SEMICOLON .)
    TOKEN_KW_SELECT reduce using rule 118 (raise_stmt -> TOKEN_KW_RAISE expr TOKEN_SEMICOLON .)
    TOKEN_KW_LOCK   reduce using rule 118 (raise_stmt -> TOKEN_KW_RAISE expr TOKEN_SEMICOLON .)
    TOKEN_LBRACE    reduce using rule 118 (raise_stmt -> TOKEN_KW_RAISE expr TOKEN_SEMICOLON .)
    TOKEN_KW_CAST   reduce using rule 118 (raise_stmt -> TOKEN_KW_RAISE expr TOKEN_SEMICOLON .)
    TOKEN_KW_CHAN   reduce using rule 118 (raise_stmt -> TOKEN_KW_RAISE expr TOKEN_SEMICOLON .)
    TOKEN_KW_MUTEX  reduce using rule 118 (raise_stmt -> TOKEN_KW_RAISE expr TOKEN_SEMICOLON .)
    TOKEN_PLUS      reduce using rule 118 (raise_stmt -> TOKEN_KW_RAISE expr TOKEN_SEMICOLON .)
    TOKEN_MINUS     reduce using rule 118 (raise_stmt -> TOKEN_KW_RAISE expr TOKEN_SEMICOLON .)
    TOKEN_NOT       reduce using rule 118 (raise_stmt -> TOKEN_KW_RAISE expr TOKEN_SEMICOLON .)
    TOKEN_BIT_NOT   reduce using rule 118 (raise_stmt -> TOKEN_KW_RAISE expr TOKEN_SEMICOLON .)
    TOKEN_AMPERSAND reduce using rule 118 (raise_stmt -> TOKEN_KW_RAISE expr TOKEN_SEMICOLON .)
    TOKEN_STAR      reduce using rule 118 (raise_stmt -> TOKEN_KW_RAISE expr TOKEN_SEMICOLON .)
    TOKEN_KW_AWAIT  reduce using rule 118 (raise_stmt -> TOKEN_KW_RAISE expr TOKEN_SEMICOLON .)
    TOKEN_KW_CONST  reduce using rule 118 (raise_stmt -> TOKEN_KW_RAISE expr TOKEN_SEMICOLON .)
    TOKEN_KW_MUT    reduce using rule 118 (raise_stmt -> TOKEN_KW_RAISE expr TOKEN_SEMICOLON .)
    TOKEN_KW_STATIC reduce using rule 118 (raise_stmt -> TOKEN_KW_RAISE expr TOKEN_SEMICOLON .)
    TOKEN_KW_VOLATILE reduce using rule 118 (raise_stmt -> TOKEN_KW_RAISE expr TOKEN_SEMICOLON .)
    TOKEN_KW_ATOMIC reduce using rule 118 (raise_stmt -> TOKEN_KW_RAISE expr TOKEN_SEMICOLON .)
    TOKEN_KW_SHARED reduce using rule 118 (raise_stmt -> TOKEN_KW_RAISE expr TOKEN_SEMICOLON .)
    TOKEN_KW_PRIVATE reduce using rule 118 (raise_stmt -> TOKEN_KW_RAISE expr TOKEN_SEMICOLON .)
    TOKEN_KW_PUBLIC reduce using rule 118 (raise_stmt -> TOKEN_KW_RAISE expr TOKEN_SEMICOLON .)
    TOKEN_IDENTIFIER reduce using rule 118 (raise_stmt -> TOKEN_KW_RAISE expr TOKEN_SEMICOLON .)
    TOKEN_LPAREN    reduce using rule 118 (raise_stmt -> TOKEN_KW_RAISE expr TOKEN_SEMICOLON .)
    TOKEN_KW_NULL   reduce using rule 118 (raise_stmt -> TOKEN_KW_RAISE expr TOKEN_SEMICOLON .)
    TOKEN_INT_LITERAL reduce using rule 118 (raise_stmt -> TOKEN_KW_RAISE expr TOKEN_SEMICOLON .)
    TOKEN_FLOAT_LITERAL reduce using rule 118 (raise_stmt -> TOKEN_KW_RAISE expr TOKEN_SEMICOLON .)
    TOKEN_CHAR_LITERAL reduce using rule 118 (raise_stmt -> TOKEN_KW_RAISE expr TOKEN_SEMICOLON .)
    TOKEN_STRING_LITERAL reduce using rule 118 (raise_stmt -> TOKEN_KW_RAISE expr TOKEN_SEMICOLON .)
    TOKEN_BOOL_LITERAL reduce using rule 118 (raise_stmt -> TOKEN_KW_RAISE expr TOKEN_SEMICOLON .)


state 332

    (119) spawn_stmt -> TOKEN_KW_SPAWN expr TOKEN_SEMICOLON .

    TOKEN_RBRACE    reduce using rule 119 (spawn_stmt -> TOKEN_KW_SPAWN expr TOKEN_SEMICOLON .)
    TOKEN_KW_IF     reduce using rule 119 (spawn_stmt -> TOKEN_KW_SPAWN expr TOKEN_SEMICOLON .)
    TOKEN_KW_WHILE  reduce using rule 119 (spawn_stmt -> TOKEN_KW_SPAWN expr TOKEN_SEMICOLON .)
    TOKEN_KW_DO     reduce using rule 119 (spawn_stmt -> TOKEN_KW_SPAWN expr TOKEN_SEMICOLON .)
    TOKEN_KW_FOR    reduce using rule 119 (spawn_stmt -> TOKEN_KW_SPAWN expr TOKEN_SEMICOLON .)
    TOKEN_KW_SWITCH reduce using rule 119 (spawn_stmt -> TOKEN_KW_SPAWN expr TOKEN_SEMICOLON .)
    TOKEN_KW_RETURN reduce using rule 119 (spawn_stmt -> TOKEN_KW_SPAWN expr TOKEN_SEMICOLON .)
    TOKEN_KW_BREAK  reduce using rule 119 (spawn_stmt -> TOKEN_KW_SPAWN expr TOKEN_SEMICOLON .)
    TOKEN_KW_CONTINUE reduce using rule 119 (spawn_stmt -> TOKEN_KW_SPAWN expr TOKEN_SEMICOLON .)
    TOKEN_KW_MATCH  reduce using rule 119 (spawn_stmt -> TOKEN_KW_SPAWN expr TOKEN_SEMICOLON .)
    TOKEN_KW_DEFER  reduce using rule 119 (spawn_stmt -> TOKEN_KW_SPAWN expr TOKEN_SEMICOLON .)
    TOKEN_GT        reduce using rule 119 (spawn_stmt -> TOKEN_KW_SPAWN expr TOKEN_SEMICOLON .)
    TOKEN_KW_MODULE reduce using rule 119 (spawn_stmt -> TOKEN_KW_SPAWN expr TOKEN_SEMICOLON .)
    TOKEN_KW_TRY    reduce using rule 119 (spawn_stmt -> TOKEN_KW_SPAWN expr TOKEN_SEMICOLON .)
    TOKEN_KW_CATCH  reduce using rule 119 (spawn_stmt -> TOKEN_KW_SPAWN expr TOKEN_SEMICOLON .)
    TOKEN_KW_RAISE  reduce using rule 119 (spawn_stmt -> TOKEN_KW_SPAWN expr TOKEN_SEMICOLON .)
    TOKEN_KW_SPAWN  reduce using rule 119 (spawn_stmt -> TOKEN_KW_SPAWN expr TOKEN_SEMICOLON .)
    TOKEN_KW_SELECT reduce using rule 119 (spawn_stmt -> TOKEN_KW_SPAWN expr TOKEN_SEMICOLON .)
    TOKEN_KW_LOCK   reduce using rule 119 (spawn_stmt -> TOKEN_KW_SPAWN expr TOKEN_SEMICOLON .)
    TOKEN_LBRACE    reduce using rule 119 (spawn_stmt -> TOKEN_KW_SPAWN expr TOKEN_SEMICOLON .)
    TOKEN_KW_CAST   reduce using rule 119 (spawn_stmt -> TOKEN_KW_SPAWN expr TOKEN_SEMICOLON .)
    TOKEN_KW_CHAN   reduce using rule 119 (spawn_stmt -> TOKEN_KW_SPAWN expr TOKEN_SEMICOLON .)
    TOKEN_KW_MUTEX  reduce using rule 119 (spawn_stmt -> TOKEN_KW_SPAWN expr TOKEN_SEMICOLON .)
    TOKEN_PLUS      reduce using rule 119 (spawn_stmt -> TOKEN_KW_SPAWN expr TOKEN_SEMICOLON .)
    TOKEN_MINUS     reduce using rule 119 (spawn_stmt -> TOKEN_KW_SPAWN expr TOKEN_SEMICOLON .)
    TOKEN_NOT       reduce using rule 119 (spawn_stmt -> TOKEN_KW_SPAWN expr TOKEN_SEMICOLON .)
    TOKEN_BIT_NOT   reduce using rule 119 (spawn_stmt -> TOKEN_KW_SPAWN expr TOKEN_SEMICOLON .)
    TOKEN_AMPERSAND reduce using rule 119 (spawn_stmt -> TOKEN_KW_SPAWN expr TOKEN_SEMICOLON .)
    TOKEN_STAR      reduce using rule 119 (spawn_stmt -> TOKEN_KW_SPAWN expr TOKEN_SEMICOLON .)
    TOKEN_KW_AWAIT  reduce using rule 119 (spawn_stmt -> TOKEN_KW_SPAWN expr TOKEN_SEMICOLON .)
    TOKEN_KW_CONST  reduce using rule 119 (spawn_stmt -> TOKEN_KW_SPAWN expr TOKEN_SEMICOLON .)
    TOKEN_KW_MUT    reduce using rule 119 (spawn_stmt -> TOKEN_KW_SPAWN expr TOKEN_SEMICOLON .)
    TOKEN_KW_STATIC reduce using rule 119 (spawn_stmt -> TOKEN_KW_SPAWN expr TOKEN_SEMICOLON .)
    TOKEN_KW_VOLATILE reduce using rule 119 (spawn_stmt -> TOKEN_KW_SPAWN expr TOKEN_SEMICOLON .)
    TOKEN_KW_ATOMIC reduce using rule 119 (spawn_stmt -> TOKEN_KW_SPAWN expr TOKEN_SEMICOLON .)
    TOKEN_KW_SHARED reduce using rule 119 (spawn_stmt -> TOKEN_KW_SPAWN expr TOKEN_SEMICOLON .)
    TOKEN_KW_PRIVATE reduce using rule 119 (spawn_stmt -> TOKEN_KW_SPAWN expr TOKEN_SEMICOLON .)
    TOKEN_KW_PUBLIC reduce using rule 119 (spawn_stmt -> TOKEN_KW_SPAWN expr TOKEN_SEMICOLON .)
    TOKEN_IDENTIFIER reduce using rule 119 (spawn_stmt -> TOKEN_KW_SPAWN expr TOKEN_SEMICOLON .)
    TOKEN_LPAREN    reduce using rule 119 (spawn_stmt -> TOKEN_KW_SPAWN expr TOKEN_SEMICOLON .)
    TOKEN_KW_NULL   reduce using rule 119 (spawn_stmt -> TOKEN_KW_SPAWN expr TOKEN_SEMICOLON .)
    TOKEN_INT_LITERAL reduce using rule 119 (spawn_stmt -> TOKEN_KW_SPAWN expr TOKEN_SEMICOLON .)
    TOKEN_FLOAT_LITERAL reduce using rule 119 (spawn_stmt -> TOKEN_KW_SPAWN expr TOKEN_SEMICOLON .)
    TOKEN_CHAR_LITERAL reduce using rule 119 (spawn_stmt -> TOKEN_KW_SPAWN expr TOKEN_SEMICOLON .)
    TOKEN_STRING_LITERAL reduce using rule 119 (spawn_stmt -> TOKEN_KW_SPAWN expr TOKEN_SEMICOLON .)
    TOKEN_BOOL_LITERAL reduce using rule 119 (spawn_stmt -> TOKEN_KW_SPAWN expr TOKEN_SEMICOLON .)


state 333

    (71) case_block -> TOKEN_LBRACE case_list . default_stmt TOKEN_RBRACE
    (72) case_block -> TOKEN_LBRACE case_list . TOKEN_RBRACE
    (103) case_list -> case_list . case_stmt
    (99) default_stmt -> . TOKEN_KW_DEFAULT TOKEN_COLON block TOKEN_KW_BREAK TOKEN_SEMICOLON
    (98) case_stmt -> . TOKEN_KW_CASE expr TOKEN_COLON block TOKEN_KW_BREAK TOKEN_SEMICOLON

    TOKEN_RBRACE    shift and go to state 349
    TOKEN_KW_DEFAULT shift and go to state 351
    TOKEN_KW_CASE   shift and go to state 335

    default_stmt                   shift and go to state 348
    case_stmt                      shift and go to state 350

state 334

    (104) case_list -> case_stmt .

    TOKEN_RBRACE    reduce using rule 104 (case_list -> case_stmt .)
    TOKEN_KW_DEFAULT reduce using rule 104 (case_list -> case_stmt .)
    TOKEN_KW_CASE   reduce using rule 104 (case_list -> case_stmt .)


state 335

    (98) case_stmt -> TOKEN_KW_CASE . expr TOKEN_COLON block TOKEN_KW_BREAK TOKEN_SEMICOLON
    (113) expr -> . assignment
    (159) expr -> . TOKEN_KW_CAST type TOKEN_ARROW expr
    (3) assignment -> . unary TOKEN_LSHIFT_ASSIGN assignment
    (14) assignment -> . unary TOKEN_RSHIFT_ASSIGN assignment
    (131) assignment -> . ternary
    (142) assignment -> . unary TOKEN_ASSIGN assignment
    (153) assignment -> . unary TOKEN_PLUS_EQ assignment
    (164) assignment -> . unary TOKEN_MINUS_EQ assignment
    (175) assignment -> . unary TOKEN_STAR_EQ assignment
    (186) assignment -> . unary TOKEN_SLASH_EQ assignment
    (197) assignment -> . unary TOKEN_MOD_EQ assignment
    (143) unary -> . TOKEN_PLUS unary
    (144) unary -> . TOKEN_MINUS unary
    (145) unary -> . TOKEN_NOT unary
    (146) unary -> . TOKEN_BIT_NOT unary
    (147) unary -> . TOKEN_AMPERSAND unary
    (148) unary -> . TOKEN_STAR unary
    (149) unary -> . TOKEN_KW_AWAIT unary
    (150) unary -> . postfix
    (25) ternary -> . logical_or
    (36) ternary -> . logical_or TOKEN_QUESTION expr TOKEN_COLON ternary
    (151) postfix -> . primary
    (152) postfix -> . postfix TOKEN_LPAREN arg_list TOKEN_RPAREN
    (154) postfix -> . postfix TOKEN_LBRACKET expr TOKEN_RBRACKET
    (155) postfix -> . postfix TOKEN_DOT TOKEN_IDENTIFIER
    (156) postfix -> . postfix TOKEN_SCOPE_RES TOKEN_IDENTIFIER
    (157) postfix -> . postfix TOKEN_ARROW TOKEN_IDENTIFIER
    (158) postfix -> . postfix TOKEN_LEFT_ARROW TOKEN_IDENTIFIER
    (47) logical_or -> . logical_and
    (58) logical_or -> . logical_or TOKEN_OR logical_and
    (160) primary -> . TOKEN_IDENTIFIER
    (161) primary -> . factor
    (162) primary -> . TOKEN_LPAREN expr TOKEN_RPAREN
    (163) primary -> . TOKEN_KW_NULL
    (69) logical_and -> . bit_or
    (80) logical_and -> . logical_and TOKEN_AND bit_or
    (54) factor -> . TOKEN_INT_LITERAL
    (55) factor -> . TOKEN_FLOAT_LITERAL
    (56) factor -> . TOKEN_CHAR_LITERAL
    (57) factor -> . TOKEN_STRING_LITERAL
    (59) factor -> . TOKEN_BOOL_LITERAL
    (91) bit_or -> . xor
    (102) bit_or -> . bit_or TOKEN_BIT_OR xor
    (114) xor -> . bit_and
    (122) xor -> . xor TOKEN_XOR bit_and
    (123) bit_and -> . equality
    (124) bit_and -> . bit_and TOKEN_AMPERSAND equality
    (125) bit_and -> . bit_and TOKEN_NAND equality
    (126) equality -> . relational
    (127) equality -> . equality TOKEN_EQ relational
    (128) equality -> . equality TOKEN_NEQ relational
    (129) relational -> . additive
    (130) relational -> . relational TOKEN_LT additive
    (132) relational -> . relational TOKEN_GT additive
    (133) relational -> . relational TOKEN_LE additive
    (134) relational -> . relational TOKEN_GE additive
    (135) additive -> . multiplicative
    (136) additive -> . additive TOKEN_PLUS multiplicative
    (137) additive -> . additive TOKEN_MINUS multiplicative
    (138) multiplicative -> . unary
    (139) multiplicative -> . multiplicative TOKEN_STAR unary
    (140) multiplicative -> . multiplicative TOKEN_SLASH unary
    (141) multiplicative -> . multiplicative TOKEN_MOD unary

    TOKEN_KW_CAST   shift and go to state 75
    TOKEN_PLUS      shift and go to state 78
    TOKEN_MINUS     shift and go to state 79
    TOKEN_NOT       shift and go to state 80
    TOKEN_BIT_NOT   shift and go to state 81
    TOKEN_AMPERSAND shift and go to state 82
    TOKEN_STAR      shift and go to state 83
    TOKEN_KW_AWAIT  shift and go to state 84
    TOKEN_IDENTIFIER shift and go to state 72
    TOKEN_LPAREN    shift and go to state 88
    TOKEN_KW_NULL   shift and go to state 91
    TOKEN_INT_LITERAL shift and go to state 93
    TOKEN_FLOAT_LITERAL shift and go to state 94
    TOKEN_CHAR_LITERAL shift and go to state 95
    TOKEN_STRING_LITERAL shift and go to state 96
    TOKEN_BOOL_LITERAL shift and go to state 97

    expr                           shift and go to state 352
    assignment                     shift and go to state 74
    unary                          shift and go to state 76
    ternary                        shift and go to state 77
    postfix                        shift and go to state 85
    logical_or                     shift and go to state 86
    primary                        shift and go to state 87
    logical_and                    shift and go to state 89
    factor                         shift and go to state 90
    bit_or                         shift and go to state 92
    xor                            shift and go to state 98
    bit_and                        shift and go to state 99
    equality                       shift and go to state 100
    relational                     shift and go to state 101
    additive                       shift and go to state 102
    multiplicative                 shift and go to state 103

state 336

    (121) lock_stmt -> TOKEN_KW_LOCK TOKEN_LPAREN expr . TOKEN_RPAREN block

    TOKEN_RPAREN    shift and go to state 353


state 337

    (87) if_stmt -> TOKEN_KW_IF TOKEN_LPAREN expr TOKEN_RPAREN . block else
    (68) block -> . TOKEN_LBRACE stmt_list TOKEN_RBRACE
    (70) block -> . TOKEN_LBRACE TOKEN_RBRACE

    TOKEN_LBRACE    shift and go to state 246

    block                          shift and go to state 354

state 338

    (93) while_stmt -> TOKEN_KW_WHILE TOKEN_LPAREN expr TOKEN_RPAREN . stmt
    (169) stmt -> . var_decl
    (170) stmt -> . expr_stmt
    (171) stmt -> . if_stmt
    (172) stmt -> . while_stmt
    (173) stmt -> . do_stmt
    (174) stmt -> . for_stmt
    (176) stmt -> . switch_stmt
    (177) stmt -> . return_stmt
    (178) stmt -> . break_stmt
    (179) stmt -> . continue_stmt
    (180) stmt -> . match_stmt
    (181) stmt -> . defer_stmt
    (182) stmt -> . import_stmt
    (183) stmt -> . module_stmt
    (184) stmt -> . try_stmt
    (185) stmt -> . catch_stmt
    (187) stmt -> . raise_stmt
    (188) stmt -> . spawn_stmt
    (189) stmt -> . select_stmt
    (190) stmt -> . lock_stmt
    (191) stmt -> . block
    (12) var_decl -> . type TOKEN_IDENTIFIER TOKEN_ASSIGN expr TOKEN_SEMICOLON
    (13) var_decl -> . type TOKEN_IDENTIFIER TOKEN_SEMICOLON
    (15) var_decl -> . type TOKEN_IDENTIFIER array_struct TOKEN_ASSIGN array_init TOKEN_SEMICOLON
    (16) var_decl -> . type TOKEN_IDENTIFIER array_struct TOKEN_SEMICOLON
    (2) expr_stmt -> . expr TOKEN_SEMICOLON
    (87) if_stmt -> . TOKEN_KW_IF TOKEN_LPAREN expr TOKEN_RPAREN block else
    (93) while_stmt -> . TOKEN_KW_WHILE TOKEN_LPAREN expr TOKEN_RPAREN stmt
    (94) do_stmt -> . TOKEN_KW_DO block TOKEN_KW_WHILE TOKEN_LPAREN expr TOKEN_RPAREN TOKEN_SEMICOLON
    (95) for_stmt -> . TOKEN_KW_FOR TOKEN_LPAREN for_init TOKEN_RPAREN stmt
    (97) switch_stmt -> . TOKEN_KW_SWITCH TOKEN_LPAREN expr TOKEN_RPAREN case_block
    (105) return_stmt -> . TOKEN_KW_RETURN expr TOKEN_SEMICOLON
    (106) return_stmt -> . TOKEN_KW_RETURN TOKEN_SEMICOLON
    (101) break_stmt -> . TOKEN_KW_BREAK TOKEN_SEMICOLON
    (100) continue_stmt -> . TOKEN_KW_CONTINUE TOKEN_SEMICOLON
    (107) match_stmt -> . TOKEN_KW_MATCH TOKEN_LPAREN expr TOKEN_RPAREN TOKEN_COLON match_block
    (109) defer_stmt -> . TOKEN_KW_DEFER TOKEN_LPAREN expr TOKEN_RPAREN TOKEN_SEMICOLON
    (110) import_stmt -> . TOKEN_GT TOKEN_KW_IMPORT TOKEN_IDENTIFIER
    (111) module_stmt -> . TOKEN_KW_MODULE module_list TOKEN_SEMICOLON
    (116) try_stmt -> . TOKEN_KW_TRY TOKEN_COLON TOKEN_LBRACE stmt_list TOKEN_RBRACE catch_stmt
    (117) catch_stmt -> . TOKEN_KW_CATCH TOKEN_LPAREN TOKEN_IDENTIFIER TOKEN_RPAREN TOKEN_COLON TOKEN_LBRACE stmt_list TOKEN_RBRACE
    (118) raise_stmt -> . TOKEN_KW_RAISE expr TOKEN_SEMICOLON
    (119) spawn_stmt -> . TOKEN_KW_SPAWN expr TOKEN_SEMICOLON
    (120) select_stmt -> . TOKEN_KW_SELECT case_block
    (121) lock_stmt -> . TOKEN_KW_LOCK TOKEN_LPAREN expr TOKEN_RPAREN block
    (68) block -> . TOKEN_LBRACE stmt_list TOKEN_RBRACE
    (70) block -> . TOKEN_LBRACE TOKEN_RBRACE
    (31) type -> . channel_type
    (32) type -> . pointer_type
    (113) expr -> . assignment
    (159) expr -> . TOKEN_KW_CAST type TOKEN_ARROW expr
    (37) channel_type -> . TOKEN_KW_CHAN type
    (33) pointer_type -> . pointer_type TOKEN_STAR
    (34) pointer_type -> . pointer_type TOKEN_AMPERSAND
    (35) pointer_type -> . base_type
    (3) assignment -> . unary TOKEN_LSHIFT_ASSIGN assignment
    (14) assignment -> . unary TOKEN_RSHIFT_ASSIGN assignment
    (131) assignment -> . ternary
    (142) assignment -> . unary TOKEN_ASSIGN assignment
    (153) assignment -> . unary TOKEN_PLUS_EQ assignment
    (164) assignment -> . unary TOKEN_MINUS_EQ assignment
    (175) assignment -> . unary TOKEN_STAR_EQ assignment
    (186) assignment -> . unary TOKEN_SLASH_EQ assignment
    (197) assignment -> . unary TOKEN_MOD_EQ assignment
    (38) base_type -> . modifier_list TOKEN_KW_INT
    (39) base_type -> . modifier_list TOKEN_KW_SHORT
    (40) base_type -> . modifier_list TOKEN_KW_LONG
    (41) base_type -> . modifier_list TOKEN_KW_BYTE
    (42) base_type -> . modifier_list TOKEN_KW_FLOAT
    (43) base_type -> . modifier_list TOKEN_KW_DOUBLE
    (44) base_type -> . modifier_list TOKEN_KW_CHAR
    (45) base_type -> . modifier_list TOKEN_KW_STRING
    (46) base_type -> . modifier_list TOKEN_KW_BOOL
    (48) base_type -> . modifier_list TOKEN_KW_STRUCT
    (49) base_type -> . modifier_list TOKEN_KW_ENUM
    (50) base_type -> . modifier_list TOKEN_KW_UNION
    (51) base_type -> . modifier_list TOKEN_KW_VOID
    (52) base_type -> . TOKEN_KW_MUTEX
    (53) base_type -> . modifier_list TOKEN_IDENTIFIER
    (143) unary -> . TOKEN_PLUS unary
    (144) unary -> . TOKEN_MINUS unary
    (145) unary -> . TOKEN_NOT unary
    (146) unary -> . TOKEN_BIT_NOT unary
    (147) unary -> . TOKEN_AMPERSAND unary
    (148) unary -> . TOKEN_STAR unary
    (149) unary -> . TOKEN_KW_AWAIT unary
    (150) unary -> . postfix
    (25) ternary -> . logical_or
    (36) ternary -> . logical_or TOKEN_QUESTION expr TOKEN_COLON ternary
    (29) modifier_list -> . modifier_list modifier
    (30) modifier_list -> . modifier
    (151) postfix -> . primary
    (152) postfix -> . postfix TOKEN_LPAREN arg_list TOKEN_RPAREN
    (154) postfix -> . postfix TOKEN_LBRACKET expr TOKEN_RBRACKET
    (155) postfix -> . postfix TOKEN_DOT TOKEN_IDENTIFIER
    (156) postfix -> . postfix TOKEN_SCOPE_RES TOKEN_IDENTIFIER
    (157) postfix -> . postfix TOKEN_ARROW TOKEN_IDENTIFIER
    (158) postfix -> . postfix TOKEN_LEFT_ARROW TOKEN_IDENTIFIER
    (47) logical_or -> . logical_and
    (58) logical_or -> . logical_or TOKEN_OR logical_and
    (20) modifier -> . TOKEN_KW_CONST
    (21) modifier -> . TOKEN_KW_MUT
    (22) modifier -> . TOKEN_KW_STATIC
    (23) modifier -> . TOKEN_KW_VOLATILE
    (24) modifier -> . TOKEN_KW_ATOMIC
    (26) modifier -> . TOKEN_KW_SHARED
    (27) modifier -> . TOKEN_KW_PRIVATE
    (28) modifier -> . TOKEN_KW_PUBLIC
    (160) primary -> . TOKEN_IDENTIFIER
    (161) primary -> . factor
    (162) primary -> . TOKEN_LPAREN expr TOKEN_RPAREN
    (163) primary -> . TOKEN_KW_NULL
    (69) logical_and -> . bit_or
    (80) logical_and -> . logical_and TOKEN_AND bit_or
    (54) factor -> . TOKEN_INT_LITERAL
    (55) factor -> . TOKEN_FLOAT_LITERAL
    (56) factor -> . TOKEN_CHAR_LITERAL
    (57) factor -> . TOKEN_STRING_LITERAL
    (59) factor -> . TOKEN_BOOL_LITERAL
    (91) bit_or -> . xor
    (102) bit_or -> . bit_or TOKEN_BIT_OR xor
    (114) xor -> . bit_and
    (122) xor -> . xor TOKEN_XOR bit_and
    (123) bit_and -> . equality
    (124) bit_and -> . bit_and TOKEN_AMPERSAND equality
    (125) bit_and -> . bit_and TOKEN_NAND equality
    (126) equality -> . relational
    (127) equality -> . equality TOKEN_EQ relational
    (128) equality -> . equality TOKEN_NEQ relational
    (129) relational -> . additive
    (130) relational -> . relational TOKEN_LT additive
    (132) relational -> . relational TOKEN_GT additive
    (133) relational -> . relational TOKEN_LE additive
    (134) relational -> . relational TOKEN_GE additive
    (135) additive -> . multiplicative
    (136) additive -> . additive TOKEN_PLUS multiplicative
    (137) additive -> . additive TOKEN_MINUS multiplicative
    (138) multiplicative -> . unary
    (139) multiplicative -> . multiplicative TOKEN_STAR unary
    (140) multiplicative -> . multiplicative TOKEN_SLASH unary
    (141) multiplicative -> . multiplicative TOKEN_MOD unary

    TOKEN_KW_IF     shift and go to state 271
    TOKEN_KW_WHILE  shift and go to state 272
    TOKEN_KW_DO     shift and go to state 273
    TOKEN_KW_FOR    shift and go to state 274
    TOKEN_KW_SWITCH shift and go to state 275
    TOKEN_KW_RETURN shift and go to state 276
    TOKEN_KW_BREAK  shift and go to state 277
    TOKEN_KW_CONTINUE shift and go to state 278
    TOKEN_KW_MATCH  shift and go to state 279
    TOKEN_KW_DEFER  shift and go to state 280
    TOKEN_GT        shift and go to state 281
    TOKEN_KW_MODULE shift and go to state 282
    TOKEN_KW_TRY    shift and go to state 283
    TOKEN_KW_CATCH  shift and go to state 284
    TOKEN_KW_RAISE  shift and go to state 285
    TOKEN_KW_SPAWN  shift and go to state 286
    TOKEN_KW_SELECT shift and go to state 287
    TOKEN_KW_LOCK   shift and go to state 288
    TOKEN_LBRACE    shift and go to state 246
    TOKEN_KW_CAST   shift and go to state 75
    TOKEN_KW_CHAN   shift and go to state 20
    TOKEN_KW_MUTEX  shift and go to state 23
    TOKEN_PLUS      shift and go to state 78
    TOKEN_MINUS     shift and go to state 79
    TOKEN_NOT       shift and go to state 80
    TOKEN_BIT_NOT   shift and go to state 81
    TOKEN_AMPERSAND shift and go to state 82
    TOKEN_STAR      shift and go to state 83
    TOKEN_KW_AWAIT  shift and go to state 84
    TOKEN_KW_CONST  shift and go to state 25
    TOKEN_KW_MUT    shift and go to state 26
    TOKEN_KW_STATIC shift and go to state 27
    TOKEN_KW_VOLATILE shift and go to state 28
    TOKEN_KW_ATOMIC shift and go to state 29
    TOKEN_KW_SHARED shift and go to state 30
    TOKEN_KW_PRIVATE shift and go to state 31
    TOKEN_KW_PUBLIC shift and go to state 32
    TOKEN_IDENTIFIER shift and go to state 72
    TOKEN_LPAREN    shift and go to state 88
    TOKEN_KW_NULL   shift and go to state 91
    TOKEN_INT_LITERAL shift and go to state 93
    TOKEN_FLOAT_LITERAL shift and go to state 94
    TOKEN_CHAR_LITERAL shift and go to state 95
    TOKEN_STRING_LITERAL shift and go to state 96
    TOKEN_BOOL_LITERAL shift and go to state 97

    expr                           shift and go to state 270
    stmt                           shift and go to state 355
    var_decl                       shift and go to state 249
    expr_stmt                      shift and go to state 250
    if_stmt                        shift and go to state 251
    while_stmt                     shift and go to state 252
    do_stmt                        shift and go to state 253
    for_stmt                       shift and go to state 254
    switch_stmt                    shift and go to state 255
    return_stmt                    shift and go to state 256
    break_stmt                     shift and go to state 257
    continue_stmt                  shift and go to state 258
    match_stmt                     shift and go to state 259
    defer_stmt                     shift and go to state 260
    import_stmt                    shift and go to state 261
    module_stmt                    shift and go to state 262
    try_stmt                       shift and go to state 263
    catch_stmt                     shift and go to state 264
    raise_stmt                     shift and go to state 265
    spawn_stmt                     shift and go to state 266
    select_stmt                    shift and go to state 267
    lock_stmt                      shift and go to state 268
    block                          shift and go to state 269
    type                           shift and go to state 11
    channel_type                   shift and go to state 18
    pointer_type                   shift and go to state 19
    assignment                     shift and go to state 74
    base_type                      shift and go to state 21
    unary                          shift and go to state 76
    ternary                        shift and go to state 77
    modifier_list                  shift and go to state 22
    postfix                        shift and go to state 85
    logical_or                     shift and go to state 86
    modifier                       shift and go to state 24
    primary                        shift and go to state 87
    logical_and                    shift and go to state 89
    factor                         shift and go to state 90
    bit_or                         shift and go to state 92
    xor                            shift and go to state 98
    bit_and                        shift and go to state 99
    equality                       shift and go to state 100
    relational                     shift and go to state 101
    additive                       shift and go to state 102
    multiplicative                 shift and go to state 103

state 339

    (94) do_stmt -> TOKEN_KW_DO block TOKEN_KW_WHILE TOKEN_LPAREN . expr TOKEN_RPAREN TOKEN_SEMICOLON
    (113) expr -> . assignment
    (159) expr -> . TOKEN_KW_CAST type TOKEN_ARROW expr
    (3) assignment -> . unary TOKEN_LSHIFT_ASSIGN assignment
    (14) assignment -> . unary TOKEN_RSHIFT_ASSIGN assignment
    (131) assignment -> . ternary
    (142) assignment -> . unary TOKEN_ASSIGN assignment
    (153) assignment -> . unary TOKEN_PLUS_EQ assignment
    (164) assignment -> . unary TOKEN_MINUS_EQ assignment
    (175) assignment -> . unary TOKEN_STAR_EQ assignment
    (186) assignment -> . unary TOKEN_SLASH_EQ assignment
    (197) assignment -> . unary TOKEN_MOD_EQ assignment
    (143) unary -> . TOKEN_PLUS unary
    (144) unary -> . TOKEN_MINUS unary
    (145) unary -> . TOKEN_NOT unary
    (146) unary -> . TOKEN_BIT_NOT unary
    (147) unary -> . TOKEN_AMPERSAND unary
    (148) unary -> . TOKEN_STAR unary
    (149) unary -> . TOKEN_KW_AWAIT unary
    (150) unary -> . postfix
    (25) ternary -> . logical_or
    (36) ternary -> . logical_or TOKEN_QUESTION expr TOKEN_COLON ternary
    (151) postfix -> . primary
    (152) postfix -> . postfix TOKEN_LPAREN arg_list TOKEN_RPAREN
    (154) postfix -> . postfix TOKEN_LBRACKET expr TOKEN_RBRACKET
    (155) postfix -> . postfix TOKEN_DOT TOKEN_IDENTIFIER
    (156) postfix -> . postfix TOKEN_SCOPE_RES TOKEN_IDENTIFIER
    (157) postfix -> . postfix TOKEN_ARROW TOKEN_IDENTIFIER
    (158) postfix -> . postfix TOKEN_LEFT_ARROW TOKEN_IDENTIFIER
    (47) logical_or -> . logical_and
    (58) logical_or -> . logical_or TOKEN_OR logical_and
    (160) primary -> . TOKEN_IDENTIFIER
    (161) primary -> . factor
    (162) primary -> . TOKEN_LPAREN expr TOKEN_RPAREN
    (163) primary -> . TOKEN_KW_NULL
    (69) logical_and -> . bit_or
    (80) logical_and -> . logical_and TOKEN_AND bit_or
    (54) factor -> . TOKEN_INT_LITERAL
    (55) factor -> . TOKEN_FLOAT_LITERAL
    (56) factor -> . TOKEN_CHAR_LITERAL
    (57) factor -> . TOKEN_STRING_LITERAL
    (59) factor -> . TOKEN_BOOL_LITERAL
    (91) bit_or -> . xor
    (102) bit_or -> . bit_or TOKEN_BIT_OR xor
    (114) xor -> . bit_and
    (122) xor -> . xor TOKEN_XOR bit_and
    (123) bit_and -> . equality
    (124) bit_and -> . bit_and TOKEN_AMPERSAND equality
    (125) bit_and -> . bit_and TOKEN_NAND equality
    (126) equality -> . relational
    (127) equality -> . equality TOKEN_EQ relational
    (128) equality -> . equality TOKEN_NEQ relational
    (129) relational -> . additive
    (130) relational -> . relational TOKEN_LT additive
    (132) relational -> . relational TOKEN_GT additive
    (133) relational -> . relational TOKEN_LE additive
    (134) relational -> . relational TOKEN_GE additive
    (135) additive -> . multiplicative
    (136) additive -> . additive TOKEN_PLUS multiplicative
    (137) additive -> . additive TOKEN_MINUS multiplicative
    (138) multiplicative -> . unary
    (139) multiplicative -> . multiplicative TOKEN_STAR unary
    (140) multiplicative -> . multiplicative TOKEN_SLASH unary
    (141) multiplicative -> . multiplicative TOKEN_MOD unary

    TOKEN_KW_CAST   shift and go to state 75
    TOKEN_PLUS      shift and go to state 78
    TOKEN_MINUS     shift and go to state 79
    TOKEN_NOT       shift and go to state 80
    TOKEN_BIT_NOT   shift and go to state 81
    TOKEN_AMPERSAND shift and go to state 82
    TOKEN_STAR      shift and go to state 83
    TOKEN_KW_AWAIT  shift and go to state 84
    TOKEN_IDENTIFIER shift and go to state 72
    TOKEN_LPAREN    shift and go to state 88
    TOKEN_KW_NULL   shift and go to state 91
    TOKEN_INT_LITERAL shift and go to state 93
    TOKEN_FLOAT_LITERAL shift and go to state 94
    TOKEN_CHAR_LITERAL shift and go to state 95
    TOKEN_STRING_LITERAL shift and go to state 96
    TOKEN_BOOL_LITERAL shift and go to state 97

    expr                           shift and go to state 356
    assignment                     shift and go to state 74
    unary                          shift and go to state 76
    ternary                        shift and go to state 77
    postfix                        shift and go to state 85
    logical_or                     shift and go to state 86
    primary                        shift and go to state 87
    logical_and                    shift and go to state 89
    factor                         shift and go to state 90
    bit_or                         shift and go to state 92
    xor                            shift and go to state 98
    bit_and                        shift and go to state 99
    equality                       shift and go to state 100
    relational                     shift and go to state 101
    additive                       shift and go to state 102
    multiplicative                 shift and go to state 103

state 340

    (95) for_stmt -> TOKEN_KW_FOR TOKEN_LPAREN for_init TOKEN_RPAREN . stmt
    (169) stmt -> . var_decl
    (170) stmt -> . expr_stmt
    (171) stmt -> . if_stmt
    (172) stmt -> . while_stmt
    (173) stmt -> . do_stmt
    (174) stmt -> . for_stmt
    (176) stmt -> . switch_stmt
    (177) stmt -> . return_stmt
    (178) stmt -> . break_stmt
    (179) stmt -> . continue_stmt
    (180) stmt -> . match_stmt
    (181) stmt -> . defer_stmt
    (182) stmt -> . import_stmt
    (183) stmt -> . module_stmt
    (184) stmt -> . try_stmt
    (185) stmt -> . catch_stmt
    (187) stmt -> . raise_stmt
    (188) stmt -> . spawn_stmt
    (189) stmt -> . select_stmt
    (190) stmt -> . lock_stmt
    (191) stmt -> . block
    (12) var_decl -> . type TOKEN_IDENTIFIER TOKEN_ASSIGN expr TOKEN_SEMICOLON
    (13) var_decl -> . type TOKEN_IDENTIFIER TOKEN_SEMICOLON
    (15) var_decl -> . type TOKEN_IDENTIFIER array_struct TOKEN_ASSIGN array_init TOKEN_SEMICOLON
    (16) var_decl -> . type TOKEN_IDENTIFIER array_struct TOKEN_SEMICOLON
    (2) expr_stmt -> . expr TOKEN_SEMICOLON
    (87) if_stmt -> . TOKEN_KW_IF TOKEN_LPAREN expr TOKEN_RPAREN block else
    (93) while_stmt -> . TOKEN_KW_WHILE TOKEN_LPAREN expr TOKEN_RPAREN stmt
    (94) do_stmt -> . TOKEN_KW_DO block TOKEN_KW_WHILE TOKEN_LPAREN expr TOKEN_RPAREN TOKEN_SEMICOLON
    (95) for_stmt -> . TOKEN_KW_FOR TOKEN_LPAREN for_init TOKEN_RPAREN stmt
    (97) switch_stmt -> . TOKEN_KW_SWITCH TOKEN_LPAREN expr TOKEN_RPAREN case_block
    (105) return_stmt -> . TOKEN_KW_RETURN expr TOKEN_SEMICOLON
    (106) return_stmt -> . TOKEN_KW_RETURN TOKEN_SEMICOLON
    (101) break_stmt -> . TOKEN_KW_BREAK TOKEN_SEMICOLON
    (100) continue_stmt -> . TOKEN_KW_CONTINUE TOKEN_SEMICOLON
    (107) match_stmt -> . TOKEN_KW_MATCH TOKEN_LPAREN expr TOKEN_RPAREN TOKEN_COLON match_block
    (109) defer_stmt -> . TOKEN_KW_DEFER TOKEN_LPAREN expr TOKEN_RPAREN TOKEN_SEMICOLON
    (110) import_stmt -> . TOKEN_GT TOKEN_KW_IMPORT TOKEN_IDENTIFIER
    (111) module_stmt -> . TOKEN_KW_MODULE module_list TOKEN_SEMICOLON
    (116) try_stmt -> . TOKEN_KW_TRY TOKEN_COLON TOKEN_LBRACE stmt_list TOKEN_RBRACE catch_stmt
    (117) catch_stmt -> . TOKEN_KW_CATCH TOKEN_LPAREN TOKEN_IDENTIFIER TOKEN_RPAREN TOKEN_COLON TOKEN_LBRACE stmt_list TOKEN_RBRACE
    (118) raise_stmt -> . TOKEN_KW_RAISE expr TOKEN_SEMICOLON
    (119) spawn_stmt -> . TOKEN_KW_SPAWN expr TOKEN_SEMICOLON
    (120) select_stmt -> . TOKEN_KW_SELECT case_block
    (121) lock_stmt -> . TOKEN_KW_LOCK TOKEN_LPAREN expr TOKEN_RPAREN block
    (68) block -> . TOKEN_LBRACE stmt_list TOKEN_RBRACE
    (70) block -> . TOKEN_LBRACE TOKEN_RBRACE
    (31) type -> . channel_type
    (32) type -> . pointer_type
    (113) expr -> . assignment
    (159) expr -> . TOKEN_KW_CAST type TOKEN_ARROW expr
    (37) channel_type -> . TOKEN_KW_CHAN type
    (33) pointer_type -> . pointer_type TOKEN_STAR
    (34) pointer_type -> . pointer_type TOKEN_AMPERSAND
    (35) pointer_type -> . base_type
    (3) assignment -> . unary TOKEN_LSHIFT_ASSIGN assignment
    (14) assignment -> . unary TOKEN_RSHIFT_ASSIGN assignment
    (131) assignment -> . ternary
    (142) assignment -> . unary TOKEN_ASSIGN assignment
    (153) assignment -> . unary TOKEN_PLUS_EQ assignment
    (164) assignment -> . unary TOKEN_MINUS_EQ assignment
    (175) assignment -> . unary TOKEN_STAR_EQ assignment
    (186) assignment -> . unary TOKEN_SLASH_EQ assignment
    (197) assignment -> . unary TOKEN_MOD_EQ assignment
    (38) base_type -> . modifier_list TOKEN_KW_INT
    (39) base_type -> . modifier_list TOKEN_KW_SHORT
    (40) base_type -> . modifier_list TOKEN_KW_LONG
    (41) base_type -> . modifier_list TOKEN_KW_BYTE
    (42) base_type -> . modifier_list TOKEN_KW_FLOAT
    (43) base_type -> . modifier_list TOKEN_KW_DOUBLE
    (44) base_type -> . modifier_list TOKEN_KW_CHAR
    (45) base_type -> . modifier_list TOKEN_KW_STRING
    (46) base_type -> . modifier_list TOKEN_KW_BOOL
    (48) base_type -> . modifier_list TOKEN_KW_STRUCT
    (49) base_type -> . modifier_list TOKEN_KW_ENUM
    (50) base_type -> . modifier_list TOKEN_KW_UNION
    (51) base_type -> . modifier_list TOKEN_KW_VOID
    (52) base_type -> . TOKEN_KW_MUTEX
    (53) base_type -> . modifier_list TOKEN_IDENTIFIER
    (143) unary -> . TOKEN_PLUS unary
    (144) unary -> . TOKEN_MINUS unary
    (145) unary -> . TOKEN_NOT unary
    (146) unary -> . TOKEN_BIT_NOT unary
    (147) unary -> . TOKEN_AMPERSAND unary
    (148) unary -> . TOKEN_STAR unary
    (149) unary -> . TOKEN_KW_AWAIT unary
    (150) unary -> . postfix
    (25) ternary -> . logical_or
    (36) ternary -> . logical_or TOKEN_QUESTION expr TOKEN_COLON ternary
    (29) modifier_list -> . modifier_list modifier
    (30) modifier_list -> . modifier
    (151) postfix -> . primary
    (152) postfix -> . postfix TOKEN_LPAREN arg_list TOKEN_RPAREN
    (154) postfix -> . postfix TOKEN_LBRACKET expr TOKEN_RBRACKET
    (155) postfix -> . postfix TOKEN_DOT TOKEN_IDENTIFIER
    (156) postfix -> . postfix TOKEN_SCOPE_RES TOKEN_IDENTIFIER
    (157) postfix -> . postfix TOKEN_ARROW TOKEN_IDENTIFIER
    (158) postfix -> . postfix TOKEN_LEFT_ARROW TOKEN_IDENTIFIER
    (47) logical_or -> . logical_and
    (58) logical_or -> . logical_or TOKEN_OR logical_and
    (20) modifier -> . TOKEN_KW_CONST
    (21) modifier -> . TOKEN_KW_MUT
    (22) modifier -> . TOKEN_KW_STATIC
    (23) modifier -> . TOKEN_KW_VOLATILE
    (24) modifier -> . TOKEN_KW_ATOMIC
    (26) modifier -> . TOKEN_KW_SHARED
    (27) modifier -> . TOKEN_KW_PRIVATE
    (28) modifier -> . TOKEN_KW_PUBLIC
    (160) primary -> . TOKEN_IDENTIFIER
    (161) primary -> . factor
    (162) primary -> . TOKEN_LPAREN expr TOKEN_RPAREN
    (163) primary -> . TOKEN_KW_NULL
    (69) logical_and -> . bit_or
    (80) logical_and -> . logical_and TOKEN_AND bit_or
    (54) factor -> . TOKEN_INT_LITERAL
    (55) factor -> . TOKEN_FLOAT_LITERAL
    (56) factor -> . TOKEN_CHAR_LITERAL
    (57) factor -> . TOKEN_STRING_LITERAL
    (59) factor -> . TOKEN_BOOL_LITERAL
    (91) bit_or -> . xor
    (102) bit_or -> . bit_or TOKEN_BIT_OR xor
    (114) xor -> . bit_and
    (122) xor -> . xor TOKEN_XOR bit_and
    (123) bit_and -> . equality
    (124) bit_and -> . bit_and TOKEN_AMPERSAND equality
    (125) bit_and -> . bit_and TOKEN_NAND equality
    (126) equality -> . relational
    (127) equality -> . equality TOKEN_EQ relational
    (128) equality -> . equality TOKEN_NEQ relational
    (129) relational -> . additive
    (130) relational -> . relational TOKEN_LT additive
    (132) relational -> . relational TOKEN_GT additive
    (133) relational -> . relational TOKEN_LE additive
    (134) relational -> . relational TOKEN_GE additive
    (135) additive -> . multiplicative
    (136) additive -> . additive TOKEN_PLUS multiplicative
    (137) additive -> . additive TOKEN_MINUS multiplicative
    (138) multiplicative -> . unary
    (139) multiplicative -> . multiplicative TOKEN_STAR unary
    (140) multiplicative -> . multiplicative TOKEN_SLASH unary
    (141) multiplicative -> . multiplicative TOKEN_MOD unary

    TOKEN_KW_IF     shift and go to state 271
    TOKEN_KW_WHILE  shift and go to state 272
    TOKEN_KW_DO     shift and go to state 273
    TOKEN_KW_FOR    shift and go to state 274
    TOKEN_KW_SWITCH shift and go to state 275
    TOKEN_KW_RETURN shift and go to state 276
    TOKEN_KW_BREAK  shift and go to state 277
    TOKEN_KW_CONTINUE shift and go to state 278
    TOKEN_KW_MATCH  shift and go to state 279
    TOKEN_KW_DEFER  shift and go to state 280
    TOKEN_GT        shift and go to state 281
    TOKEN_KW_MODULE shift and go to state 282
    TOKEN_KW_TRY    shift and go to state 283
    TOKEN_KW_CATCH  shift and go to state 284
    TOKEN_KW_RAISE  shift and go to state 285
    TOKEN_KW_SPAWN  shift and go to state 286
    TOKEN_KW_SELECT shift and go to state 287
    TOKEN_KW_LOCK   shift and go to state 288
    TOKEN_LBRACE    shift and go to state 246
    TOKEN_KW_CAST   shift and go to state 75
    TOKEN_KW_CHAN   shift and go to state 20
    TOKEN_KW_MUTEX  shift and go to state 23
    TOKEN_PLUS      shift and go to state 78
    TOKEN_MINUS     shift and go to state 79
    TOKEN_NOT       shift and go to state 80
    TOKEN_BIT_NOT   shift and go to state 81
    TOKEN_AMPERSAND shift and go to state 82
    TOKEN_STAR      shift and go to state 83
    TOKEN_KW_AWAIT  shift and go to state 84
    TOKEN_KW_CONST  shift and go to state 25
    TOKEN_KW_MUT    shift and go to state 26
    TOKEN_KW_STATIC shift and go to state 27
    TOKEN_KW_VOLATILE shift and go to state 28
    TOKEN_KW_ATOMIC shift and go to state 29
    TOKEN_KW_SHARED shift and go to state 30
    TOKEN_KW_PRIVATE shift and go to state 31
    TOKEN_KW_PUBLIC shift and go to state 32
    TOKEN_IDENTIFIER shift and go to state 72
    TOKEN_LPAREN    shift and go to state 88
    TOKEN_KW_NULL   shift and go to state 91
    TOKEN_INT_LITERAL shift and go to state 93
    TOKEN_FLOAT_LITERAL shift and go to state 94
    TOKEN_CHAR_LITERAL shift and go to state 95
    TOKEN_STRING_LITERAL shift and go to state 96
    TOKEN_BOOL_LITERAL shift and go to state 97

    stmt                           shift and go to state 357
    var_decl                       shift and go to state 249
    expr_stmt                      shift and go to state 250
    if_stmt                        shift and go to state 251
    while_stmt                     shift and go to state 252
    do_stmt                        shift and go to state 253
    for_stmt                       shift and go to state 254
    switch_stmt                    shift and go to state 255
    return_stmt                    shift and go to state 256
    break_stmt                     shift and go to state 257
    continue_stmt                  shift and go to state 258
    match_stmt                     shift and go to state 259
    defer_stmt                     shift and go to state 260
    import_stmt                    shift and go to state 261
    module_stmt                    shift and go to state 262
    try_stmt                       shift and go to state 263
    catch_stmt                     shift and go to state 264
    raise_stmt                     shift and go to state 265
    spawn_stmt                     shift and go to state 266
    select_stmt                    shift and go to state 267
    lock_stmt                      shift and go to state 268
    block                          shift and go to state 269
    type                           shift and go to state 11
    expr                           shift and go to state 270
    channel_type                   shift and go to state 18
    pointer_type                   shift and go to state 19
    assignment                     shift and go to state 74
    base_type                      shift and go to state 21
    unary                          shift and go to state 76
    ternary                        shift and go to state 77
    modifier_list                  shift and go to state 22
    postfix                        shift and go to state 85
    logical_or                     shift and go to state 86
    modifier                       shift and go to state 24
    primary                        shift and go to state 87
    logical_and                    shift and go to state 89
    factor                         shift and go to state 90
    bit_or                         shift and go to state 92
    xor                            shift and go to state 98
    bit_and                        shift and go to state 99
    equality                       shift and go to state 100
    relational                     shift and go to state 101
    additive                       shift and go to state 102
    multiplicative                 shift and go to state 103

state 341

    (96) for_init -> type TOKEN_IDENTIFIER . TOKEN_ASSIGN expr TOKEN_COMMA expr TOKEN_COMMA expr

    TOKEN_ASSIGN    shift and go to state 358


state 342

    (97) switch_stmt -> TOKEN_KW_SWITCH TOKEN_LPAREN expr TOKEN_RPAREN . case_block
    (71) case_block -> . TOKEN_LBRACE case_list default_stmt TOKEN_RBRACE
    (72) case_block -> . TOKEN_LBRACE case_list TOKEN_RBRACE

    TOKEN_LBRACE    shift and go to state 314

    case_block                     shift and go to state 359

state 343

    (107) match_stmt -> TOKEN_KW_MATCH TOKEN_LPAREN expr TOKEN_RPAREN . TOKEN_COLON match_block

    TOKEN_COLON     shift and go to state 360


state 344

    (109) defer_stmt -> TOKEN_KW_DEFER TOKEN_LPAREN expr TOKEN_RPAREN . TOKEN_SEMICOLON

    TOKEN_SEMICOLON shift and go to state 361


state 345

    (112) module_list -> module_list TOKEN_SCOPE_RES TOKEN_IDENTIFIER .

    TOKEN_SEMICOLON reduce using rule 112 (module_list -> module_list TOKEN_SCOPE_RES TOKEN_IDENTIFIER .)
    TOKEN_SCOPE_RES reduce using rule 112 (module_list -> module_list TOKEN_SCOPE_RES TOKEN_IDENTIFIER .)


state 346

    (116) try_stmt -> TOKEN_KW_TRY TOKEN_COLON TOKEN_LBRACE stmt_list . TOKEN_RBRACE catch_stmt
    (192) stmt_list -> stmt_list . stmt
    (169) stmt -> . var_decl
    (170) stmt -> . expr_stmt
    (171) stmt -> . if_stmt
    (172) stmt -> . while_stmt
    (173) stmt -> . do_stmt
    (174) stmt -> . for_stmt
    (176) stmt -> . switch_stmt
    (177) stmt -> . return_stmt
    (178) stmt -> . break_stmt
    (179) stmt -> . continue_stmt
    (180) stmt -> . match_stmt
    (181) stmt -> . defer_stmt
    (182) stmt -> . import_stmt
    (183) stmt -> . module_stmt
    (184) stmt -> . try_stmt
    (185) stmt -> . catch_stmt
    (187) stmt -> . raise_stmt
    (188) stmt -> . spawn_stmt
    (189) stmt -> . select_stmt
    (190) stmt -> . lock_stmt
    (191) stmt -> . block
    (12) var_decl -> . type TOKEN_IDENTIFIER TOKEN_ASSIGN expr TOKEN_SEMICOLON
    (13) var_decl -> . type TOKEN_IDENTIFIER TOKEN_SEMICOLON
    (15) var_decl -> . type TOKEN_IDENTIFIER array_struct TOKEN_ASSIGN array_init TOKEN_SEMICOLON
    (16) var_decl -> . type TOKEN_IDENTIFIER array_struct TOKEN_SEMICOLON
    (2) expr_stmt -> . expr TOKEN_SEMICOLON
    (87) if_stmt -> . TOKEN_KW_IF TOKEN_LPAREN expr TOKEN_RPAREN block else
    (93) while_stmt -> . TOKEN_KW_WHILE TOKEN_LPAREN expr TOKEN_RPAREN stmt
    (94) do_stmt -> . TOKEN_KW_DO block TOKEN_KW_WHILE TOKEN_LPAREN expr TOKEN_RPAREN TOKEN_SEMICOLON
    (95) for_stmt -> . TOKEN_KW_FOR TOKEN_LPAREN for_init TOKEN_RPAREN stmt
    (97) switch_stmt -> . TOKEN_KW_SWITCH TOKEN_LPAREN expr TOKEN_RPAREN case_block
    (105) return_stmt -> . TOKEN_KW_RETURN expr TOKEN_SEMICOLON
    (106) return_stmt -> . TOKEN_KW_RETURN TOKEN_SEMICOLON
    (101) break_stmt -> . TOKEN_KW_BREAK TOKEN_SEMICOLON
    (100) continue_stmt -> . TOKEN_KW_CONTINUE TOKEN_SEMICOLON
    (107) match_stmt -> . TOKEN_KW_MATCH TOKEN_LPAREN expr TOKEN_RPAREN TOKEN_COLON match_block
    (109) defer_stmt -> . TOKEN_KW_DEFER TOKEN_LPAREN expr TOKEN_RPAREN TOKEN_SEMICOLON
    (110) import_stmt -> . TOKEN_GT TOKEN_KW_IMPORT TOKEN_IDENTIFIER
    (111) module_stmt -> . TOKEN_KW_MODULE module_list TOKEN_SEMICOLON
    (116) try_stmt -> . TOKEN_KW_TRY TOKEN_COLON TOKEN_LBRACE stmt_list TOKEN_RBRACE catch_stmt
    (117) catch_stmt -> . TOKEN_KW_CATCH TOKEN_LPAREN TOKEN_IDENTIFIER TOKEN_RPAREN TOKEN_COLON TOKEN_LBRACE stmt_list TOKEN_RBRACE
    (118) raise_stmt -> . TOKEN_KW_RAISE expr TOKEN_SEMICOLON
    (119) spawn_stmt -> . TOKEN_KW_SPAWN expr TOKEN_SEMICOLON
    (120) select_stmt -> . TOKEN_KW_SELECT case_block
    (121) lock_stmt -> . TOKEN_KW_LOCK TOKEN_LPAREN expr TOKEN_RPAREN block
    (68) block -> . TOKEN_LBRACE stmt_list TOKEN_RBRACE
    (70) block -> . TOKEN_LBRACE TOKEN_RBRACE
    (31) type -> . channel_type
    (32) type -> . pointer_type
    (113) expr -> . assignment
    (159) expr -> . TOKEN_KW_CAST type TOKEN_ARROW expr
    (37) channel_type -> . TOKEN_KW_CHAN type
    (33) pointer_type -> . pointer_type TOKEN_STAR
    (34) pointer_type -> . pointer_type TOKEN_AMPERSAND
    (35) pointer_type -> . base_type
    (3) assignment -> . unary TOKEN_LSHIFT_ASSIGN assignment
    (14) assignment -> . unary TOKEN_RSHIFT_ASSIGN assignment
    (131) assignment -> . ternary
    (142) assignment -> . unary TOKEN_ASSIGN assignment
    (153) assignment -> . unary TOKEN_PLUS_EQ assignment
    (164) assignment -> . unary TOKEN_MINUS_EQ assignment
    (175) assignment -> . unary TOKEN_STAR_EQ assignment
    (186) assignment -> . unary TOKEN_SLASH_EQ assignment
    (197) assignment -> . unary TOKEN_MOD_EQ assignment
    (38) base_type -> . modifier_list TOKEN_KW_INT
    (39) base_type -> . modifier_list TOKEN_KW_SHORT
    (40) base_type -> . modifier_list TOKEN_KW_LONG
    (41) base_type -> . modifier_list TOKEN_KW_BYTE
    (42) base_type -> . modifier_list TOKEN_KW_FLOAT
    (43) base_type -> . modifier_list TOKEN_KW_DOUBLE
    (44) base_type -> . modifier_list TOKEN_KW_CHAR
    (45) base_type -> . modifier_list TOKEN_KW_STRING
    (46) base_type -> . modifier_list TOKEN_KW_BOOL
    (48) base_type -> . modifier_list TOKEN_KW_STRUCT
    (49) base_type -> . modifier_list TOKEN_KW_ENUM
    (50) base_type -> . modifier_list TOKEN_KW_UNION
    (51) base_type -> . modifier_list TOKEN_KW_VOID
    (52) base_type -> . TOKEN_KW_MUTEX
    (53) base_type -> . modifier_list TOKEN_IDENTIFIER
    (143) unary -> . TOKEN_PLUS unary
    (144) unary -> . TOKEN_MINUS unary
    (145) unary -> . TOKEN_NOT unary
    (146) unary -> . TOKEN_BIT_NOT unary
    (147) unary -> . TOKEN_AMPERSAND unary
    (148) unary -> . TOKEN_STAR unary
    (149) unary -> . TOKEN_KW_AWAIT unary
    (150) unary -> . postfix
    (25) ternary -> . logical_or
    (36) ternary -> . logical_or TOKEN_QUESTION expr TOKEN_COLON ternary
    (29) modifier_list -> . modifier_list modifier
    (30) modifier_list -> . modifier
    (151) postfix -> . primary
    (152) postfix -> . postfix TOKEN_LPAREN arg_list TOKEN_RPAREN
    (154) postfix -> . postfix TOKEN_LBRACKET expr TOKEN_RBRACKET
    (155) postfix -> . postfix TOKEN_DOT TOKEN_IDENTIFIER
    (156) postfix -> . postfix TOKEN_SCOPE_RES TOKEN_IDENTIFIER
    (157) postfix -> . postfix TOKEN_ARROW TOKEN_IDENTIFIER
    (158) postfix -> . postfix TOKEN_LEFT_ARROW TOKEN_IDENTIFIER
    (47) logical_or -> . logical_and
    (58) logical_or -> . logical_or TOKEN_OR logical_and
    (20) modifier -> . TOKEN_KW_CONST
    (21) modifier -> . TOKEN_KW_MUT
    (22) modifier -> . TOKEN_KW_STATIC
    (23) modifier -> . TOKEN_KW_VOLATILE
    (24) modifier -> . TOKEN_KW_ATOMIC
    (26) modifier -> . TOKEN_KW_SHARED
    (27) modifier -> . TOKEN_KW_PRIVATE
    (28) modifier -> . TOKEN_KW_PUBLIC
    (160) primary -> . TOKEN_IDENTIFIER
    (161) primary -> . factor
    (162) primary -> . TOKEN_LPAREN expr TOKEN_RPAREN
    (163) primary -> . TOKEN_KW_NULL
    (69) logical_and -> . bit_or
    (80) logical_and -> . logical_and TOKEN_AND bit_or
    (54) factor -> . TOKEN_INT_LITERAL
    (55) factor -> . TOKEN_FLOAT_LITERAL
    (56) factor -> . TOKEN_CHAR_LITERAL
    (57) factor -> . TOKEN_STRING_LITERAL
    (59) factor -> . TOKEN_BOOL_LITERAL
    (91) bit_or -> . xor
    (102) bit_or -> . bit_or TOKEN_BIT_OR xor
    (114) xor -> . bit_and
    (122) xor -> . xor TOKEN_XOR bit_and
    (123) bit_and -> . equality
    (124) bit_and -> . bit_and TOKEN_AMPERSAND equality
    (125) bit_and -> . bit_and TOKEN_NAND equality
    (126) equality -> . relational
    (127) equality -> . equality TOKEN_EQ relational
    (128) equality -> . equality TOKEN_NEQ relational
    (129) relational -> . additive
    (130) relational -> . relational TOKEN_LT additive
    (132) relational -> . relational TOKEN_GT additive
    (133) relational -> . relational TOKEN_LE additive
    (134) relational -> . relational TOKEN_GE additive
    (135) additive -> . multiplicative
    (136) additive -> . additive TOKEN_PLUS multiplicative
    (137) additive -> . additive TOKEN_MINUS multiplicative
    (138) multiplicative -> . unary
    (139) multiplicative -> . multiplicative TOKEN_STAR unary
    (140) multiplicative -> . multiplicative TOKEN_SLASH unary
    (141) multiplicative -> . multiplicative TOKEN_MOD unary

    TOKEN_RBRACE    shift and go to state 362
    TOKEN_KW_IF     shift and go to state 271
    TOKEN_KW_WHILE  shift and go to state 272
    TOKEN_KW_DO     shift and go to state 273
    TOKEN_KW_FOR    shift and go to state 274
    TOKEN_KW_SWITCH shift and go to state 275
    TOKEN_KW_RETURN shift and go to state 276
    TOKEN_KW_BREAK  shift and go to state 277
    TOKEN_KW_CONTINUE shift and go to state 278
    TOKEN_KW_MATCH  shift and go to state 279
    TOKEN_KW_DEFER  shift and go to state 280
    TOKEN_GT        shift and go to state 281
    TOKEN_KW_MODULE shift and go to state 282
    TOKEN_KW_TRY    shift and go to state 283
    TOKEN_KW_CATCH  shift and go to state 284
    TOKEN_KW_RAISE  shift and go to state 285
    TOKEN_KW_SPAWN  shift and go to state 286
    TOKEN_KW_SELECT shift and go to state 287
    TOKEN_KW_LOCK   shift and go to state 288
    TOKEN_LBRACE    shift and go to state 246
    TOKEN_KW_CAST   shift and go to state 75
    TOKEN_KW_CHAN   shift and go to state 20
    TOKEN_KW_MUTEX  shift and go to state 23
    TOKEN_PLUS      shift and go to state 78
    TOKEN_MINUS     shift and go to state 79
    TOKEN_NOT       shift and go to state 80
    TOKEN_BIT_NOT   shift and go to state 81
    TOKEN_AMPERSAND shift and go to state 82
    TOKEN_STAR      shift and go to state 83
    TOKEN_KW_AWAIT  shift and go to state 84
    TOKEN_KW_CONST  shift and go to state 25
    TOKEN_KW_MUT    shift and go to state 26
    TOKEN_KW_STATIC shift and go to state 27
    TOKEN_KW_VOLATILE shift and go to state 28
    TOKEN_KW_ATOMIC shift and go to state 29
    TOKEN_KW_SHARED shift and go to state 30
    TOKEN_KW_PRIVATE shift and go to state 31
    TOKEN_KW_PUBLIC shift and go to state 32
    TOKEN_IDENTIFIER shift and go to state 72
    TOKEN_LPAREN    shift and go to state 88
    TOKEN_KW_NULL   shift and go to state 91
    TOKEN_INT_LITERAL shift and go to state 93
    TOKEN_FLOAT_LITERAL shift and go to state 94
    TOKEN_CHAR_LITERAL shift and go to state 95
    TOKEN_STRING_LITERAL shift and go to state 96
    TOKEN_BOOL_LITERAL shift and go to state 97

    catch_stmt                     shift and go to state 264
    stmt                           shift and go to state 293
    var_decl                       shift and go to state 249
    expr_stmt                      shift and go to state 250
    if_stmt                        shift and go to state 251
    while_stmt                     shift and go to state 252
    do_stmt                        shift and go to state 253
    for_stmt                       shift and go to state 254
    switch_stmt                    shift and go to state 255
    return_stmt                    shift and go to state 256
    break_stmt                     shift and go to state 257
    continue_stmt                  shift and go to state 258
    match_stmt                     shift and go to state 259
    defer_stmt                     shift and go to state 260
    import_stmt                    shift and go to state 261
    module_stmt                    shift and go to state 262
    try_stmt                       shift and go to state 263
    raise_stmt                     shift and go to state 265
    spawn_stmt                     shift and go to state 266
    select_stmt                    shift and go to state 267
    lock_stmt                      shift and go to state 268
    block                          shift and go to state 269
    type                           shift and go to state 11
    expr                           shift and go to state 270
    channel_type                   shift and go to state 18
    pointer_type                   shift and go to state 19
    assignment                     shift and go to state 74
    base_type                      shift and go to state 21
    unary                          shift and go to state 76
    ternary                        shift and go to state 77
    modifier_list                  shift and go to state 22
    postfix                        shift and go to state 85
    logical_or                     shift and go to state 86
    modifier                       shift and go to state 24
    primary                        shift and go to state 87
    logical_and                    shift and go to state 89
    factor                         shift and go to state 90
    bit_or                         shift and go to state 92
    xor                            shift and go to state 98
    bit_and                        shift and go to state 99
    equality                       shift and go to state 100
    relational                     shift and go to state 101
    additive                       shift and go to state 102
    multiplicative                 shift and go to state 103

state 347

    (117) catch_stmt -> TOKEN_KW_CATCH TOKEN_LPAREN TOKEN_IDENTIFIER TOKEN_RPAREN . TOKEN_COLON TOKEN_LBRACE stmt_list TOKEN_RBRACE

    TOKEN_COLON     shift and go to state 363


state 348

    (71) case_block -> TOKEN_LBRACE case_list default_stmt . TOKEN_RBRACE

    TOKEN_RBRACE    shift and go to state 364


state 349

    (72) case_block -> TOKEN_LBRACE case_list TOKEN_RBRACE .

    TOKEN_RBRACE    reduce using rule 72 (case_block -> TOKEN_LBRACE case_list TOKEN_RBRACE .)
    TOKEN_KW_IF     reduce using rule 72 (case_block -> TOKEN_LBRACE case_list TOKEN_RBRACE .)
    TOKEN_KW_WHILE  reduce using rule 72 (case_block -> TOKEN_LBRACE case_list TOKEN_RBRACE .)
    TOKEN_KW_DO     reduce using rule 72 (case_block -> TOKEN_LBRACE case_list TOKEN_RBRACE .)
    TOKEN_KW_FOR    reduce using rule 72 (case_block -> TOKEN_LBRACE case_list TOKEN_RBRACE .)
    TOKEN_KW_SWITCH reduce using rule 72 (case_block -> TOKEN_LBRACE case_list TOKEN_RBRACE .)
    TOKEN_KW_RETURN reduce using rule 72 (case_block -> TOKEN_LBRACE case_list TOKEN_RBRACE .)
    TOKEN_KW_BREAK  reduce using rule 72 (case_block -> TOKEN_LBRACE case_list TOKEN_RBRACE .)
    TOKEN_KW_CONTINUE reduce using rule 72 (case_block -> TOKEN_LBRACE case_list TOKEN_RBRACE .)
    TOKEN_KW_MATCH  reduce using rule 72 (case_block -> TOKEN_LBRACE case_list TOKEN_RBRACE .)
    TOKEN_KW_DEFER  reduce using rule 72 (case_block -> TOKEN_LBRACE case_list TOKEN_RBRACE .)
    TOKEN_GT        reduce using rule 72 (case_block -> TOKEN_LBRACE case_list TOKEN_RBRACE .)
    TOKEN_KW_MODULE reduce using rule 72 (case_block -> TOKEN_LBRACE case_list TOKEN_RBRACE .)
    TOKEN_KW_TRY    reduce using rule 72 (case_block -> TOKEN_LBRACE case_list TOKEN_RBRACE .)
    TOKEN_KW_CATCH  reduce using rule 72 (case_block -> TOKEN_LBRACE case_list TOKEN_RBRACE .)
    TOKEN_KW_RAISE  reduce using rule 72 (case_block -> TOKEN_LBRACE case_list TOKEN_RBRACE .)
    TOKEN_KW_SPAWN  reduce using rule 72 (case_block -> TOKEN_LBRACE case_list TOKEN_RBRACE .)
    TOKEN_KW_SELECT reduce using rule 72 (case_block -> TOKEN_LBRACE case_list TOKEN_RBRACE .)
    TOKEN_KW_LOCK   reduce using rule 72 (case_block -> TOKEN_LBRACE case_list TOKEN_RBRACE .)
    TOKEN_LBRACE    reduce using rule 72 (case_block -> TOKEN_LBRACE case_list TOKEN_RBRACE .)
    TOKEN_KW_CAST   reduce using rule 72 (case_block -> TOKEN_LBRACE case_list TOKEN_RBRACE .)
    TOKEN_KW_CHAN   reduce using rule 72 (case_block -> TOKEN_LBRACE case_list TOKEN_RBRACE .)
    TOKEN_KW_MUTEX  reduce using rule 72 (case_block -> TOKEN_LBRACE case_list TOKEN_RBRACE .)
    TOKEN_PLUS      reduce using rule 72 (case_block -> TOKEN_LBRACE case_list TOKEN_RBRACE .)
    TOKEN_MINUS     reduce using rule 72 (case_block -> TOKEN_LBRACE case_list TOKEN_RBRACE .)
    TOKEN_NOT       reduce using rule 72 (case_block -> TOKEN_LBRACE case_list TOKEN_RBRACE .)
    TOKEN_BIT_NOT   reduce using rule 72 (case_block -> TOKEN_LBRACE case_list TOKEN_RBRACE .)
    TOKEN_AMPERSAND reduce using rule 72 (case_block -> TOKEN_LBRACE case_list TOKEN_RBRACE .)
    TOKEN_STAR      reduce using rule 72 (case_block -> TOKEN_LBRACE case_list TOKEN_RBRACE .)
    TOKEN_KW_AWAIT  reduce using rule 72 (case_block -> TOKEN_LBRACE case_list TOKEN_RBRACE .)
    TOKEN_KW_CONST  reduce using rule 72 (case_block -> TOKEN_LBRACE case_list TOKEN_RBRACE .)
    TOKEN_KW_MUT    reduce using rule 72 (case_block -> TOKEN_LBRACE case_list TOKEN_RBRACE .)
    TOKEN_KW_STATIC reduce using rule 72 (case_block -> TOKEN_LBRACE case_list TOKEN_RBRACE .)
    TOKEN_KW_VOLATILE reduce using rule 72 (case_block -> TOKEN_LBRACE case_list TOKEN_RBRACE .)
    TOKEN_KW_ATOMIC reduce using rule 72 (case_block -> TOKEN_LBRACE case_list TOKEN_RBRACE .)
    TOKEN_KW_SHARED reduce using rule 72 (case_block -> TOKEN_LBRACE case_list TOKEN_RBRACE .)
    TOKEN_KW_PRIVATE reduce using rule 72 (case_block -> TOKEN_LBRACE case_list TOKEN_RBRACE .)
    TOKEN_KW_PUBLIC reduce using rule 72 (case_block -> TOKEN_LBRACE case_list TOKEN_RBRACE .)
    TOKEN_IDENTIFIER reduce using rule 72 (case_block -> TOKEN_LBRACE case_list TOKEN_RBRACE .)
    TOKEN_LPAREN    reduce using rule 72 (case_block -> TOKEN_LBRACE case_list TOKEN_RBRACE .)
    TOKEN_KW_NULL   reduce using rule 72 (case_block -> TOKEN_LBRACE case_list TOKEN_RBRACE .)
    TOKEN_INT_LITERAL reduce using rule 72 (case_block -> TOKEN_LBRACE case_list TOKEN_RBRACE .)
    TOKEN_FLOAT_LITERAL reduce using rule 72 (case_block -> TOKEN_LBRACE case_list TOKEN_RBRACE .)
    TOKEN_CHAR_LITERAL reduce using rule 72 (case_block -> TOKEN_LBRACE case_list TOKEN_RBRACE .)
    TOKEN_STRING_LITERAL reduce using rule 72 (case_block -> TOKEN_LBRACE case_list TOKEN_RBRACE .)
    TOKEN_BOOL_LITERAL reduce using rule 72 (case_block -> TOKEN_LBRACE case_list TOKEN_RBRACE .)


state 350

    (103) case_list -> case_list case_stmt .

    TOKEN_RBRACE    reduce using rule 103 (case_list -> case_list case_stmt .)
    TOKEN_KW_DEFAULT reduce using rule 103 (case_list -> case_list case_stmt .)
    TOKEN_KW_CASE   reduce using rule 103 (case_list -> case_list case_stmt .)


state 351

    (99) default_stmt -> TOKEN_KW_DEFAULT . TOKEN_COLON block TOKEN_KW_BREAK TOKEN_SEMICOLON

    TOKEN_COLON     shift and go to state 365


state 352

    (98) case_stmt -> TOKEN_KW_CASE expr . TOKEN_COLON block TOKEN_KW_BREAK TOKEN_SEMICOLON

    TOKEN_COLON     shift and go to state 366


state 353

    (121) lock_stmt -> TOKEN_KW_LOCK TOKEN_LPAREN expr TOKEN_RPAREN . block
    (68) block -> . TOKEN_LBRACE stmt_list TOKEN_RBRACE
    (70) block -> . TOKEN_LBRACE TOKEN_RBRACE

    TOKEN_LBRACE    shift and go to state 246

    block                          shift and go to state 367

state 354

    (87) if_stmt -> TOKEN_KW_IF TOKEN_LPAREN expr TOKEN_RPAREN block . else
    (88) else -> . TOKEN_KW_ELSE block
    (89) else -> . lower_than_else
    (90) lower_than_else -> . TOKEN_KW_ELSE if_stmt
    (92) lower_than_else -> .

    TOKEN_KW_ELSE   shift and go to state 369
    TOKEN_RBRACE    reduce using rule 92 (lower_than_else -> .)
    TOKEN_KW_IF     reduce using rule 92 (lower_than_else -> .)
    TOKEN_KW_WHILE  reduce using rule 92 (lower_than_else -> .)
    TOKEN_KW_DO     reduce using rule 92 (lower_than_else -> .)
    TOKEN_KW_FOR    reduce using rule 92 (lower_than_else -> .)
    TOKEN_KW_SWITCH reduce using rule 92 (lower_than_else -> .)
    TOKEN_KW_RETURN reduce using rule 92 (lower_than_else -> .)
    TOKEN_KW_BREAK  reduce using rule 92 (lower_than_else -> .)
    TOKEN_KW_CONTINUE reduce using rule 92 (lower_than_else -> .)
    TOKEN_KW_MATCH  reduce using rule 92 (lower_than_else -> .)
    TOKEN_KW_DEFER  reduce using rule 92 (lower_than_else -> .)
    TOKEN_GT        reduce using rule 92 (lower_than_else -> .)
    TOKEN_KW_MODULE reduce using rule 92 (lower_than_else -> .)
    TOKEN_KW_TRY    reduce using rule 92 (lower_than_else -> .)
    TOKEN_KW_CATCH  reduce using rule 92 (lower_than_else -> .)
    TOKEN_KW_RAISE  reduce using rule 92 (lower_than_else -> .)
    TOKEN_KW_SPAWN  reduce using rule 92 (lower_than_else -> .)
    TOKEN_KW_SELECT reduce using rule 92 (lower_than_else -> .)
    TOKEN_KW_LOCK   reduce using rule 92 (lower_than_else -> .)
    TOKEN_LBRACE    reduce using rule 92 (lower_than_else -> .)
    TOKEN_KW_CAST   reduce using rule 92 (lower_than_else -> .)
    TOKEN_KW_CHAN   reduce using rule 92 (lower_than_else -> .)
    TOKEN_KW_MUTEX  reduce using rule 92 (lower_than_else -> .)
    TOKEN_PLUS      reduce using rule 92 (lower_than_else -> .)
    TOKEN_MINUS     reduce using rule 92 (lower_than_else -> .)
    TOKEN_NOT       reduce using rule 92 (lower_than_else -> .)
    TOKEN_BIT_NOT   reduce using rule 92 (lower_than_else -> .)
    TOKEN_AMPERSAND reduce using rule 92 (lower_than_else -> .)
    TOKEN_STAR      reduce using rule 92 (lower_than_else -> .)
    TOKEN_KW_AWAIT  reduce using rule 92 (lower_than_else -> .)
    TOKEN_KW_CONST  reduce using rule 92 (lower_than_else -> .)
    TOKEN_KW_MUT    reduce using rule 92 (lower_than_else -> .)
    TOKEN_KW_STATIC reduce using rule 92 (lower_than_else -> .)
    TOKEN_KW_VOLATILE reduce using rule 92 (lower_than_else -> .)
    TOKEN_KW_ATOMIC reduce using rule 92 (lower_than_else -> .)
    TOKEN_KW_SHARED reduce using rule 92 (lower_than_else -> .)
    TOKEN_KW_PRIVATE reduce using rule 92 (lower_than_else -> .)
    TOKEN_KW_PUBLIC reduce using rule 92 (lower_than_else -> .)
    TOKEN_IDENTIFIER reduce using rule 92 (lower_than_else -> .)
    TOKEN_LPAREN    reduce using rule 92 (lower_than_else -> .)
    TOKEN_KW_NULL   reduce using rule 92 (lower_than_else -> .)
    TOKEN_INT_LITERAL reduce using rule 92 (lower_than_else -> .)
    TOKEN_FLOAT_LITERAL reduce using rule 92 (lower_than_else -> .)
    TOKEN_CHAR_LITERAL reduce using rule 92 (lower_than_else -> .)
    TOKEN_STRING_LITERAL reduce using rule 92 (lower_than_else -> .)
    TOKEN_BOOL_LITERAL reduce using rule 92 (lower_than_else -> .)

    else                           shift and go to state 368
    lower_than_else                shift and go to state 370

state 355

    (93) while_stmt -> TOKEN_KW_WHILE TOKEN_LPAREN expr TOKEN_RPAREN stmt .

    TOKEN_RBRACE    reduce using rule 93 (while_stmt -> TOKEN_KW_WHILE TOKEN_LPAREN expr TOKEN_RPAREN stmt .)
    TOKEN_KW_IF     reduce using rule 93 (while_stmt -> TOKEN_KW_WHILE TOKEN_LPAREN expr TOKEN_RPAREN stmt .)
    TOKEN_KW_WHILE  reduce using rule 93 (while_stmt -> TOKEN_KW_WHILE TOKEN_LPAREN expr TOKEN_RPAREN stmt .)
    TOKEN_KW_DO     reduce using rule 93 (while_stmt -> TOKEN_KW_WHILE TOKEN_LPAREN expr TOKEN_RPAREN stmt .)
    TOKEN_KW_FOR    reduce using rule 93 (while_stmt -> TOKEN_KW_WHILE TOKEN_LPAREN expr TOKEN_RPAREN stmt .)
    TOKEN_KW_SWITCH reduce using rule 93 (while_stmt -> TOKEN_KW_WHILE TOKEN_LPAREN expr TOKEN_RPAREN stmt .)
    TOKEN_KW_RETURN reduce using rule 93 (while_stmt -> TOKEN_KW_WHILE TOKEN_LPAREN expr TOKEN_RPAREN stmt .)
    TOKEN_KW_BREAK  reduce using rule 93 (while_stmt -> TOKEN_KW_WHILE TOKEN_LPAREN expr TOKEN_RPAREN stmt .)
    TOKEN_KW_CONTINUE reduce using rule 93 (while_stmt -> TOKEN_KW_WHILE TOKEN_LPAREN expr TOKEN_RPAREN stmt .)
    TOKEN_KW_MATCH  reduce using rule 93 (while_stmt -> TOKEN_KW_WHILE TOKEN_LPAREN expr TOKEN_RPAREN stmt .)
    TOKEN_KW_DEFER  reduce using rule 93 (while_stmt -> TOKEN_KW_WHILE TOKEN_LPAREN expr TOKEN_RPAREN stmt .)
    TOKEN_GT        reduce using rule 93 (while_stmt -> TOKEN_KW_WHILE TOKEN_LPAREN expr TOKEN_RPAREN stmt .)
    TOKEN_KW_MODULE reduce using rule 93 (while_stmt -> TOKEN_KW_WHILE TOKEN_LPAREN expr TOKEN_RPAREN stmt .)
    TOKEN_KW_TRY    reduce using rule 93 (while_stmt -> TOKEN_KW_WHILE TOKEN_LPAREN expr TOKEN_RPAREN stmt .)
    TOKEN_KW_CATCH  reduce using rule 93 (while_stmt -> TOKEN_KW_WHILE TOKEN_LPAREN expr TOKEN_RPAREN stmt .)
    TOKEN_KW_RAISE  reduce using rule 93 (while_stmt -> TOKEN_KW_WHILE TOKEN_LPAREN expr TOKEN_RPAREN stmt .)
    TOKEN_KW_SPAWN  reduce using rule 93 (while_stmt -> TOKEN_KW_WHILE TOKEN_LPAREN expr TOKEN_RPAREN stmt .)
    TOKEN_KW_SELECT reduce using rule 93 (while_stmt -> TOKEN_KW_WHILE TOKEN_LPAREN expr TOKEN_RPAREN stmt .)
    TOKEN_KW_LOCK   reduce using rule 93 (while_stmt -> TOKEN_KW_WHILE TOKEN_LPAREN expr TOKEN_RPAREN stmt .)
    TOKEN_LBRACE    reduce using rule 93 (while_stmt -> TOKEN_KW_WHILE TOKEN_LPAREN expr TOKEN_RPAREN stmt .)
    TOKEN_KW_CAST   reduce using rule 93 (while_stmt -> TOKEN_KW_WHILE TOKEN_LPAREN expr TOKEN_RPAREN stmt .)
    TOKEN_KW_CHAN   reduce using rule 93 (while_stmt -> TOKEN_KW_WHILE TOKEN_LPAREN expr TOKEN_RPAREN stmt .)
    TOKEN_KW_MUTEX  reduce using rule 93 (while_stmt -> TOKEN_KW_WHILE TOKEN_LPAREN expr TOKEN_RPAREN stmt .)
    TOKEN_PLUS      reduce using rule 93 (while_stmt -> TOKEN_KW_WHILE TOKEN_LPAREN expr TOKEN_RPAREN stmt .)
    TOKEN_MINUS     reduce using rule 93 (while_stmt -> TOKEN_KW_WHILE TOKEN_LPAREN expr TOKEN_RPAREN stmt .)
    TOKEN_NOT       reduce using rule 93 (while_stmt -> TOKEN_KW_WHILE TOKEN_LPAREN expr TOKEN_RPAREN stmt .)
    TOKEN_BIT_NOT   reduce using rule 93 (while_stmt -> TOKEN_KW_WHILE TOKEN_LPAREN expr TOKEN_RPAREN stmt .)
    TOKEN_AMPERSAND reduce using rule 93 (while_stmt -> TOKEN_KW_WHILE TOKEN_LPAREN expr TOKEN_RPAREN stmt .)
    TOKEN_STAR      reduce using rule 93 (while_stmt -> TOKEN_KW_WHILE TOKEN_LPAREN expr TOKEN_RPAREN stmt .)
    TOKEN_KW_AWAIT  reduce using rule 93 (while_stmt -> TOKEN_KW_WHILE TOKEN_LPAREN expr TOKEN_RPAREN stmt .)
    TOKEN_KW_CONST  reduce using rule 93 (while_stmt -> TOKEN_KW_WHILE TOKEN_LPAREN expr TOKEN_RPAREN stmt .)
    TOKEN_KW_MUT    reduce using rule 93 (while_stmt -> TOKEN_KW_WHILE TOKEN_LPAREN expr TOKEN_RPAREN stmt .)
    TOKEN_KW_STATIC reduce using rule 93 (while_stmt -> TOKEN_KW_WHILE TOKEN_LPAREN expr TOKEN_RPAREN stmt .)
    TOKEN_KW_VOLATILE reduce using rule 93 (while_stmt -> TOKEN_KW_WHILE TOKEN_LPAREN expr TOKEN_RPAREN stmt .)
    TOKEN_KW_ATOMIC reduce using rule 93 (while_stmt -> TOKEN_KW_WHILE TOKEN_LPAREN expr TOKEN_RPAREN stmt .)
    TOKEN_KW_SHARED reduce using rule 93 (while_stmt -> TOKEN_KW_WHILE TOKEN_LPAREN expr TOKEN_RPAREN stmt .)
    TOKEN_KW_PRIVATE reduce using rule 93 (while_stmt -> TOKEN_KW_WHILE TOKEN_LPAREN expr TOKEN_RPAREN stmt .)
    TOKEN_KW_PUBLIC reduce using rule 93 (while_stmt -> TOKEN_KW_WHILE TOKEN_LPAREN expr TOKEN_RPAREN stmt .)
    TOKEN_IDENTIFIER reduce using rule 93 (while_stmt -> TOKEN_KW_WHILE TOKEN_LPAREN expr TOKEN_RPAREN stmt .)
    TOKEN_LPAREN    reduce using rule 93 (while_stmt -> TOKEN_KW_WHILE TOKEN_LPAREN expr TOKEN_RPAREN stmt .)
    TOKEN_KW_NULL   reduce using rule 93 (while_stmt -> TOKEN_KW_WHILE TOKEN_LPAREN expr TOKEN_RPAREN stmt .)
    TOKEN_INT_LITERAL reduce using rule 93 (while_stmt -> TOKEN_KW_WHILE TOKEN_LPAREN expr TOKEN_RPAREN stmt .)
    TOKEN_FLOAT_LITERAL reduce using rule 93 (while_stmt -> TOKEN_KW_WHILE TOKEN_LPAREN expr TOKEN_RPAREN stmt .)
    TOKEN_CHAR_LITERAL reduce using rule 93 (while_stmt -> TOKEN_KW_WHILE TOKEN_LPAREN expr TOKEN_RPAREN stmt .)
    TOKEN_STRING_LITERAL reduce using rule 93 (while_stmt -> TOKEN_KW_WHILE TOKEN_LPAREN expr TOKEN_RPAREN stmt .)
    TOKEN_BOOL_LITERAL reduce using rule 93 (while_stmt -> TOKEN_KW_WHILE TOKEN_LPAREN expr TOKEN_RPAREN stmt .)


state 356

    (94) do_stmt -> TOKEN_KW_DO block TOKEN_KW_WHILE TOKEN_LPAREN expr . TOKEN_RPAREN TOKEN_SEMICOLON

    TOKEN_RPAREN    shift and go to state 371


state 357

    (95) for_stmt -> TOKEN_KW_FOR TOKEN_LPAREN for_init TOKEN_RPAREN stmt .

    TOKEN_RBRACE    reduce using rule 95 (for_stmt -> TOKEN_KW_FOR TOKEN_LPAREN for_init TOKEN_RPAREN stmt .)
    TOKEN_KW_IF     reduce using rule 95 (for_stmt -> TOKEN_KW_FOR TOKEN_LPAREN for_init TOKEN_RPAREN stmt .)
    TOKEN_KW_WHILE  reduce using rule 95 (for_stmt -> TOKEN_KW_FOR TOKEN_LPAREN for_init TOKEN_RPAREN stmt .)
    TOKEN_KW_DO     reduce using rule 95 (for_stmt -> TOKEN_KW_FOR TOKEN_LPAREN for_init TOKEN_RPAREN stmt .)
    TOKEN_KW_FOR    reduce using rule 95 (for_stmt -> TOKEN_KW_FOR TOKEN_LPAREN for_init TOKEN_RPAREN stmt .)
    TOKEN_KW_SWITCH reduce using rule 95 (for_stmt -> TOKEN_KW_FOR TOKEN_LPAREN for_init TOKEN_RPAREN stmt .)
    TOKEN_KW_RETURN reduce using rule 95 (for_stmt -> TOKEN_KW_FOR TOKEN_LPAREN for_init TOKEN_RPAREN stmt .)
    TOKEN_KW_BREAK  reduce using rule 95 (for_stmt -> TOKEN_KW_FOR TOKEN_LPAREN for_init TOKEN_RPAREN stmt .)
    TOKEN_KW_CONTINUE reduce using rule 95 (for_stmt -> TOKEN_KW_FOR TOKEN_LPAREN for_init TOKEN_RPAREN stmt .)
    TOKEN_KW_MATCH  reduce using rule 95 (for_stmt -> TOKEN_KW_FOR TOKEN_LPAREN for_init TOKEN_RPAREN stmt .)
    TOKEN_KW_DEFER  reduce using rule 95 (for_stmt -> TOKEN_KW_FOR TOKEN_LPAREN for_init TOKEN_RPAREN stmt .)
    TOKEN_GT        reduce using rule 95 (for_stmt -> TOKEN_KW_FOR TOKEN_LPAREN for_init TOKEN_RPAREN stmt .)
    TOKEN_KW_MODULE reduce using rule 95 (for_stmt -> TOKEN_KW_FOR TOKEN_LPAREN for_init TOKEN_RPAREN stmt .)
    TOKEN_KW_TRY    reduce using rule 95 (for_stmt -> TOKEN_KW_FOR TOKEN_LPAREN for_init TOKEN_RPAREN stmt .)
    TOKEN_KW_CATCH  reduce using rule 95 (for_stmt -> TOKEN_KW_FOR TOKEN_LPAREN for_init TOKEN_RPAREN stmt .)
    TOKEN_KW_RAISE  reduce using rule 95 (for_stmt -> TOKEN_KW_FOR TOKEN_LPAREN for_init TOKEN_RPAREN stmt .)
    TOKEN_KW_SPAWN  reduce using rule 95 (for_stmt -> TOKEN_KW_FOR TOKEN_LPAREN for_init TOKEN_RPAREN stmt .)
    TOKEN_KW_SELECT reduce using rule 95 (for_stmt -> TOKEN_KW_FOR TOKEN_LPAREN for_init TOKEN_RPAREN stmt .)
    TOKEN_KW_LOCK   reduce using rule 95 (for_stmt -> TOKEN_KW_FOR TOKEN_LPAREN for_init TOKEN_RPAREN stmt .)
    TOKEN_LBRACE    reduce using rule 95 (for_stmt -> TOKEN_KW_FOR TOKEN_LPAREN for_init TOKEN_RPAREN stmt .)
    TOKEN_KW_CAST   reduce using rule 95 (for_stmt -> TOKEN_KW_FOR TOKEN_LPAREN for_init TOKEN_RPAREN stmt .)
    TOKEN_KW_CHAN   reduce using rule 95 (for_stmt -> TOKEN_KW_FOR TOKEN_LPAREN for_init TOKEN_RPAREN stmt .)
    TOKEN_KW_MUTEX  reduce using rule 95 (for_stmt -> TOKEN_KW_FOR TOKEN_LPAREN for_init TOKEN_RPAREN stmt .)
    TOKEN_PLUS      reduce using rule 95 (for_stmt -> TOKEN_KW_FOR TOKEN_LPAREN for_init TOKEN_RPAREN stmt .)
    TOKEN_MINUS     reduce using rule 95 (for_stmt -> TOKEN_KW_FOR TOKEN_LPAREN for_init TOKEN_RPAREN stmt .)
    TOKEN_NOT       reduce using rule 95 (for_stmt -> TOKEN_KW_FOR TOKEN_LPAREN for_init TOKEN_RPAREN stmt .)
    TOKEN_BIT_NOT   reduce using rule 95 (for_stmt -> TOKEN_KW_FOR TOKEN_LPAREN for_init TOKEN_RPAREN stmt .)
    TOKEN_AMPERSAND reduce using rule 95 (for_stmt -> TOKEN_KW_FOR TOKEN_LPAREN for_init TOKEN_RPAREN stmt .)
    TOKEN_STAR      reduce using rule 95 (for_stmt -> TOKEN_KW_FOR TOKEN_LPAREN for_init TOKEN_RPAREN stmt .)
    TOKEN_KW_AWAIT  reduce using rule 95 (for_stmt -> TOKEN_KW_FOR TOKEN_LPAREN for_init TOKEN_RPAREN stmt .)
    TOKEN_KW_CONST  reduce using rule 95 (for_stmt -> TOKEN_KW_FOR TOKEN_LPAREN for_init TOKEN_RPAREN stmt .)
    TOKEN_KW_MUT    reduce using rule 95 (for_stmt -> TOKEN_KW_FOR TOKEN_LPAREN for_init TOKEN_RPAREN stmt .)
    TOKEN_KW_STATIC reduce using rule 95 (for_stmt -> TOKEN_KW_FOR TOKEN_LPAREN for_init TOKEN_RPAREN stmt .)
    TOKEN_KW_VOLATILE reduce using rule 95 (for_stmt -> TOKEN_KW_FOR TOKEN_LPAREN for_init TOKEN_RPAREN stmt .)
    TOKEN_KW_ATOMIC reduce using rule 95 (for_stmt -> TOKEN_KW_FOR TOKEN_LPAREN for_init TOKEN_RPAREN stmt .)
    TOKEN_KW_SHARED reduce using rule 95 (for_stmt -> TOKEN_KW_FOR TOKEN_LPAREN for_init TOKEN_RPAREN stmt .)
    TOKEN_KW_PRIVATE reduce using rule 95 (for_stmt -> TOKEN_KW_FOR TOKEN_LPAREN for_init TOKEN_RPAREN stmt .)
    TOKEN_KW_PUBLIC reduce using rule 95 (for_stmt -> TOKEN_KW_FOR TOKEN_LPAREN for_init TOKEN_RPAREN stmt .)
    TOKEN_IDENTIFIER reduce using rule 95 (for_stmt -> TOKEN_KW_FOR TOKEN_LPAREN for_init TOKEN_RPAREN stmt .)
    TOKEN_LPAREN    reduce using rule 95 (for_stmt -> TOKEN_KW_FOR TOKEN_LPAREN for_init TOKEN_RPAREN stmt .)
    TOKEN_KW_NULL   reduce using rule 95 (for_stmt -> TOKEN_KW_FOR TOKEN_LPAREN for_init TOKEN_RPAREN stmt .)
    TOKEN_INT_LITERAL reduce using rule 95 (for_stmt -> TOKEN_KW_FOR TOKEN_LPAREN for_init TOKEN_RPAREN stmt .)
    TOKEN_FLOAT_LITERAL reduce using rule 95 (for_stmt -> TOKEN_KW_FOR TOKEN_LPAREN for_init TOKEN_RPAREN stmt .)
    TOKEN_CHAR_LITERAL reduce using rule 95 (for_stmt -> TOKEN_KW_FOR TOKEN_LPAREN for_init TOKEN_RPAREN stmt .)
    TOKEN_STRING_LITERAL reduce using rule 95 (for_stmt -> TOKEN_KW_FOR TOKEN_LPAREN for_init TOKEN_RPAREN stmt .)
    TOKEN_BOOL_LITERAL reduce using rule 95 (for_stmt -> TOKEN_KW_FOR TOKEN_LPAREN for_init TOKEN_RPAREN stmt .)


state 358

    (96) for_init -> type TOKEN_IDENTIFIER TOKEN_ASSIGN . expr TOKEN_COMMA expr TOKEN_COMMA expr
    (113) expr -> . assignment
    (159) expr -> . TOKEN_KW_CAST type TOKEN_ARROW expr
    (3) assignment -> . unary TOKEN_LSHIFT_ASSIGN assignment
    (14) assignment -> . unary TOKEN_RSHIFT_ASSIGN assignment
    (131) assignment -> . ternary
    (142) assignment -> . unary TOKEN_ASSIGN assignment
    (153) assignment -> . unary TOKEN_PLUS_EQ assignment
    (164) assignment -> . unary TOKEN_MINUS_EQ assignment
    (175) assignment -> . unary TOKEN_STAR_EQ assignment
    (186) assignment -> . unary TOKEN_SLASH_EQ assignment
    (197) assignment -> . unary TOKEN_MOD_EQ assignment
    (143) unary -> . TOKEN_PLUS unary
    (144) unary -> . TOKEN_MINUS unary
    (145) unary -> . TOKEN_NOT unary
    (146) unary -> . TOKEN_BIT_NOT unary
    (147) unary -> . TOKEN_AMPERSAND unary
    (148) unary -> . TOKEN_STAR unary
    (149) unary -> . TOKEN_KW_AWAIT unary
    (150) unary -> . postfix
    (25) ternary -> . logical_or
    (36) ternary -> . logical_or TOKEN_QUESTION expr TOKEN_COLON ternary
    (151) postfix -> . primary
    (152) postfix -> . postfix TOKEN_LPAREN arg_list TOKEN_RPAREN
    (154) postfix -> . postfix TOKEN_LBRACKET expr TOKEN_RBRACKET
    (155) postfix -> . postfix TOKEN_DOT TOKEN_IDENTIFIER
    (156) postfix -> . postfix TOKEN_SCOPE_RES TOKEN_IDENTIFIER
    (157) postfix -> . postfix TOKEN_ARROW TOKEN_IDENTIFIER
    (158) postfix -> . postfix TOKEN_LEFT_ARROW TOKEN_IDENTIFIER
    (47) logical_or -> . logical_and
    (58) logical_or -> . logical_or TOKEN_OR logical_and
    (160) primary -> . TOKEN_IDENTIFIER
    (161) primary -> . factor
    (162) primary -> . TOKEN_LPAREN expr TOKEN_RPAREN
    (163) primary -> . TOKEN_KW_NULL
    (69) logical_and -> . bit_or
    (80) logical_and -> . logical_and TOKEN_AND bit_or
    (54) factor -> . TOKEN_INT_LITERAL
    (55) factor -> . TOKEN_FLOAT_LITERAL
    (56) factor -> . TOKEN_CHAR_LITERAL
    (57) factor -> . TOKEN_STRING_LITERAL
    (59) factor -> . TOKEN_BOOL_LITERAL
    (91) bit_or -> . xor
    (102) bit_or -> . bit_or TOKEN_BIT_OR xor
    (114) xor -> . bit_and
    (122) xor -> . xor TOKEN_XOR bit_and
    (123) bit_and -> . equality
    (124) bit_and -> . bit_and TOKEN_AMPERSAND equality
    (125) bit_and -> . bit_and TOKEN_NAND equality
    (126) equality -> . relational
    (127) equality -> . equality TOKEN_EQ relational
    (128) equality -> . equality TOKEN_NEQ relational
    (129) relational -> . additive
    (130) relational -> . relational TOKEN_LT additive
    (132) relational -> . relational TOKEN_GT additive
    (133) relational -> . relational TOKEN_LE additive
    (134) relational -> . relational TOKEN_GE additive
    (135) additive -> . multiplicative
    (136) additive -> . additive TOKEN_PLUS multiplicative
    (137) additive -> . additive TOKEN_MINUS multiplicative
    (138) multiplicative -> . unary
    (139) multiplicative -> . multiplicative TOKEN_STAR unary
    (140) multiplicative -> . multiplicative TOKEN_SLASH unary
    (141) multiplicative -> . multiplicative TOKEN_MOD unary

    TOKEN_KW_CAST   shift and go to state 75
    TOKEN_PLUS      shift and go to state 78
    TOKEN_MINUS     shift and go to state 79
    TOKEN_NOT       shift and go to state 80
    TOKEN_BIT_NOT   shift and go to state 81
    TOKEN_AMPERSAND shift and go to state 82
    TOKEN_STAR      shift and go to state 83
    TOKEN_KW_AWAIT  shift and go to state 84
    TOKEN_IDENTIFIER shift and go to state 72
    TOKEN_LPAREN    shift and go to state 88
    TOKEN_KW_NULL   shift and go to state 91
    TOKEN_INT_LITERAL shift and go to state 93
    TOKEN_FLOAT_LITERAL shift and go to state 94
    TOKEN_CHAR_LITERAL shift and go to state 95
    TOKEN_STRING_LITERAL shift and go to state 96
    TOKEN_BOOL_LITERAL shift and go to state 97

    expr                           shift and go to state 372
    assignment                     shift and go to state 74
    unary                          shift and go to state 76
    ternary                        shift and go to state 77
    postfix                        shift and go to state 85
    logical_or                     shift and go to state 86
    primary                        shift and go to state 87
    logical_and                    shift and go to state 89
    factor                         shift and go to state 90
    bit_or                         shift and go to state 92
    xor                            shift and go to state 98
    bit_and                        shift and go to state 99
    equality                       shift and go to state 100
    relational                     shift and go to state 101
    additive                       shift and go to state 102
    multiplicative                 shift and go to state 103

state 359

    (97) switch_stmt -> TOKEN_KW_SWITCH TOKEN_LPAREN expr TOKEN_RPAREN case_block .

    TOKEN_RBRACE    reduce using rule 97 (switch_stmt -> TOKEN_KW_SWITCH TOKEN_LPAREN expr TOKEN_RPAREN case_block .)
    TOKEN_KW_IF     reduce using rule 97 (switch_stmt -> TOKEN_KW_SWITCH TOKEN_LPAREN expr TOKEN_RPAREN case_block .)
    TOKEN_KW_WHILE  reduce using rule 97 (switch_stmt -> TOKEN_KW_SWITCH TOKEN_LPAREN expr TOKEN_RPAREN case_block .)
    TOKEN_KW_DO     reduce using rule 97 (switch_stmt -> TOKEN_KW_SWITCH TOKEN_LPAREN expr TOKEN_RPAREN case_block .)
    TOKEN_KW_FOR    reduce using rule 97 (switch_stmt -> TOKEN_KW_SWITCH TOKEN_LPAREN expr TOKEN_RPAREN case_block .)
    TOKEN_KW_SWITCH reduce using rule 97 (switch_stmt -> TOKEN_KW_SWITCH TOKEN_LPAREN expr TOKEN_RPAREN case_block .)
    TOKEN_KW_RETURN reduce using rule 97 (switch_stmt -> TOKEN_KW_SWITCH TOKEN_LPAREN expr TOKEN_RPAREN case_block .)
    TOKEN_KW_BREAK  reduce using rule 97 (switch_stmt -> TOKEN_KW_SWITCH TOKEN_LPAREN expr TOKEN_RPAREN case_block .)
    TOKEN_KW_CONTINUE reduce using rule 97 (switch_stmt -> TOKEN_KW_SWITCH TOKEN_LPAREN expr TOKEN_RPAREN case_block .)
    TOKEN_KW_MATCH  reduce using rule 97 (switch_stmt -> TOKEN_KW_SWITCH TOKEN_LPAREN expr TOKEN_RPAREN case_block .)
    TOKEN_KW_DEFER  reduce using rule 97 (switch_stmt -> TOKEN_KW_SWITCH TOKEN_LPAREN expr TOKEN_RPAREN case_block .)
    TOKEN_GT        reduce using rule 97 (switch_stmt -> TOKEN_KW_SWITCH TOKEN_LPAREN expr TOKEN_RPAREN case_block .)
    TOKEN_KW_MODULE reduce using rule 97 (switch_stmt -> TOKEN_KW_SWITCH TOKEN_LPAREN expr TOKEN_RPAREN case_block .)
    TOKEN_KW_TRY    reduce using rule 97 (switch_stmt -> TOKEN_KW_SWITCH TOKEN_LPAREN expr TOKEN_RPAREN case_block .)
    TOKEN_KW_CATCH  reduce using rule 97 (switch_stmt -> TOKEN_KW_SWITCH TOKEN_LPAREN expr TOKEN_RPAREN case_block .)
    TOKEN_KW_RAISE  reduce using rule 97 (switch_stmt -> TOKEN_KW_SWITCH TOKEN_LPAREN expr TOKEN_RPAREN case_block .)
    TOKEN_KW_SPAWN  reduce using rule 97 (switch_stmt -> TOKEN_KW_SWITCH TOKEN_LPAREN expr TOKEN_RPAREN case_block .)
    TOKEN_KW_SELECT reduce using rule 97 (switch_stmt -> TOKEN_KW_SWITCH TOKEN_LPAREN expr TOKEN_RPAREN case_block .)
    TOKEN_KW_LOCK   reduce using rule 97 (switch_stmt -> TOKEN_KW_SWITCH TOKEN_LPAREN expr TOKEN_RPAREN case_block .)
    TOKEN_LBRACE    reduce using rule 97 (switch_stmt -> TOKEN_KW_SWITCH TOKEN_LPAREN expr TOKEN_RPAREN case_block .)
    TOKEN_KW_CAST   reduce using rule 97 (switch_stmt -> TOKEN_KW_SWITCH TOKEN_LPAREN expr TOKEN_RPAREN case_block .)
    TOKEN_KW_CHAN   reduce using rule 97 (switch_stmt -> TOKEN_KW_SWITCH TOKEN_LPAREN expr TOKEN_RPAREN case_block .)
    TOKEN_KW_MUTEX  reduce using rule 97 (switch_stmt -> TOKEN_KW_SWITCH TOKEN_LPAREN expr TOKEN_RPAREN case_block .)
    TOKEN_PLUS      reduce using rule 97 (switch_stmt -> TOKEN_KW_SWITCH TOKEN_LPAREN expr TOKEN_RPAREN case_block .)
    TOKEN_MINUS     reduce using rule 97 (switch_stmt -> TOKEN_KW_SWITCH TOKEN_LPAREN expr TOKEN_RPAREN case_block .)
    TOKEN_NOT       reduce using rule 97 (switch_stmt -> TOKEN_KW_SWITCH TOKEN_LPAREN expr TOKEN_RPAREN case_block .)
    TOKEN_BIT_NOT   reduce using rule 97 (switch_stmt -> TOKEN_KW_SWITCH TOKEN_LPAREN expr TOKEN_RPAREN case_block .)
    TOKEN_AMPERSAND reduce using rule 97 (switch_stmt -> TOKEN_KW_SWITCH TOKEN_LPAREN expr TOKEN_RPAREN case_block .)
    TOKEN_STAR      reduce using rule 97 (switch_stmt -> TOKEN_KW_SWITCH TOKEN_LPAREN expr TOKEN_RPAREN case_block .)
    TOKEN_KW_AWAIT  reduce using rule 97 (switch_stmt -> TOKEN_KW_SWITCH TOKEN_LPAREN expr TOKEN_RPAREN case_block .)
    TOKEN_KW_CONST  reduce using rule 97 (switch_stmt -> TOKEN_KW_SWITCH TOKEN_LPAREN expr TOKEN_RPAREN case_block .)
    TOKEN_KW_MUT    reduce using rule 97 (switch_stmt -> TOKEN_KW_SWITCH TOKEN_LPAREN expr TOKEN_RPAREN case_block .)
    TOKEN_KW_STATIC reduce using rule 97 (switch_stmt -> TOKEN_KW_SWITCH TOKEN_LPAREN expr TOKEN_RPAREN case_block .)
    TOKEN_KW_VOLATILE reduce using rule 97 (switch_stmt -> TOKEN_KW_SWITCH TOKEN_LPAREN expr TOKEN_RPAREN case_block .)
    TOKEN_KW_ATOMIC reduce using rule 97 (switch_stmt -> TOKEN_KW_SWITCH TOKEN_LPAREN expr TOKEN_RPAREN case_block .)
    TOKEN_KW_SHARED reduce using rule 97 (switch_stmt -> TOKEN_KW_SWITCH TOKEN_LPAREN expr TOKEN_RPAREN case_block .)
    TOKEN_KW_PRIVATE reduce using rule 97 (switch_stmt -> TOKEN_KW_SWITCH TOKEN_LPAREN expr TOKEN_RPAREN case_block .)
    TOKEN_KW_PUBLIC reduce using rule 97 (switch_stmt -> TOKEN_KW_SWITCH TOKEN_LPAREN expr TOKEN_RPAREN case_block .)
    TOKEN_IDENTIFIER reduce using rule 97 (switch_stmt -> TOKEN_KW_SWITCH TOKEN_LPAREN expr TOKEN_RPAREN case_block .)
    TOKEN_LPAREN    reduce using rule 97 (switch_stmt -> TOKEN_KW_SWITCH TOKEN_LPAREN expr TOKEN_RPAREN case_block .)
    TOKEN_KW_NULL   reduce using rule 97 (switch_stmt -> TOKEN_KW_SWITCH TOKEN_LPAREN expr TOKEN_RPAREN case_block .)
    TOKEN_INT_LITERAL reduce using rule 97 (switch_stmt -> TOKEN_KW_SWITCH TOKEN_LPAREN expr TOKEN_RPAREN case_block .)
    TOKEN_FLOAT_LITERAL reduce using rule 97 (switch_stmt -> TOKEN_KW_SWITCH TOKEN_LPAREN expr TOKEN_RPAREN case_block .)
    TOKEN_CHAR_LITERAL reduce using rule 97 (switch_stmt -> TOKEN_KW_SWITCH TOKEN_LPAREN expr TOKEN_RPAREN case_block .)
    TOKEN_STRING_LITERAL reduce using rule 97 (switch_stmt -> TOKEN_KW_SWITCH TOKEN_LPAREN expr TOKEN_RPAREN case_block .)
    TOKEN_BOOL_LITERAL reduce using rule 97 (switch_stmt -> TOKEN_KW_SWITCH TOKEN_LPAREN expr TOKEN_RPAREN case_block .)


state 360

    (107) match_stmt -> TOKEN_KW_MATCH TOKEN_LPAREN expr TOKEN_RPAREN TOKEN_COLON . match_block
    (73) match_block -> . TOKEN_LBRACE match_list default_match_stmt TOKEN_RBRACE
    (74) match_block -> . TOKEN_LBRACE match_list TOKEN_RBRACE

    TOKEN_LBRACE    shift and go to state 374

    match_block                    shift and go to state 373

state 361

    (109) defer_stmt -> TOKEN_KW_DEFER TOKEN_LPAREN expr TOKEN_RPAREN TOKEN_SEMICOLON .

    TOKEN_RBRACE    reduce using rule 109 (defer_stmt -> TOKEN_KW_DEFER TOKEN_LPAREN expr TOKEN_RPAREN TOKEN_SEMICOLON .)
    TOKEN_KW_IF     reduce using rule 109 (defer_stmt -> TOKEN_KW_DEFER TOKEN_LPAREN expr TOKEN_RPAREN TOKEN_SEMICOLON .)
    TOKEN_KW_WHILE  reduce using rule 109 (defer_stmt -> TOKEN_KW_DEFER TOKEN_LPAREN expr TOKEN_RPAREN TOKEN_SEMICOLON .)
    TOKEN_KW_DO     reduce using rule 109 (defer_stmt -> TOKEN_KW_DEFER TOKEN_LPAREN expr TOKEN_RPAREN TOKEN_SEMICOLON .)
    TOKEN_KW_FOR    reduce using rule 109 (defer_stmt -> TOKEN_KW_DEFER TOKEN_LPAREN expr TOKEN_RPAREN TOKEN_SEMICOLON .)
    TOKEN_KW_SWITCH reduce using rule 109 (defer_stmt -> TOKEN_KW_DEFER TOKEN_LPAREN expr TOKEN_RPAREN TOKEN_SEMICOLON .)
    TOKEN_KW_RETURN reduce using rule 109 (defer_stmt -> TOKEN_KW_DEFER TOKEN_LPAREN expr TOKEN_RPAREN TOKEN_SEMICOLON .)
    TOKEN_KW_BREAK  reduce using rule 109 (defer_stmt -> TOKEN_KW_DEFER TOKEN_LPAREN expr TOKEN_RPAREN TOKEN_SEMICOLON .)
    TOKEN_KW_CONTINUE reduce using rule 109 (defer_stmt -> TOKEN_KW_DEFER TOKEN_LPAREN expr TOKEN_RPAREN TOKEN_SEMICOLON .)
    TOKEN_KW_MATCH  reduce using rule 109 (defer_stmt -> TOKEN_KW_DEFER TOKEN_LPAREN expr TOKEN_RPAREN TOKEN_SEMICOLON .)
    TOKEN_KW_DEFER  reduce using rule 109 (defer_stmt -> TOKEN_KW_DEFER TOKEN_LPAREN expr TOKEN_RPAREN TOKEN_SEMICOLON .)
    TOKEN_GT        reduce using rule 109 (defer_stmt -> TOKEN_KW_DEFER TOKEN_LPAREN expr TOKEN_RPAREN TOKEN_SEMICOLON .)
    TOKEN_KW_MODULE reduce using rule 109 (defer_stmt -> TOKEN_KW_DEFER TOKEN_LPAREN expr TOKEN_RPAREN TOKEN_SEMICOLON .)
    TOKEN_KW_TRY    reduce using rule 109 (defer_stmt -> TOKEN_KW_DEFER TOKEN_LPAREN expr TOKEN_RPAREN TOKEN_SEMICOLON .)
    TOKEN_KW_CATCH  reduce using rule 109 (defer_stmt -> TOKEN_KW_DEFER TOKEN_LPAREN expr TOKEN_RPAREN TOKEN_SEMICOLON .)
    TOKEN_KW_RAISE  reduce using rule 109 (defer_stmt -> TOKEN_KW_DEFER TOKEN_LPAREN expr TOKEN_RPAREN TOKEN_SEMICOLON .)
    TOKEN_KW_SPAWN  reduce using rule 109 (defer_stmt -> TOKEN_KW_DEFER TOKEN_LPAREN expr TOKEN_RPAREN TOKEN_SEMICOLON .)
    TOKEN_KW_SELECT reduce using rule 109 (defer_stmt -> TOKEN_KW_DEFER TOKEN_LPAREN expr TOKEN_RPAREN TOKEN_SEMICOLON .)
    TOKEN_KW_LOCK   reduce using rule 109 (defer_stmt -> TOKEN_KW_DEFER TOKEN_LPAREN expr TOKEN_RPAREN TOKEN_SEMICOLON .)
    TOKEN_LBRACE    reduce using rule 109 (defer_stmt -> TOKEN_KW_DEFER TOKEN_LPAREN expr TOKEN_RPAREN TOKEN_SEMICOLON .)
    TOKEN_KW_CAST   reduce using rule 109 (defer_stmt -> TOKEN_KW_DEFER TOKEN_LPAREN expr TOKEN_RPAREN TOKEN_SEMICOLON .)
    TOKEN_KW_CHAN   reduce using rule 109 (defer_stmt -> TOKEN_KW_DEFER TOKEN_LPAREN expr TOKEN_RPAREN TOKEN_SEMICOLON .)
    TOKEN_KW_MUTEX  reduce using rule 109 (defer_stmt -> TOKEN_KW_DEFER TOKEN_LPAREN expr TOKEN_RPAREN TOKEN_SEMICOLON .)
    TOKEN_PLUS      reduce using rule 109 (defer_stmt -> TOKEN_KW_DEFER TOKEN_LPAREN expr TOKEN_RPAREN TOKEN_SEMICOLON .)
    TOKEN_MINUS     reduce using rule 109 (defer_stmt -> TOKEN_KW_DEFER TOKEN_LPAREN expr TOKEN_RPAREN TOKEN_SEMICOLON .)
    TOKEN_NOT       reduce using rule 109 (defer_stmt -> TOKEN_KW_DEFER TOKEN_LPAREN expr TOKEN_RPAREN TOKEN_SEMICOLON .)
    TOKEN_BIT_NOT   reduce using rule 109 (defer_stmt -> TOKEN_KW_DEFER TOKEN_LPAREN expr TOKEN_RPAREN TOKEN_SEMICOLON .)
    TOKEN_AMPERSAND reduce using rule 109 (defer_stmt -> TOKEN_KW_DEFER TOKEN_LPAREN expr TOKEN_RPAREN TOKEN_SEMICOLON .)
    TOKEN_STAR      reduce using rule 109 (defer_stmt -> TOKEN_KW_DEFER TOKEN_LPAREN expr TOKEN_RPAREN TOKEN_SEMICOLON .)
    TOKEN_KW_AWAIT  reduce using rule 109 (defer_stmt -> TOKEN_KW_DEFER TOKEN_LPAREN expr TOKEN_RPAREN TOKEN_SEMICOLON .)
    TOKEN_KW_CONST  reduce using rule 109 (defer_stmt -> TOKEN_KW_DEFER TOKEN_LPAREN expr TOKEN_RPAREN TOKEN_SEMICOLON .)
    TOKEN_KW_MUT    reduce using rule 109 (defer_stmt -> TOKEN_KW_DEFER TOKEN_LPAREN expr TOKEN_RPAREN TOKEN_SEMICOLON .)
    TOKEN_KW_STATIC reduce using rule 109 (defer_stmt -> TOKEN_KW_DEFER TOKEN_LPAREN expr TOKEN_RPAREN TOKEN_SEMICOLON .)
    TOKEN_KW_VOLATILE reduce using rule 109 (defer_stmt -> TOKEN_KW_DEFER TOKEN_LPAREN expr TOKEN_RPAREN TOKEN_SEMICOLON .)
    TOKEN_KW_ATOMIC reduce using rule 109 (defer_stmt -> TOKEN_KW_DEFER TOKEN_LPAREN expr TOKEN_RPAREN TOKEN_SEMICOLON .)
    TOKEN_KW_SHARED reduce using rule 109 (defer_stmt -> TOKEN_KW_DEFER TOKEN_LPAREN expr TOKEN_RPAREN TOKEN_SEMICOLON .)
    TOKEN_KW_PRIVATE reduce using rule 109 (defer_stmt -> TOKEN_KW_DEFER TOKEN_LPAREN expr TOKEN_RPAREN TOKEN_SEMICOLON .)
    TOKEN_KW_PUBLIC reduce using rule 109 (defer_stmt -> TOKEN_KW_DEFER TOKEN_LPAREN expr TOKEN_RPAREN TOKEN_SEMICOLON .)
    TOKEN_IDENTIFIER reduce using rule 109 (defer_stmt -> TOKEN_KW_DEFER TOKEN_LPAREN expr TOKEN_RPAREN TOKEN_SEMICOLON .)
    TOKEN_LPAREN    reduce using rule 109 (defer_stmt -> TOKEN_KW_DEFER TOKEN_LPAREN expr TOKEN_RPAREN TOKEN_SEMICOLON .)
    TOKEN_KW_NULL   reduce using rule 109 (defer_stmt -> TOKEN_KW_DEFER TOKEN_LPAREN expr TOKEN_RPAREN TOKEN_SEMICOLON .)
    TOKEN_INT_LITERAL reduce using rule 109 (defer_stmt -> TOKEN_KW_DEFER TOKEN_LPAREN expr TOKEN_RPAREN TOKEN_SEMICOLON .)
    TOKEN_FLOAT_LITERAL reduce using rule 109 (defer_stmt -> TOKEN_KW_DEFER TOKEN_LPAREN expr TOKEN_RPAREN TOKEN_SEMICOLON .)
    TOKEN_CHAR_LITERAL reduce using rule 109 (defer_stmt -> TOKEN_KW_DEFER TOKEN_LPAREN expr TOKEN_RPAREN TOKEN_SEMICOLON .)
    TOKEN_STRING_LITERAL reduce using rule 109 (defer_stmt -> TOKEN_KW_DEFER TOKEN_LPAREN expr TOKEN_RPAREN TOKEN_SEMICOLON .)
    TOKEN_BOOL_LITERAL reduce using rule 109 (defer_stmt -> TOKEN_KW_DEFER TOKEN_LPAREN expr TOKEN_RPAREN TOKEN_SEMICOLON .)


state 362

    (116) try_stmt -> TOKEN_KW_TRY TOKEN_COLON TOKEN_LBRACE stmt_list TOKEN_RBRACE . catch_stmt
    (117) catch_stmt -> . TOKEN_KW_CATCH TOKEN_LPAREN TOKEN_IDENTIFIER TOKEN_RPAREN TOKEN_COLON TOKEN_LBRACE stmt_list TOKEN_RBRACE

    TOKEN_KW_CATCH  shift and go to state 284

    catch_stmt                     shift and go to state 375

state 363

    (117) catch_stmt -> TOKEN_KW_CATCH TOKEN_LPAREN TOKEN_IDENTIFIER TOKEN_RPAREN TOKEN_COLON . TOKEN_LBRACE stmt_list TOKEN_RBRACE

    TOKEN_LBRACE    shift and go to state 376


state 364

    (71) case_block -> TOKEN_LBRACE case_list default_stmt TOKEN_RBRACE .

    TOKEN_RBRACE    reduce using rule 71 (case_block -> TOKEN_LBRACE case_list default_stmt TOKEN_RBRACE .)
    TOKEN_KW_IF     reduce using rule 71 (case_block -> TOKEN_LBRACE case_list default_stmt TOKEN_RBRACE .)
    TOKEN_KW_WHILE  reduce using rule 71 (case_block -> TOKEN_LBRACE case_list default_stmt TOKEN_RBRACE .)
    TOKEN_KW_DO     reduce using rule 71 (case_block -> TOKEN_LBRACE case_list default_stmt TOKEN_RBRACE .)
    TOKEN_KW_FOR    reduce using rule 71 (case_block -> TOKEN_LBRACE case_list default_stmt TOKEN_RBRACE .)
    TOKEN_KW_SWITCH reduce using rule 71 (case_block -> TOKEN_LBRACE case_list default_stmt TOKEN_RBRACE .)
    TOKEN_KW_RETURN reduce using rule 71 (case_block -> TOKEN_LBRACE case_list default_stmt TOKEN_RBRACE .)
    TOKEN_KW_BREAK  reduce using rule 71 (case_block -> TOKEN_LBRACE case_list default_stmt TOKEN_RBRACE .)
    TOKEN_KW_CONTINUE reduce using rule 71 (case_block -> TOKEN_LBRACE case_list default_stmt TOKEN_RBRACE .)
    TOKEN_KW_MATCH  reduce using rule 71 (case_block -> TOKEN_LBRACE case_list default_stmt TOKEN_RBRACE .)
    TOKEN_KW_DEFER  reduce using rule 71 (case_block -> TOKEN_LBRACE case_list default_stmt TOKEN_RBRACE .)
    TOKEN_GT        reduce using rule 71 (case_block -> TOKEN_LBRACE case_list default_stmt TOKEN_RBRACE .)
    TOKEN_KW_MODULE reduce using rule 71 (case_block -> TOKEN_LBRACE case_list default_stmt TOKEN_RBRACE .)
    TOKEN_KW_TRY    reduce using rule 71 (case_block -> TOKEN_LBRACE case_list default_stmt TOKEN_RBRACE .)
    TOKEN_KW_CATCH  reduce using rule 71 (case_block -> TOKEN_LBRACE case_list default_stmt TOKEN_RBRACE .)
    TOKEN_KW_RAISE  reduce using rule 71 (case_block -> TOKEN_LBRACE case_list default_stmt TOKEN_RBRACE .)
    TOKEN_KW_SPAWN  reduce using rule 71 (case_block -> TOKEN_LBRACE case_list default_stmt TOKEN_RBRACE .)
    TOKEN_KW_SELECT reduce using rule 71 (case_block -> TOKEN_LBRACE case_list default_stmt TOKEN_RBRACE .)
    TOKEN_KW_LOCK   reduce using rule 71 (case_block -> TOKEN_LBRACE case_list default_stmt TOKEN_RBRACE .)
    TOKEN_LBRACE    reduce using rule 71 (case_block -> TOKEN_LBRACE case_list default_stmt TOKEN_RBRACE .)
    TOKEN_KW_CAST   reduce using rule 71 (case_block -> TOKEN_LBRACE case_list default_stmt TOKEN_RBRACE .)
    TOKEN_KW_CHAN   reduce using rule 71 (case_block -> TOKEN_LBRACE case_list default_stmt TOKEN_RBRACE .)
    TOKEN_KW_MUTEX  reduce using rule 71 (case_block -> TOKEN_LBRACE case_list default_stmt TOKEN_RBRACE .)
    TOKEN_PLUS      reduce using rule 71 (case_block -> TOKEN_LBRACE case_list default_stmt TOKEN_RBRACE .)
    TOKEN_MINUS     reduce using rule 71 (case_block -> TOKEN_LBRACE case_list default_stmt TOKEN_RBRACE .)
    TOKEN_NOT       reduce using rule 71 (case_block -> TOKEN_LBRACE case_list default_stmt TOKEN_RBRACE .)
    TOKEN_BIT_NOT   reduce using rule 71 (case_block -> TOKEN_LBRACE case_list default_stmt TOKEN_RBRACE .)
    TOKEN_AMPERSAND reduce using rule 71 (case_block -> TOKEN_LBRACE case_list default_stmt TOKEN_RBRACE .)
    TOKEN_STAR      reduce using rule 71 (case_block -> TOKEN_LBRACE case_list default_stmt TOKEN_RBRACE .)
    TOKEN_KW_AWAIT  reduce using rule 71 (case_block -> TOKEN_LBRACE case_list default_stmt TOKEN_RBRACE .)
    TOKEN_KW_CONST  reduce using rule 71 (case_block -> TOKEN_LBRACE case_list default_stmt TOKEN_RBRACE .)
    TOKEN_KW_MUT    reduce using rule 71 (case_block -> TOKEN_LBRACE case_list default_stmt TOKEN_RBRACE .)
    TOKEN_KW_STATIC reduce using rule 71 (case_block -> TOKEN_LBRACE case_list default_stmt TOKEN_RBRACE .)
    TOKEN_KW_VOLATILE reduce using rule 71 (case_block -> TOKEN_LBRACE case_list default_stmt TOKEN_RBRACE .)
    TOKEN_KW_ATOMIC reduce using rule 71 (case_block -> TOKEN_LBRACE case_list default_stmt TOKEN_RBRACE .)
    TOKEN_KW_SHARED reduce using rule 71 (case_block -> TOKEN_LBRACE case_list default_stmt TOKEN_RBRACE .)
    TOKEN_KW_PRIVATE reduce using rule 71 (case_block -> TOKEN_LBRACE case_list default_stmt TOKEN_RBRACE .)
    TOKEN_KW_PUBLIC reduce using rule 71 (case_block -> TOKEN_LBRACE case_list default_stmt TOKEN_RBRACE .)
    TOKEN_IDENTIFIER reduce using rule 71 (case_block -> TOKEN_LBRACE case_list default_stmt TOKEN_RBRACE .)
    TOKEN_LPAREN    reduce using rule 71 (case_block -> TOKEN_LBRACE case_list default_stmt TOKEN_RBRACE .)
    TOKEN_KW_NULL   reduce using rule 71 (case_block -> TOKEN_LBRACE case_list default_stmt TOKEN_RBRACE .)
    TOKEN_INT_LITERAL reduce using rule 71 (case_block -> TOKEN_LBRACE case_list default_stmt TOKEN_RBRACE .)
    TOKEN_FLOAT_LITERAL reduce using rule 71 (case_block -> TOKEN_LBRACE case_list default_stmt TOKEN_RBRACE .)
    TOKEN_CHAR_LITERAL reduce using rule 71 (case_block -> TOKEN_LBRACE case_list default_stmt TOKEN_RBRACE .)
    TOKEN_STRING_LITERAL reduce using rule 71 (case_block -> TOKEN_LBRACE case_list default_stmt TOKEN_RBRACE .)
    TOKEN_BOOL_LITERAL reduce using rule 71 (case_block -> TOKEN_LBRACE case_list default_stmt TOKEN_RBRACE .)


state 365

    (99) default_stmt -> TOKEN_KW_DEFAULT TOKEN_COLON . block TOKEN_KW_BREAK TOKEN_SEMICOLON
    (68) block -> . TOKEN_LBRACE stmt_list TOKEN_RBRACE
    (70) block -> . TOKEN_LBRACE TOKEN_RBRACE

    TOKEN_LBRACE    shift and go to state 246

    block                          shift and go to state 377

state 366

    (98) case_stmt -> TOKEN_KW_CASE expr TOKEN_COLON . block TOKEN_KW_BREAK TOKEN_SEMICOLON
    (68) block -> . TOKEN_LBRACE stmt_list TOKEN_RBRACE
    (70) block -> . TOKEN_LBRACE TOKEN_RBRACE

    TOKEN_LBRACE    shift and go to state 246

    block                          shift and go to state 378

state 367

    (121) lock_stmt -> TOKEN_KW_LOCK TOKEN_LPAREN expr TOKEN_RPAREN block .

    TOKEN_RBRACE    reduce using rule 121 (lock_stmt -> TOKEN_KW_LOCK TOKEN_LPAREN expr TOKEN_RPAREN block .)
    TOKEN_KW_IF     reduce using rule 121 (lock_stmt -> TOKEN_KW_LOCK TOKEN_LPAREN expr TOKEN_RPAREN block .)
    TOKEN_KW_WHILE  reduce using rule 121 (lock_stmt -> TOKEN_KW_LOCK TOKEN_LPAREN expr TOKEN_RPAREN block .)
    TOKEN_KW_DO     reduce using rule 121 (lock_stmt -> TOKEN_KW_LOCK TOKEN_LPAREN expr TOKEN_RPAREN block .)
    TOKEN_KW_FOR    reduce using rule 121 (lock_stmt -> TOKEN_KW_LOCK TOKEN_LPAREN expr TOKEN_RPAREN block .)
    TOKEN_KW_SWITCH reduce using rule 121 (lock_stmt -> TOKEN_KW_LOCK TOKEN_LPAREN expr TOKEN_RPAREN block .)
    TOKEN_KW_RETURN reduce using rule 121 (lock_stmt -> TOKEN_KW_LOCK TOKEN_LPAREN expr TOKEN_RPAREN block .)
    TOKEN_KW_BREAK  reduce using rule 121 (lock_stmt -> TOKEN_KW_LOCK TOKEN_LPAREN expr TOKEN_RPAREN block .)
    TOKEN_KW_CONTINUE reduce using rule 121 (lock_stmt -> TOKEN_KW_LOCK TOKEN_LPAREN expr TOKEN_RPAREN block .)
    TOKEN_KW_MATCH  reduce using rule 121 (lock_stmt -> TOKEN_KW_LOCK TOKEN_LPAREN expr TOKEN_RPAREN block .)
    TOKEN_KW_DEFER  reduce using rule 121 (lock_stmt -> TOKEN_KW_LOCK TOKEN_LPAREN expr TOKEN_RPAREN block .)
    TOKEN_GT        reduce using rule 121 (lock_stmt -> TOKEN_KW_LOCK TOKEN_LPAREN expr TOKEN_RPAREN block .)
    TOKEN_KW_MODULE reduce using rule 121 (lock_stmt -> TOKEN_KW_LOCK TOKEN_LPAREN expr TOKEN_RPAREN block .)
    TOKEN_KW_TRY    reduce using rule 121 (lock_stmt -> TOKEN_KW_LOCK TOKEN_LPAREN expr TOKEN_RPAREN block .)
    TOKEN_KW_CATCH  reduce using rule 121 (lock_stmt -> TOKEN_KW_LOCK TOKEN_LPAREN expr TOKEN_RPAREN block .)
    TOKEN_KW_RAISE  reduce using rule 121 (lock_stmt -> TOKEN_KW_LOCK TOKEN_LPAREN expr TOKEN_RPAREN block .)
    TOKEN_KW_SPAWN  reduce using rule 121 (lock_stmt -> TOKEN_KW_LOCK TOKEN_LPAREN expr TOKEN_RPAREN block .)
    TOKEN_KW_SELECT reduce using rule 121 (lock_stmt -> TOKEN_KW_LOCK TOKEN_LPAREN expr TOKEN_RPAREN block .)
    TOKEN_KW_LOCK   reduce using rule 121 (lock_stmt -> TOKEN_KW_LOCK TOKEN_LPAREN expr TOKEN_RPAREN block .)
    TOKEN_LBRACE    reduce using rule 121 (lock_stmt -> TOKEN_KW_LOCK TOKEN_LPAREN expr TOKEN_RPAREN block .)
    TOKEN_KW_CAST   reduce using rule 121 (lock_stmt -> TOKEN_KW_LOCK TOKEN_LPAREN expr TOKEN_RPAREN block .)
    TOKEN_KW_CHAN   reduce using rule 121 (lock_stmt -> TOKEN_KW_LOCK TOKEN_LPAREN expr TOKEN_RPAREN block .)
    TOKEN_KW_MUTEX  reduce using rule 121 (lock_stmt -> TOKEN_KW_LOCK TOKEN_LPAREN expr TOKEN_RPAREN block .)
    TOKEN_PLUS      reduce using rule 121 (lock_stmt -> TOKEN_KW_LOCK TOKEN_LPAREN expr TOKEN_RPAREN block .)
    TOKEN_MINUS     reduce using rule 121 (lock_stmt -> TOKEN_KW_LOCK TOKEN_LPAREN expr TOKEN_RPAREN block .)
    TOKEN_NOT       reduce using rule 121 (lock_stmt -> TOKEN_KW_LOCK TOKEN_LPAREN expr TOKEN_RPAREN block .)
    TOKEN_BIT_NOT   reduce using rule 121 (lock_stmt -> TOKEN_KW_LOCK TOKEN_LPAREN expr TOKEN_RPAREN block .)
    TOKEN_AMPERSAND reduce using rule 121 (lock_stmt -> TOKEN_KW_LOCK TOKEN_LPAREN expr TOKEN_RPAREN block .)
    TOKEN_STAR      reduce using rule 121 (lock_stmt -> TOKEN_KW_LOCK TOKEN_LPAREN expr TOKEN_RPAREN block .)
    TOKEN_KW_AWAIT  reduce using rule 121 (lock_stmt -> TOKEN_KW_LOCK TOKEN_LPAREN expr TOKEN_RPAREN block .)
    TOKEN_KW_CONST  reduce using rule 121 (lock_stmt -> TOKEN_KW_LOCK TOKEN_LPAREN expr TOKEN_RPAREN block .)
    TOKEN_KW_MUT    reduce using rule 121 (lock_stmt -> TOKEN_KW_LOCK TOKEN_LPAREN expr TOKEN_RPAREN block .)
    TOKEN_KW_STATIC reduce using rule 121 (lock_stmt -> TOKEN_KW_LOCK TOKEN_LPAREN expr TOKEN_RPAREN block .)
    TOKEN_KW_VOLATILE reduce using rule 121 (lock_stmt -> TOKEN_KW_LOCK TOKEN_LPAREN expr TOKEN_RPAREN block .)
    TOKEN_KW_ATOMIC reduce using rule 121 (lock_stmt -> TOKEN_KW_LOCK TOKEN_LPAREN expr TOKEN_RPAREN block .)
    TOKEN_KW_SHARED reduce using rule 121 (lock_stmt -> TOKEN_KW_LOCK TOKEN_LPAREN expr TOKEN_RPAREN block .)
    TOKEN_KW_PRIVATE reduce using rule 121 (lock_stmt -> TOKEN_KW_LOCK TOKEN_LPAREN expr TOKEN_RPAREN block .)
    TOKEN_KW_PUBLIC reduce using rule 121 (lock_stmt -> TOKEN_KW_LOCK TOKEN_LPAREN expr TOKEN_RPAREN block .)
    TOKEN_IDENTIFIER reduce using rule 121 (lock_stmt -> TOKEN_KW_LOCK TOKEN_LPAREN expr TOKEN_RPAREN block .)
    TOKEN_LPAREN    reduce using rule 121 (lock_stmt -> TOKEN_KW_LOCK TOKEN_LPAREN expr TOKEN_RPAREN block .)
    TOKEN_KW_NULL   reduce using rule 121 (lock_stmt -> TOKEN_KW_LOCK TOKEN_LPAREN expr TOKEN_RPAREN block .)
    TOKEN_INT_LITERAL reduce using rule 121 (lock_stmt -> TOKEN_KW_LOCK TOKEN_LPAREN expr TOKEN_RPAREN block .)
    TOKEN_FLOAT_LITERAL reduce using rule 121 (lock_stmt -> TOKEN_KW_LOCK TOKEN_LPAREN expr TOKEN_RPAREN block .)
    TOKEN_CHAR_LITERAL reduce using rule 121 (lock_stmt -> TOKEN_KW_LOCK TOKEN_LPAREN expr TOKEN_RPAREN block .)
    TOKEN_STRING_LITERAL reduce using rule 121 (lock_stmt -> TOKEN_KW_LOCK TOKEN_LPAREN expr TOKEN_RPAREN block .)
    TOKEN_BOOL_LITERAL reduce using rule 121 (lock_stmt -> TOKEN_KW_LOCK TOKEN_LPAREN expr TOKEN_RPAREN block .)


state 368

    (87) if_stmt -> TOKEN_KW_IF TOKEN_LPAREN expr TOKEN_RPAREN block else .

    TOKEN_RBRACE    reduce using rule 87 (if_stmt -> TOKEN_KW_IF TOKEN_LPAREN expr TOKEN_RPAREN block else .)
    TOKEN_KW_IF     reduce using rule 87 (if_stmt -> TOKEN_KW_IF TOKEN_LPAREN expr TOKEN_RPAREN block else .)
    TOKEN_KW_WHILE  reduce using rule 87 (if_stmt -> TOKEN_KW_IF TOKEN_LPAREN expr TOKEN_RPAREN block else .)
    TOKEN_KW_DO     reduce using rule 87 (if_stmt -> TOKEN_KW_IF TOKEN_LPAREN expr TOKEN_RPAREN block else .)
    TOKEN_KW_FOR    reduce using rule 87 (if_stmt -> TOKEN_KW_IF TOKEN_LPAREN expr TOKEN_RPAREN block else .)
    TOKEN_KW_SWITCH reduce using rule 87 (if_stmt -> TOKEN_KW_IF TOKEN_LPAREN expr TOKEN_RPAREN block else .)
    TOKEN_KW_RETURN reduce using rule 87 (if_stmt -> TOKEN_KW_IF TOKEN_LPAREN expr TOKEN_RPAREN block else .)
    TOKEN_KW_BREAK  reduce using rule 87 (if_stmt -> TOKEN_KW_IF TOKEN_LPAREN expr TOKEN_RPAREN block else .)
    TOKEN_KW_CONTINUE reduce using rule 87 (if_stmt -> TOKEN_KW_IF TOKEN_LPAREN expr TOKEN_RPAREN block else .)
    TOKEN_KW_MATCH  reduce using rule 87 (if_stmt -> TOKEN_KW_IF TOKEN_LPAREN expr TOKEN_RPAREN block else .)
    TOKEN_KW_DEFER  reduce using rule 87 (if_stmt -> TOKEN_KW_IF TOKEN_LPAREN expr TOKEN_RPAREN block else .)
    TOKEN_GT        reduce using rule 87 (if_stmt -> TOKEN_KW_IF TOKEN_LPAREN expr TOKEN_RPAREN block else .)
    TOKEN_KW_MODULE reduce using rule 87 (if_stmt -> TOKEN_KW_IF TOKEN_LPAREN expr TOKEN_RPAREN block else .)
    TOKEN_KW_TRY    reduce using rule 87 (if_stmt -> TOKEN_KW_IF TOKEN_LPAREN expr TOKEN_RPAREN block else .)
    TOKEN_KW_CATCH  reduce using rule 87 (if_stmt -> TOKEN_KW_IF TOKEN_LPAREN expr TOKEN_RPAREN block else .)
    TOKEN_KW_RAISE  reduce using rule 87 (if_stmt -> TOKEN_KW_IF TOKEN_LPAREN expr TOKEN_RPAREN block else .)
    TOKEN_KW_SPAWN  reduce using rule 87 (if_stmt -> TOKEN_KW_IF TOKEN_LPAREN expr TOKEN_RPAREN block else .)
    TOKEN_KW_SELECT reduce using rule 87 (if_stmt -> TOKEN_KW_IF TOKEN_LPAREN expr TOKEN_RPAREN block else .)
    TOKEN_KW_LOCK   reduce using rule 87 (if_stmt -> TOKEN_KW_IF TOKEN_LPAREN expr TOKEN_RPAREN block else .)
    TOKEN_LBRACE    reduce using rule 87 (if_stmt -> TOKEN_KW_IF TOKEN_LPAREN expr TOKEN_RPAREN block else .)
    TOKEN_KW_CAST   reduce using rule 87 (if_stmt -> TOKEN_KW_IF TOKEN_LPAREN expr TOKEN_RPAREN block else .)
    TOKEN_KW_CHAN   reduce using rule 87 (if_stmt -> TOKEN_KW_IF TOKEN_LPAREN expr TOKEN_RPAREN block else .)
    TOKEN_KW_MUTEX  reduce using rule 87 (if_stmt -> TOKEN_KW_IF TOKEN_LPAREN expr TOKEN_RPAREN block else .)
    TOKEN_PLUS      reduce using rule 87 (if_stmt -> TOKEN_KW_IF TOKEN_LPAREN expr TOKEN_RPAREN block else .)
    TOKEN_MINUS     reduce using rule 87 (if_stmt -> TOKEN_KW_IF TOKEN_LPAREN expr TOKEN_RPAREN block else .)
    TOKEN_NOT       reduce using rule 87 (if_stmt -> TOKEN_KW_IF TOKEN_LPAREN expr TOKEN_RPAREN block else .)
    TOKEN_BIT_NOT   reduce using rule 87 (if_stmt -> TOKEN_KW_IF TOKEN_LPAREN expr TOKEN_RPAREN block else .)
    TOKEN_AMPERSAND reduce using rule 87 (if_stmt -> TOKEN_KW_IF TOKEN_LPAREN expr TOKEN_RPAREN block else .)
    TOKEN_STAR      reduce using rule 87 (if_stmt -> TOKEN_KW_IF TOKEN_LPAREN expr TOKEN_RPAREN block else .)
    TOKEN_KW_AWAIT  reduce using rule 87 (if_stmt -> TOKEN_KW_IF TOKEN_LPAREN expr TOKEN_RPAREN block else .)
    TOKEN_KW_CONST  reduce using rule 87 (if_stmt -> TOKEN_KW_IF TOKEN_LPAREN expr TOKEN_RPAREN block else .)
    TOKEN_KW_MUT    reduce using rule 87 (if_stmt -> TOKEN_KW_IF TOKEN_LPAREN expr TOKEN_RPAREN block else .)
    TOKEN_KW_STATIC reduce using rule 87 (if_stmt -> TOKEN_KW_IF TOKEN_LPAREN expr TOKEN_RPAREN block else .)
    TOKEN_KW_VOLATILE reduce using rule 87 (if_stmt -> TOKEN_KW_IF TOKEN_LPAREN expr TOKEN_RPAREN block else .)
    TOKEN_KW_ATOMIC reduce using rule 87 (if_stmt -> TOKEN_KW_IF TOKEN_LPAREN expr TOKEN_RPAREN block else .)
    TOKEN_KW_SHARED reduce using rule 87 (if_stmt -> TOKEN_KW_IF TOKEN_LPAREN expr TOKEN_RPAREN block else .)
    TOKEN_KW_PRIVATE reduce using rule 87 (if_stmt -> TOKEN_KW_IF TOKEN_LPAREN expr TOKEN_RPAREN block else .)
    TOKEN_KW_PUBLIC reduce using rule 87 (if_stmt -> TOKEN_KW_IF TOKEN_LPAREN expr TOKEN_RPAREN block else .)
    TOKEN_IDENTIFIER reduce using rule 87 (if_stmt -> TOKEN_KW_IF TOKEN_LPAREN expr TOKEN_RPAREN block else .)
    TOKEN_LPAREN    reduce using rule 87 (if_stmt -> TOKEN_KW_IF TOKEN_LPAREN expr TOKEN_RPAREN block else .)
    TOKEN_KW_NULL   reduce using rule 87 (if_stmt -> TOKEN_KW_IF TOKEN_LPAREN expr TOKEN_RPAREN block else .)
    TOKEN_INT_LITERAL reduce using rule 87 (if_stmt -> TOKEN_KW_IF TOKEN_LPAREN expr TOKEN_RPAREN block else .)
    TOKEN_FLOAT_LITERAL reduce using rule 87 (if_stmt -> TOKEN_KW_IF TOKEN_LPAREN expr TOKEN_RPAREN block else .)
    TOKEN_CHAR_LITERAL reduce using rule 87 (if_stmt -> TOKEN_KW_IF TOKEN_LPAREN expr TOKEN_RPAREN block else .)
    TOKEN_STRING_LITERAL reduce using rule 87 (if_stmt -> TOKEN_KW_IF TOKEN_LPAREN expr TOKEN_RPAREN block else .)
    TOKEN_BOOL_LITERAL reduce using rule 87 (if_stmt -> TOKEN_KW_IF TOKEN_LPAREN expr TOKEN_RPAREN block else .)


state 369

    (88) else -> TOKEN_KW_ELSE . block
    (90) lower_than_else -> TOKEN_KW_ELSE . if_stmt
    (68) block -> . TOKEN_LBRACE stmt_list TOKEN_RBRACE
    (70) block -> . TOKEN_LBRACE TOKEN_RBRACE
    (87) if_stmt -> . TOKEN_KW_IF TOKEN_LPAREN expr TOKEN_RPAREN block else

    TOKEN_LBRACE    shift and go to state 246
    TOKEN_KW_IF     shift and go to state 271

    block                          shift and go to state 379
    if_stmt                        shift and go to state 380

state 370

    (89) else -> lower_than_else .

    TOKEN_RBRACE    reduce using rule 89 (else -> lower_than_else .)
    TOKEN_KW_IF     reduce using rule 89 (else -> lower_than_else .)
    TOKEN_KW_WHILE  reduce using rule 89 (else -> lower_than_else .)
    TOKEN_KW_DO     reduce using rule 89 (else -> lower_than_else .)
    TOKEN_KW_FOR    reduce using rule 89 (else -> lower_than_else .)
    TOKEN_KW_SWITCH reduce using rule 89 (else -> lower_than_else .)
    TOKEN_KW_RETURN reduce using rule 89 (else -> lower_than_else .)
    TOKEN_KW_BREAK  reduce using rule 89 (else -> lower_than_else .)
    TOKEN_KW_CONTINUE reduce using rule 89 (else -> lower_than_else .)
    TOKEN_KW_MATCH  reduce using rule 89 (else -> lower_than_else .)
    TOKEN_KW_DEFER  reduce using rule 89 (else -> lower_than_else .)
    TOKEN_GT        reduce using rule 89 (else -> lower_than_else .)
    TOKEN_KW_MODULE reduce using rule 89 (else -> lower_than_else .)
    TOKEN_KW_TRY    reduce using rule 89 (else -> lower_than_else .)
    TOKEN_KW_CATCH  reduce using rule 89 (else -> lower_than_else .)
    TOKEN_KW_RAISE  reduce using rule 89 (else -> lower_than_else .)
    TOKEN_KW_SPAWN  reduce using rule 89 (else -> lower_than_else .)
    TOKEN_KW_SELECT reduce using rule 89 (else -> lower_than_else .)
    TOKEN_KW_LOCK   reduce using rule 89 (else -> lower_than_else .)
    TOKEN_LBRACE    reduce using rule 89 (else -> lower_than_else .)
    TOKEN_KW_CAST   reduce using rule 89 (else -> lower_than_else .)
    TOKEN_KW_CHAN   reduce using rule 89 (else -> lower_than_else .)
    TOKEN_KW_MUTEX  reduce using rule 89 (else -> lower_than_else .)
    TOKEN_PLUS      reduce using rule 89 (else -> lower_than_else .)
    TOKEN_MINUS     reduce using rule 89 (else -> lower_than_else .)
    TOKEN_NOT       reduce using rule 89 (else -> lower_than_else .)
    TOKEN_BIT_NOT   reduce using rule 89 (else -> lower_than_else .)
    TOKEN_AMPERSAND reduce using rule 89 (else -> lower_than_else .)
    TOKEN_STAR      reduce using rule 89 (else -> lower_than_else .)
    TOKEN_KW_AWAIT  reduce using rule 89 (else -> lower_than_else .)
    TOKEN_KW_CONST  reduce using rule 89 (else -> lower_than_else .)
    TOKEN_KW_MUT    reduce using rule 89 (else -> lower_than_else .)
    TOKEN_KW_STATIC reduce using rule 89 (else -> lower_than_else .)
    TOKEN_KW_VOLATILE reduce using rule 89 (else -> lower_than_else .)
    TOKEN_KW_ATOMIC reduce using rule 89 (else -> lower_than_else .)
    TOKEN_KW_SHARED reduce using rule 89 (else -> lower_than_else .)
    TOKEN_KW_PRIVATE reduce using rule 89 (else -> lower_than_else .)
    TOKEN_KW_PUBLIC reduce using rule 89 (else -> lower_than_else .)
    TOKEN_IDENTIFIER reduce using rule 89 (else -> lower_than_else .)
    TOKEN_LPAREN    reduce using rule 89 (else -> lower_than_else .)
    TOKEN_KW_NULL   reduce using rule 89 (else -> lower_than_else .)
    TOKEN_INT_LITERAL reduce using rule 89 (else -> lower_than_else .)
    TOKEN_FLOAT_LITERAL reduce using rule 89 (else -> lower_than_else .)
    TOKEN_CHAR_LITERAL reduce using rule 89 (else -> lower_than_else .)
    TOKEN_STRING_LITERAL reduce using rule 89 (else -> lower_than_else .)
    TOKEN_BOOL_LITERAL reduce using rule 89 (else -> lower_than_else .)


state 371

    (94) do_stmt -> TOKEN_KW_DO block TOKEN_KW_WHILE TOKEN_LPAREN expr TOKEN_RPAREN . TOKEN_SEMICOLON

    TOKEN_SEMICOLON shift and go to state 381


state 372

    (96) for_init -> type TOKEN_IDENTIFIER TOKEN_ASSIGN expr . TOKEN_COMMA expr TOKEN_COMMA expr

    TOKEN_COMMA     shift and go to state 382


state 373

    (107) match_stmt -> TOKEN_KW_MATCH TOKEN_LPAREN expr TOKEN_RPAREN TOKEN_COLON match_block .

    TOKEN_RBRACE    reduce using rule 107 (match_stmt -> TOKEN_KW_MATCH TOKEN_LPAREN expr TOKEN_RPAREN TOKEN_COLON match_block .)
    TOKEN_KW_IF     reduce using rule 107 (match_stmt -> TOKEN_KW_MATCH TOKEN_LPAREN expr TOKEN_RPAREN TOKEN_COLON match_block .)
    TOKEN_KW_WHILE  reduce using rule 107 (match_stmt -> TOKEN_KW_MATCH TOKEN_LPAREN expr TOKEN_RPAREN TOKEN_COLON match_block .)
    TOKEN_KW_DO     reduce using rule 107 (match_stmt -> TOKEN_KW_MATCH TOKEN_LPAREN expr TOKEN_RPAREN TOKEN_COLON match_block .)
    TOKEN_KW_FOR    reduce using rule 107 (match_stmt -> TOKEN_KW_MATCH TOKEN_LPAREN expr TOKEN_RPAREN TOKEN_COLON match_block .)
    TOKEN_KW_SWITCH reduce using rule 107 (match_stmt -> TOKEN_KW_MATCH TOKEN_LPAREN expr TOKEN_RPAREN TOKEN_COLON match_block .)
    TOKEN_KW_RETURN reduce using rule 107 (match_stmt -> TOKEN_KW_MATCH TOKEN_LPAREN expr TOKEN_RPAREN TOKEN_COLON match_block .)
    TOKEN_KW_BREAK  reduce using rule 107 (match_stmt -> TOKEN_KW_MATCH TOKEN_LPAREN expr TOKEN_RPAREN TOKEN_COLON match_block .)
    TOKEN_KW_CONTINUE reduce using rule 107 (match_stmt -> TOKEN_KW_MATCH TOKEN_LPAREN expr TOKEN_RPAREN TOKEN_COLON match_block .)
    TOKEN_KW_MATCH  reduce using rule 107 (match_stmt -> TOKEN_KW_MATCH TOKEN_LPAREN expr TOKEN_RPAREN TOKEN_COLON match_block .)
    TOKEN_KW_DEFER  reduce using rule 107 (match_stmt -> TOKEN_KW_MATCH TOKEN_LPAREN expr TOKEN_RPAREN TOKEN_COLON match_block .)
    TOKEN_GT        reduce using rule 107 (match_stmt -> TOKEN_KW_MATCH TOKEN_LPAREN expr TOKEN_RPAREN TOKEN_COLON match_block .)
    TOKEN_KW_MODULE reduce using rule 107 (match_stmt -> TOKEN_KW_MATCH TOKEN_LPAREN expr TOKEN_RPAREN TOKEN_COLON match_block .)
    TOKEN_KW_TRY    reduce using rule 107 (match_stmt -> TOKEN_KW_MATCH TOKEN_LPAREN expr TOKEN_RPAREN TOKEN_COLON match_block .)
    TOKEN_KW_CATCH  reduce using rule 107 (match_stmt -> TOKEN_KW_MATCH TOKEN_LPAREN expr TOKEN_RPAREN TOKEN_COLON match_block .)
    TOKEN_KW_RAISE  reduce using rule 107 (match_stmt -> TOKEN_KW_MATCH TOKEN_LPAREN expr TOKEN_RPAREN TOKEN_COLON match_block .)
    TOKEN_KW_SPAWN  reduce using rule 107 (match_stmt -> TOKEN_KW_MATCH TOKEN_LPAREN expr TOKEN_RPAREN TOKEN_COLON match_block .)
    TOKEN_KW_SELECT reduce using rule 107 (match_stmt -> TOKEN_KW_MATCH TOKEN_LPAREN expr TOKEN_RPAREN TOKEN_COLON match_block .)
    TOKEN_KW_LOCK   reduce using rule 107 (match_stmt -> TOKEN_KW_MATCH TOKEN_LPAREN expr TOKEN_RPAREN TOKEN_COLON match_block .)
    TOKEN_LBRACE    reduce using rule 107 (match_stmt -> TOKEN_KW_MATCH TOKEN_LPAREN expr TOKEN_RPAREN TOKEN_COLON match_block .)
    TOKEN_KW_CAST   reduce using rule 107 (match_stmt -> TOKEN_KW_MATCH TOKEN_LPAREN expr TOKEN_RPAREN TOKEN_COLON match_block .)
    TOKEN_KW_CHAN   reduce using rule 107 (match_stmt -> TOKEN_KW_MATCH TOKEN_LPAREN expr TOKEN_RPAREN TOKEN_COLON match_block .)
    TOKEN_KW_MUTEX  reduce using rule 107 (match_stmt -> TOKEN_KW_MATCH TOKEN_LPAREN expr TOKEN_RPAREN TOKEN_COLON match_block .)
    TOKEN_PLUS      reduce using rule 107 (match_stmt -> TOKEN_KW_MATCH TOKEN_LPAREN expr TOKEN_RPAREN TOKEN_COLON match_block .)
    TOKEN_MINUS     reduce using rule 107 (match_stmt -> TOKEN_KW_MATCH TOKEN_LPAREN expr TOKEN_RPAREN TOKEN_COLON match_block .)
    TOKEN_NOT       reduce using rule 107 (match_stmt -> TOKEN_KW_MATCH TOKEN_LPAREN expr TOKEN_RPAREN TOKEN_COLON match_block .)
    TOKEN_BIT_NOT   reduce using rule 107 (match_stmt -> TOKEN_KW_MATCH TOKEN_LPAREN expr TOKEN_RPAREN TOKEN_COLON match_block .)
    TOKEN_AMPERSAND reduce using rule 107 (match_stmt -> TOKEN_KW_MATCH TOKEN_LPAREN expr TOKEN_RPAREN TOKEN_COLON match_block .)
    TOKEN_STAR      reduce using rule 107 (match_stmt -> TOKEN_KW_MATCH TOKEN_LPAREN expr TOKEN_RPAREN TOKEN_COLON match_block .)
    TOKEN_KW_AWAIT  reduce using rule 107 (match_stmt -> TOKEN_KW_MATCH TOKEN_LPAREN expr TOKEN_RPAREN TOKEN_COLON match_block .)
    TOKEN_KW_CONST  reduce using rule 107 (match_stmt -> TOKEN_KW_MATCH TOKEN_LPAREN expr TOKEN_RPAREN TOKEN_COLON match_block .)
    TOKEN_KW_MUT    reduce using rule 107 (match_stmt -> TOKEN_KW_MATCH TOKEN_LPAREN expr TOKEN_RPAREN TOKEN_COLON match_block .)
    TOKEN_KW_STATIC reduce using rule 107 (match_stmt -> TOKEN_KW_MATCH TOKEN_LPAREN expr TOKEN_RPAREN TOKEN_COLON match_block .)
    TOKEN_KW_VOLATILE reduce using rule 107 (match_stmt -> TOKEN_KW_MATCH TOKEN_LPAREN expr TOKEN_RPAREN TOKEN_COLON match_block .)
    TOKEN_KW_ATOMIC reduce using rule 107 (match_stmt -> TOKEN_KW_MATCH TOKEN_LPAREN expr TOKEN_RPAREN TOKEN_COLON match_block .)
    TOKEN_KW_SHARED reduce using rule 107 (match_stmt -> TOKEN_KW_MATCH TOKEN_LPAREN expr TOKEN_RPAREN TOKEN_COLON match_block .)
    TOKEN_KW_PRIVATE reduce using rule 107 (match_stmt -> TOKEN_KW_MATCH TOKEN_LPAREN expr TOKEN_RPAREN TOKEN_COLON match_block .)
    TOKEN_KW_PUBLIC reduce using rule 107 (match_stmt -> TOKEN_KW_MATCH TOKEN_LPAREN expr TOKEN_RPAREN TOKEN_COLON match_block .)
    TOKEN_IDENTIFIER reduce using rule 107 (match_stmt -> TOKEN_KW_MATCH TOKEN_LPAREN expr TOKEN_RPAREN TOKEN_COLON match_block .)
    TOKEN_LPAREN    reduce using rule 107 (match_stmt -> TOKEN_KW_MATCH TOKEN_LPAREN expr TOKEN_RPAREN TOKEN_COLON match_block .)
    TOKEN_KW_NULL   reduce using rule 107 (match_stmt -> TOKEN_KW_MATCH TOKEN_LPAREN expr TOKEN_RPAREN TOKEN_COLON match_block .)
    TOKEN_INT_LITERAL reduce using rule 107 (match_stmt -> TOKEN_KW_MATCH TOKEN_LPAREN expr TOKEN_RPAREN TOKEN_COLON match_block .)
    TOKEN_FLOAT_LITERAL reduce using rule 107 (match_stmt -> TOKEN_KW_MATCH TOKEN_LPAREN expr TOKEN_RPAREN TOKEN_COLON match_block .)
    TOKEN_CHAR_LITERAL reduce using rule 107 (match_stmt -> TOKEN_KW_MATCH TOKEN_LPAREN expr TOKEN_RPAREN TOKEN_COLON match_block .)
    TOKEN_STRING_LITERAL reduce using rule 107 (match_stmt -> TOKEN_KW_MATCH TOKEN_LPAREN expr TOKEN_RPAREN TOKEN_COLON match_block .)
    TOKEN_BOOL_LITERAL reduce using rule 107 (match_stmt -> TOKEN_KW_MATCH TOKEN_LPAREN expr TOKEN_RPAREN TOKEN_COLON match_block .)


state 374

    (73) match_block -> TOKEN_LBRACE . match_list default_match_stmt TOKEN_RBRACE
    (74) match_block -> TOKEN_LBRACE . match_list TOKEN_RBRACE
    (75) match_list -> . match_list match_arm
    (76) match_list -> . match_arm
    (77) match_arm -> . expr TOKEN_FAT_ARROW block TOKEN_SEMICOLON
    (113) expr -> . assignment
    (159) expr -> . TOKEN_KW_CAST type TOKEN_ARROW expr
    (3) assignment -> . unary TOKEN_LSHIFT_ASSIGN assignment
    (14) assignment -> . unary TOKEN_RSHIFT_ASSIGN assignment
    (131) assignment -> . ternary
    (142) assignment -> . unary TOKEN_ASSIGN assignment
    (153) assignment -> . unary TOKEN_PLUS_EQ assignment
    (164) assignment -> . unary TOKEN_MINUS_EQ assignment
    (175) assignment -> . unary TOKEN_STAR_EQ assignment
    (186) assignment -> . unary TOKEN_SLASH_EQ assignment
    (197) assignment -> . unary TOKEN_MOD_EQ assignment
    (143) unary -> . TOKEN_PLUS unary
    (144) unary -> . TOKEN_MINUS unary
    (145) unary -> . TOKEN_NOT unary
    (146) unary -> . TOKEN_BIT_NOT unary
    (147) unary -> . TOKEN_AMPERSAND unary
    (148) unary -> . TOKEN_STAR unary
    (149) unary -> . TOKEN_KW_AWAIT unary
    (150) unary -> . postfix
    (25) ternary -> . logical_or
    (36) ternary -> . logical_or TOKEN_QUESTION expr TOKEN_COLON ternary
    (151) postfix -> . primary
    (152) postfix -> . postfix TOKEN_LPAREN arg_list TOKEN_RPAREN
    (154) postfix -> . postfix TOKEN_LBRACKET expr TOKEN_RBRACKET
    (155) postfix -> . postfix TOKEN_DOT TOKEN_IDENTIFIER
    (156) postfix -> . postfix TOKEN_SCOPE_RES TOKEN_IDENTIFIER
    (157) postfix -> . postfix TOKEN_ARROW TOKEN_IDENTIFIER
    (158) postfix -> . postfix TOKEN_LEFT_ARROW TOKEN_IDENTIFIER
    (47) logical_or -> . logical_and
    (58) logical_or -> . logical_or TOKEN_OR logical_and
    (160) primary -> . TOKEN_IDENTIFIER
    (161) primary -> . factor
    (162) primary -> . TOKEN_LPAREN expr TOKEN_RPAREN
    (163) primary -> . TOKEN_KW_NULL
    (69) logical_and -> . bit_or
    (80) logical_and -> . logical_and TOKEN_AND bit_or
    (54) factor -> . TOKEN_INT_LITERAL
    (55) factor -> . TOKEN_FLOAT_LITERAL
    (56) factor -> . TOKEN_CHAR_LITERAL
    (57) factor -> . TOKEN_STRING_LITERAL
    (59) factor -> . TOKEN_BOOL_LITERAL
    (91) bit_or -> . xor
    (102) bit_or -> . bit_or TOKEN_BIT_OR xor
    (114) xor -> . bit_and
    (122) xor -> . xor TOKEN_XOR bit_and
    (123) bit_and -> . equality
    (124) bit_and -> . bit_and TOKEN_AMPERSAND equality
    (125) bit_and -> . bit_and TOKEN_NAND equality
    (126) equality -> . relational
    (127) equality -> . equality TOKEN_EQ relational
    (128) equality -> . equality TOKEN_NEQ relational
    (129) relational -> . additive
    (130) relational -> . relational TOKEN_LT additive
    (132) relational -> . relational TOKEN_GT additive
    (133) relational -> . relational TOKEN_LE additive
    (134) relational -> . relational TOKEN_GE additive
    (135) additive -> . multiplicative
    (136) additive -> . additive TOKEN_PLUS multiplicative
    (137) additive -> . additive TOKEN_MINUS multiplicative
    (138) multiplicative -> . unary
    (139) multiplicative -> . multiplicative TOKEN_STAR unary
    (140) multiplicative -> . multiplicative TOKEN_SLASH unary
    (141) multiplicative -> . multiplicative TOKEN_MOD unary

    TOKEN_KW_CAST   shift and go to state 75
    TOKEN_PLUS      shift and go to state 78
    TOKEN_MINUS     shift and go to state 79
    TOKEN_NOT       shift and go to state 80
    TOKEN_BIT_NOT   shift and go to state 81
    TOKEN_AMPERSAND shift and go to state 82
    TOKEN_STAR      shift and go to state 83
    TOKEN_KW_AWAIT  shift and go to state 84
    TOKEN_IDENTIFIER shift and go to state 72
    TOKEN_LPAREN    shift and go to state 88
    TOKEN_KW_NULL   shift and go to state 91
    TOKEN_INT_LITERAL shift and go to state 93
    TOKEN_FLOAT_LITERAL shift and go to state 94
    TOKEN_CHAR_LITERAL shift and go to state 95
    TOKEN_STRING_LITERAL shift and go to state 96
    TOKEN_BOOL_LITERAL shift and go to state 97

    match_list                     shift and go to state 383
    match_arm                      shift and go to state 384
    expr                           shift and go to state 385
    assignment                     shift and go to state 74
    unary                          shift and go to state 76
    ternary                        shift and go to state 77
    postfix                        shift and go to state 85
    logical_or                     shift and go to state 86
    primary                        shift and go to state 87
    logical_and                    shift and go to state 89
    factor                         shift and go to state 90
    bit_or                         shift and go to state 92
    xor                            shift and go to state 98
    bit_and                        shift and go to state 99
    equality                       shift and go to state 100
    relational                     shift and go to state 101
    additive                       shift and go to state 102
    multiplicative                 shift and go to state 103

state 375

    (116) try_stmt -> TOKEN_KW_TRY TOKEN_COLON TOKEN_LBRACE stmt_list TOKEN_RBRACE catch_stmt .

    TOKEN_RBRACE    reduce using rule 116 (try_stmt -> TOKEN_KW_TRY TOKEN_COLON TOKEN_LBRACE stmt_list TOKEN_RBRACE catch_stmt .)
    TOKEN_KW_IF     reduce using rule 116 (try_stmt -> TOKEN_KW_TRY TOKEN_COLON TOKEN_LBRACE stmt_list TOKEN_RBRACE catch_stmt .)
    TOKEN_KW_WHILE  reduce using rule 116 (try_stmt -> TOKEN_KW_TRY TOKEN_COLON TOKEN_LBRACE stmt_list TOKEN_RBRACE catch_stmt .)
    TOKEN_KW_DO     reduce using rule 116 (try_stmt -> TOKEN_KW_TRY TOKEN_COLON TOKEN_LBRACE stmt_list TOKEN_RBRACE catch_stmt .)
    TOKEN_KW_FOR    reduce using rule 116 (try_stmt -> TOKEN_KW_TRY TOKEN_COLON TOKEN_LBRACE stmt_list TOKEN_RBRACE catch_stmt .)
    TOKEN_KW_SWITCH reduce using rule 116 (try_stmt -> TOKEN_KW_TRY TOKEN_COLON TOKEN_LBRACE stmt_list TOKEN_RBRACE catch_stmt .)
    TOKEN_KW_RETURN reduce using rule 116 (try_stmt -> TOKEN_KW_TRY TOKEN_COLON TOKEN_LBRACE stmt_list TOKEN_RBRACE catch_stmt .)
    TOKEN_KW_BREAK  reduce using rule 116 (try_stmt -> TOKEN_KW_TRY TOKEN_COLON TOKEN_LBRACE stmt_list TOKEN_RBRACE catch_stmt .)
    TOKEN_KW_CONTINUE reduce using rule 116 (try_stmt -> TOKEN_KW_TRY TOKEN_COLON TOKEN_LBRACE stmt_list TOKEN_RBRACE catch_stmt .)
    TOKEN_KW_MATCH  reduce using rule 116 (try_stmt -> TOKEN_KW_TRY TOKEN_COLON TOKEN_LBRACE stmt_list TOKEN_RBRACE catch_stmt .)
    TOKEN_KW_DEFER  reduce using rule 116 (try_stmt -> TOKEN_KW_TRY TOKEN_COLON TOKEN_LBRACE stmt_list TOKEN_RBRACE catch_stmt .)
    TOKEN_GT        reduce using rule 116 (try_stmt -> TOKEN_KW_TRY TOKEN_COLON TOKEN_LBRACE stmt_list TOKEN_RBRACE catch_stmt .)
    TOKEN_KW_MODULE reduce using rule 116 (try_stmt -> TOKEN_KW_TRY TOKEN_COLON TOKEN_LBRACE stmt_list TOKEN_RBRACE catch_stmt .)
    TOKEN_KW_TRY    reduce using rule 116 (try_stmt -> TOKEN_KW_TRY TOKEN_COLON TOKEN_LBRACE stmt_list TOKEN_RBRACE catch_stmt .)
    TOKEN_KW_CATCH  reduce using rule 116 (try_stmt -> TOKEN_KW_TRY TOKEN_COLON TOKEN_LBRACE stmt_list TOKEN_RBRACE catch_stmt .)
    TOKEN_KW_RAISE  reduce using rule 116 (try_stmt -> TOKEN_KW_TRY TOKEN_COLON TOKEN_LBRACE stmt_list TOKEN_RBRACE catch_stmt .)
    TOKEN_KW_SPAWN  reduce using rule 116 (try_stmt -> TOKEN_KW_TRY TOKEN_COLON TOKEN_LBRACE stmt_list TOKEN_RBRACE catch_stmt .)
    TOKEN_KW_SELECT reduce using rule 116 (try_stmt -> TOKEN_KW_TRY TOKEN_COLON TOKEN_LBRACE stmt_list TOKEN_RBRACE catch_stmt .)
    TOKEN_KW_LOCK   reduce using rule 116 (try_stmt -> TOKEN_KW_TRY TOKEN_COLON TOKEN_LBRACE stmt_list TOKEN_RBRACE catch_stmt .)
    TOKEN_LBRACE    reduce using rule 116 (try_stmt -> TOKEN_KW_TRY TOKEN_COLON TOKEN_LBRACE stmt_list TOKEN_RBRACE catch_stmt .)
    TOKEN_KW_CAST   reduce using rule 116 (try_stmt -> TOKEN_KW_TRY TOKEN_COLON TOKEN_LBRACE stmt_list TOKEN_RBRACE catch_stmt .)
    TOKEN_KW_CHAN   reduce using rule 116 (try_stmt -> TOKEN_KW_TRY TOKEN_COLON TOKEN_LBRACE stmt_list TOKEN_RBRACE catch_stmt .)
    TOKEN_KW_MUTEX  reduce using rule 116 (try_stmt -> TOKEN_KW_TRY TOKEN_COLON TOKEN_LBRACE stmt_list TOKEN_RBRACE catch_stmt .)
    TOKEN_PLUS      reduce using rule 116 (try_stmt -> TOKEN_KW_TRY TOKEN_COLON TOKEN_LBRACE stmt_list TOKEN_RBRACE catch_stmt .)
    TOKEN_MINUS     reduce using rule 116 (try_stmt -> TOKEN_KW_TRY TOKEN_COLON TOKEN_LBRACE stmt_list TOKEN_RBRACE catch_stmt .)
    TOKEN_NOT       reduce using rule 116 (try_stmt -> TOKEN_KW_TRY TOKEN_COLON TOKEN_LBRACE stmt_list TOKEN_RBRACE catch_stmt .)
    TOKEN_BIT_NOT   reduce using rule 116 (try_stmt -> TOKEN_KW_TRY TOKEN_COLON TOKEN_LBRACE stmt_list TOKEN_RBRACE catch_stmt .)
    TOKEN_AMPERSAND reduce using rule 116 (try_stmt -> TOKEN_KW_TRY TOKEN_COLON TOKEN_LBRACE stmt_list TOKEN_RBRACE catch_stmt .)
    TOKEN_STAR      reduce using rule 116 (try_stmt -> TOKEN_KW_TRY TOKEN_COLON TOKEN_LBRACE stmt_list TOKEN_RBRACE catch_stmt .)
    TOKEN_KW_AWAIT  reduce using rule 116 (try_stmt -> TOKEN_KW_TRY TOKEN_COLON TOKEN_LBRACE stmt_list TOKEN_RBRACE catch_stmt .)
    TOKEN_KW_CONST  reduce using rule 116 (try_stmt -> TOKEN_KW_TRY TOKEN_COLON TOKEN_LBRACE stmt_list TOKEN_RBRACE catch_stmt .)
    TOKEN_KW_MUT    reduce using rule 116 (try_stmt -> TOKEN_KW_TRY TOKEN_COLON TOKEN_LBRACE stmt_list TOKEN_RBRACE catch_stmt .)
    TOKEN_KW_STATIC reduce using rule 116 (try_stmt -> TOKEN_KW_TRY TOKEN_COLON TOKEN_LBRACE stmt_list TOKEN_RBRACE catch_stmt .)
    TOKEN_KW_VOLATILE reduce using rule 116 (try_stmt -> TOKEN_KW_TRY TOKEN_COLON TOKEN_LBRACE stmt_list TOKEN_RBRACE catch_stmt .)
    TOKEN_KW_ATOMIC reduce using rule 116 (try_stmt -> TOKEN_KW_TRY TOKEN_COLON TOKEN_LBRACE stmt_list TOKEN_RBRACE catch_stmt .)
    TOKEN_KW_SHARED reduce using rule 116 (try_stmt -> TOKEN_KW_TRY TOKEN_COLON TOKEN_LBRACE stmt_list TOKEN_RBRACE catch_stmt .)
    TOKEN_KW_PRIVATE reduce using rule 116 (try_stmt -> TOKEN_KW_TRY TOKEN_COLON TOKEN_LBRACE stmt_list TOKEN_RBRACE catch_stmt .)
    TOKEN_KW_PUBLIC reduce using rule 116 (try_stmt -> TOKEN_KW_TRY TOKEN_COLON TOKEN_LBRACE stmt_list TOKEN_RBRACE catch_stmt .)
    TOKEN_IDENTIFIER reduce using rule 116 (try_stmt -> TOKEN_KW_TRY TOKEN_COLON TOKEN_LBRACE stmt_list TOKEN_RBRACE catch_stmt .)
    TOKEN_LPAREN    reduce using rule 116 (try_stmt -> TOKEN_KW_TRY TOKEN_COLON TOKEN_LBRACE stmt_list TOKEN_RBRACE catch_stmt .)
    TOKEN_KW_NULL   reduce using rule 116 (try_stmt -> TOKEN_KW_TRY TOKEN_COLON TOKEN_LBRACE stmt_list TOKEN_RBRACE catch_stmt .)
    TOKEN_INT_LITERAL reduce using rule 116 (try_stmt -> TOKEN_KW_TRY TOKEN_COLON TOKEN_LBRACE stmt_list TOKEN_RBRACE catch_stmt .)
    TOKEN_FLOAT_LITERAL reduce using rule 116 (try_stmt -> TOKEN_KW_TRY TOKEN_COLON TOKEN_LBRACE stmt_list TOKEN_RBRACE catch_stmt .)
    TOKEN_CHAR_LITERAL reduce using rule 116 (try_stmt -> TOKEN_KW_TRY TOKEN_COLON TOKEN_LBRACE stmt_list TOKEN_RBRACE catch_stmt .)
    TOKEN_STRING_LITERAL reduce using rule 116 (try_stmt -> TOKEN_KW_TRY TOKEN_COLON TOKEN_LBRACE stmt_list TOKEN_RBRACE catch_stmt .)
    TOKEN_BOOL_LITERAL reduce using rule 116 (try_stmt -> TOKEN_KW_TRY TOKEN_COLON TOKEN_LBRACE stmt_list TOKEN_RBRACE catch_stmt .)


state 376

    (117) catch_stmt -> TOKEN_KW_CATCH TOKEN_LPAREN TOKEN_IDENTIFIER TOKEN_RPAREN TOKEN_COLON TOKEN_LBRACE . stmt_list TOKEN_RBRACE
    (192) stmt_list -> . stmt_list stmt
    (193) stmt_list -> . stmt
    (169) stmt -> . var_decl
    (170) stmt -> . expr_stmt
    (171) stmt -> . if_stmt
    (172) stmt -> . while_stmt
    (173) stmt -> . do_stmt
    (174) stmt -> . for_stmt
    (176) stmt -> . switch_stmt
    (177) stmt -> . return_stmt
    (178) stmt -> . break_stmt
    (179) stmt -> . continue_stmt
    (180) stmt -> . match_stmt
    (181) stmt -> . defer_stmt
    (182) stmt -> . import_stmt
    (183) stmt -> . module_stmt
    (184) stmt -> . try_stmt
    (185) stmt -> . catch_stmt
    (187) stmt -> . raise_stmt
    (188) stmt -> . spawn_stmt
    (189) stmt -> . select_stmt
    (190) stmt -> . lock_stmt
    (191) stmt -> . block
    (12) var_decl -> . type TOKEN_IDENTIFIER TOKEN_ASSIGN expr TOKEN_SEMICOLON
    (13) var_decl -> . type TOKEN_IDENTIFIER TOKEN_SEMICOLON
    (15) var_decl -> . type TOKEN_IDENTIFIER array_struct TOKEN_ASSIGN array_init TOKEN_SEMICOLON
    (16) var_decl -> . type TOKEN_IDENTIFIER array_struct TOKEN_SEMICOLON
    (2) expr_stmt -> . expr TOKEN_SEMICOLON
    (87) if_stmt -> . TOKEN_KW_IF TOKEN_LPAREN expr TOKEN_RPAREN block else
    (93) while_stmt -> . TOKEN_KW_WHILE TOKEN_LPAREN expr TOKEN_RPAREN stmt
    (94) do_stmt -> . TOKEN_KW_DO block TOKEN_KW_WHILE TOKEN_LPAREN expr TOKEN_RPAREN TOKEN_SEMICOLON
    (95) for_stmt -> . TOKEN_KW_FOR TOKEN_LPAREN for_init TOKEN_RPAREN stmt
    (97) switch_stmt -> . TOKEN_KW_SWITCH TOKEN_LPAREN expr TOKEN_RPAREN case_block
    (105) return_stmt -> . TOKEN_KW_RETURN expr TOKEN_SEMICOLON
    (106) return_stmt -> . TOKEN_KW_RETURN TOKEN_SEMICOLON
    (101) break_stmt -> . TOKEN_KW_BREAK TOKEN_SEMICOLON
    (100) continue_stmt -> . TOKEN_KW_CONTINUE TOKEN_SEMICOLON
    (107) match_stmt -> . TOKEN_KW_MATCH TOKEN_LPAREN expr TOKEN_RPAREN TOKEN_COLON match_block
    (109) defer_stmt -> . TOKEN_KW_DEFER TOKEN_LPAREN expr TOKEN_RPAREN TOKEN_SEMICOLON
    (110) import_stmt -> . TOKEN_GT TOKEN_KW_IMPORT TOKEN_IDENTIFIER
    (111) module_stmt -> . TOKEN_KW_MODULE module_list TOKEN_SEMICOLON
    (116) try_stmt -> . TOKEN_KW_TRY TOKEN_COLON TOKEN_LBRACE stmt_list TOKEN_RBRACE catch_stmt
    (117) catch_stmt -> . TOKEN_KW_CATCH TOKEN_LPAREN TOKEN_IDENTIFIER TOKEN_RPAREN TOKEN_COLON TOKEN_LBRACE stmt_list TOKEN_RBRACE
    (118) raise_stmt -> . TOKEN_KW_RAISE expr TOKEN_SEMICOLON
    (119) spawn_stmt -> . TOKEN_KW_SPAWN expr TOKEN_SEMICOLON
    (120) select_stmt -> . TOKEN_KW_SELECT case_block
    (121) lock_stmt -> . TOKEN_KW_LOCK TOKEN_LPAREN expr TOKEN_RPAREN block
    (68) block -> . TOKEN_LBRACE stmt_list TOKEN_RBRACE
    (70) block -> . TOKEN_LBRACE TOKEN_RBRACE
    (31) type -> . channel_type
    (32) type -> . pointer_type
    (113) expr -> . assignment
    (159) expr -> . TOKEN_KW_CAST type TOKEN_ARROW expr
    (37) channel_type -> . TOKEN_KW_CHAN type
    (33) pointer_type -> . pointer_type TOKEN_STAR
    (34) pointer_type -> . pointer_type TOKEN_AMPERSAND
    (35) pointer_type -> . base_type
    (3) assignment -> . unary TOKEN_LSHIFT_ASSIGN assignment
    (14) assignment -> . unary TOKEN_RSHIFT_ASSIGN assignment
    (131) assignment -> . ternary
    (142) assignment -> . unary TOKEN_ASSIGN assignment
    (153) assignment -> . unary TOKEN_PLUS_EQ assignment
    (164) assignment -> . unary TOKEN_MINUS_EQ assignment
    (175) assignment -> . unary TOKEN_STAR_EQ assignment
    (186) assignment -> . unary TOKEN_SLASH_EQ assignment
    (197) assignment -> . unary TOKEN_MOD_EQ assignment
    (38) base_type -> . modifier_list TOKEN_KW_INT
    (39) base_type -> . modifier_list TOKEN_KW_SHORT
    (40) base_type -> . modifier_list TOKEN_KW_LONG
    (41) base_type -> . modifier_list TOKEN_KW_BYTE
    (42) base_type -> . modifier_list TOKEN_KW_FLOAT
    (43) base_type -> . modifier_list TOKEN_KW_DOUBLE
    (44) base_type -> . modifier_list TOKEN_KW_CHAR
    (45) base_type -> . modifier_list TOKEN_KW_STRING
    (46) base_type -> . modifier_list TOKEN_KW_BOOL
    (48) base_type -> . modifier_list TOKEN_KW_STRUCT
    (49) base_type -> . modifier_list TOKEN_KW_ENUM
    (50) base_type -> . modifier_list TOKEN_KW_UNION
    (51) base_type -> . modifier_list TOKEN_KW_VOID
    (52) base_type -> . TOKEN_KW_MUTEX
    (53) base_type -> . modifier_list TOKEN_IDENTIFIER
    (143) unary -> . TOKEN_PLUS unary
    (144) unary -> . TOKEN_MINUS unary
    (145) unary -> . TOKEN_NOT unary
    (146) unary -> . TOKEN_BIT_NOT unary
    (147) unary -> . TOKEN_AMPERSAND unary
    (148) unary -> . TOKEN_STAR unary
    (149) unary -> . TOKEN_KW_AWAIT unary
    (150) unary -> . postfix
    (25) ternary -> . logical_or
    (36) ternary -> . logical_or TOKEN_QUESTION expr TOKEN_COLON ternary
    (29) modifier_list -> . modifier_list modifier
    (30) modifier_list -> . modifier
    (151) postfix -> . primary
    (152) postfix -> . postfix TOKEN_LPAREN arg_list TOKEN_RPAREN
    (154) postfix -> . postfix TOKEN_LBRACKET expr TOKEN_RBRACKET
    (155) postfix -> . postfix TOKEN_DOT TOKEN_IDENTIFIER
    (156) postfix -> . postfix TOKEN_SCOPE_RES TOKEN_IDENTIFIER
    (157) postfix -> . postfix TOKEN_ARROW TOKEN_IDENTIFIER
    (158) postfix -> . postfix TOKEN_LEFT_ARROW TOKEN_IDENTIFIER
    (47) logical_or -> . logical_and
    (58) logical_or -> . logical_or TOKEN_OR logical_and
    (20) modifier -> . TOKEN_KW_CONST
    (21) modifier -> . TOKEN_KW_MUT
    (22) modifier -> . TOKEN_KW_STATIC
    (23) modifier -> . TOKEN_KW_VOLATILE
    (24) modifier -> . TOKEN_KW_ATOMIC
    (26) modifier -> . TOKEN_KW_SHARED
    (27) modifier -> . TOKEN_KW_PRIVATE
    (28) modifier -> . TOKEN_KW_PUBLIC
    (160) primary -> . TOKEN_IDENTIFIER
    (161) primary -> . factor
    (162) primary -> . TOKEN_LPAREN expr TOKEN_RPAREN
    (163) primary -> . TOKEN_KW_NULL
    (69) logical_and -> . bit_or
    (80) logical_and -> . logical_and TOKEN_AND bit_or
    (54) factor -> . TOKEN_INT_LITERAL
    (55) factor -> . TOKEN_FLOAT_LITERAL
    (56) factor -> . TOKEN_CHAR_LITERAL
    (57) factor -> . TOKEN_STRING_LITERAL
    (59) factor -> . TOKEN_BOOL_LITERAL
    (91) bit_or -> . xor
    (102) bit_or -> . bit_or TOKEN_BIT_OR xor
    (114) xor -> . bit_and
    (122) xor -> . xor TOKEN_XOR bit_and
    (123) bit_and -> . equality
    (124) bit_and -> . bit_and TOKEN_AMPERSAND equality
    (125) bit_and -> . bit_and TOKEN_NAND equality
    (126) equality -> . relational
    (127) equality -> . equality TOKEN_EQ relational
    (128) equality -> . equality TOKEN_NEQ relational
    (129) relational -> . additive
    (130) relational -> . relational TOKEN_LT additive
    (132) relational -> . relational TOKEN_GT additive
    (133) relational -> . relational TOKEN_LE additive
    (134) relational -> . relational TOKEN_GE additive
    (135) additive -> . multiplicative
    (136) additive -> . additive TOKEN_PLUS multiplicative
    (137) additive -> . additive TOKEN_MINUS multiplicative
    (138) multiplicative -> . unary
    (139) multiplicative -> . multiplicative TOKEN_STAR unary
    (140) multiplicative -> . multiplicative TOKEN_SLASH unary
    (141) multiplicative -> . multiplicative TOKEN_MOD unary

    TOKEN_KW_IF     shift and go to state 271
    TOKEN_KW_WHILE  shift and go to state 272
    TOKEN_KW_DO     shift and go to state 273
    TOKEN_KW_FOR    shift and go to state 274
    TOKEN_KW_SWITCH shift and go to state 275
    TOKEN_KW_RETURN shift and go to state 276
    TOKEN_KW_BREAK  shift and go to state 277
    TOKEN_KW_CONTINUE shift and go to state 278
    TOKEN_KW_MATCH  shift and go to state 279
    TOKEN_KW_DEFER  shift and go to state 280
    TOKEN_GT        shift and go to state 281
    TOKEN_KW_MODULE shift and go to state 282
    TOKEN_KW_TRY    shift and go to state 283
    TOKEN_KW_CATCH  shift and go to state 284
    TOKEN_KW_RAISE  shift and go to state 285
    TOKEN_KW_SPAWN  shift and go to state 286
    TOKEN_KW_SELECT shift and go to state 287
    TOKEN_KW_LOCK   shift and go to state 288
    TOKEN_LBRACE    shift and go to state 246
    TOKEN_KW_CAST   shift and go to state 75
    TOKEN_KW_CHAN   shift and go to state 20
    TOKEN_KW_MUTEX  shift and go to state 23
    TOKEN_PLUS      shift and go to state 78
    TOKEN_MINUS     shift and go to state 79
    TOKEN_NOT       shift and go to state 80
    TOKEN_BIT_NOT   shift and go to state 81
    TOKEN_AMPERSAND shift and go to state 82
    TOKEN_STAR      shift and go to state 83
    TOKEN_KW_AWAIT  shift and go to state 84
    TOKEN_KW_CONST  shift and go to state 25
    TOKEN_KW_MUT    shift and go to state 26
    TOKEN_KW_STATIC shift and go to state 27
    TOKEN_KW_VOLATILE shift and go to state 28
    TOKEN_KW_ATOMIC shift and go to state 29
    TOKEN_KW_SHARED shift and go to state 30
    TOKEN_KW_PRIVATE shift and go to state 31
    TOKEN_KW_PUBLIC shift and go to state 32
    TOKEN_IDENTIFIER shift and go to state 72
    TOKEN_LPAREN    shift and go to state 88
    TOKEN_KW_NULL   shift and go to state 91
    TOKEN_INT_LITERAL shift and go to state 93
    TOKEN_FLOAT_LITERAL shift and go to state 94
    TOKEN_CHAR_LITERAL shift and go to state 95
    TOKEN_STRING_LITERAL shift and go to state 96
    TOKEN_BOOL_LITERAL shift and go to state 97

    stmt_list                      shift and go to state 386
    stmt                           shift and go to state 248
    var_decl                       shift and go to state 249
    expr_stmt                      shift and go to state 250
    if_stmt                        shift and go to state 251
    while_stmt                     shift and go to state 252
    do_stmt                        shift and go to state 253
    for_stmt                       shift and go to state 254
    switch_stmt                    shift and go to state 255
    return_stmt                    shift and go to state 256
    break_stmt                     shift and go to state 257
    continue_stmt                  shift and go to state 258
    match_stmt                     shift and go to state 259
    defer_stmt                     shift and go to state 260
    import_stmt                    shift and go to state 261
    module_stmt                    shift and go to state 262
    try_stmt                       shift and go to state 263
    catch_stmt                     shift and go to state 264
    raise_stmt                     shift and go to state 265
    spawn_stmt                     shift and go to state 266
    select_stmt                    shift and go to state 267
    lock_stmt                      shift and go to state 268
    block                          shift and go to state 269
    type                           shift and go to state 11
    expr                           shift and go to state 270
    channel_type                   shift and go to state 18
    pointer_type                   shift and go to state 19
    assignment                     shift and go to state 74
    base_type                      shift and go to state 21
    unary                          shift and go to state 76
    ternary                        shift and go to state 77
    modifier_list                  shift and go to state 22
    postfix                        shift and go to state 85
    logical_or                     shift and go to state 86
    modifier                       shift and go to state 24
    primary                        shift and go to state 87
    logical_and                    shift and go to state 89
    factor                         shift and go to state 90
    bit_or                         shift and go to state 92
    xor                            shift and go to state 98
    bit_and                        shift and go to state 99
    equality                       shift and go to state 100
    relational                     shift and go to state 101
    additive                       shift and go to state 102
    multiplicative                 shift and go to state 103

state 377

    (99) default_stmt -> TOKEN_KW_DEFAULT TOKEN_COLON block . TOKEN_KW_BREAK TOKEN_SEMICOLON

    TOKEN_KW_BREAK  shift and go to state 387


state 378

    (98) case_stmt -> TOKEN_KW_CASE expr TOKEN_COLON block . TOKEN_KW_BREAK TOKEN_SEMICOLON

    TOKEN_KW_BREAK  shift and go to state 388


state 379

    (88) else -> TOKEN_KW_ELSE block .

    TOKEN_RBRACE    reduce using rule 88 (else -> TOKEN_KW_ELSE block .)
    TOKEN_KW_IF     reduce using rule 88 (else -> TOKEN_KW_ELSE block .)
    TOKEN_KW_WHILE  reduce using rule 88 (else -> TOKEN_KW_ELSE block .)
    TOKEN_KW_DO     reduce using rule 88 (else -> TOKEN_KW_ELSE block .)
    TOKEN_KW_FOR    reduce using rule 88 (else -> TOKEN_KW_ELSE block .)
    TOKEN_KW_SWITCH reduce using rule 88 (else -> TOKEN_KW_ELSE block .)
    TOKEN_KW_RETURN reduce using rule 88 (else -> TOKEN_KW_ELSE block .)
    TOKEN_KW_BREAK  reduce using rule 88 (else -> TOKEN_KW_ELSE block .)
    TOKEN_KW_CONTINUE reduce using rule 88 (else -> TOKEN_KW_ELSE block .)
    TOKEN_KW_MATCH  reduce using rule 88 (else -> TOKEN_KW_ELSE block .)
    TOKEN_KW_DEFER  reduce using rule 88 (else -> TOKEN_KW_ELSE block .)
    TOKEN_GT        reduce using rule 88 (else -> TOKEN_KW_ELSE block .)
    TOKEN_KW_MODULE reduce using rule 88 (else -> TOKEN_KW_ELSE block .)
    TOKEN_KW_TRY    reduce using rule 88 (else -> TOKEN_KW_ELSE block .)
    TOKEN_KW_CATCH  reduce using rule 88 (else -> TOKEN_KW_ELSE block .)
    TOKEN_KW_RAISE  reduce using rule 88 (else -> TOKEN_KW_ELSE block .)
    TOKEN_KW_SPAWN  reduce using rule 88 (else -> TOKEN_KW_ELSE block .)
    TOKEN_KW_SELECT reduce using rule 88 (else -> TOKEN_KW_ELSE block .)
    TOKEN_KW_LOCK   reduce using rule 88 (else -> TOKEN_KW_ELSE block .)
    TOKEN_LBRACE    reduce using rule 88 (else -> TOKEN_KW_ELSE block .)
    TOKEN_KW_CAST   reduce using rule 88 (else -> TOKEN_KW_ELSE block .)
    TOKEN_KW_CHAN   reduce using rule 88 (else -> TOKEN_KW_ELSE block .)
    TOKEN_KW_MUTEX  reduce using rule 88 (else -> TOKEN_KW_ELSE block .)
    TOKEN_PLUS      reduce using rule 88 (else -> TOKEN_KW_ELSE block .)
    TOKEN_MINUS     reduce using rule 88 (else -> TOKEN_KW_ELSE block .)
    TOKEN_NOT       reduce using rule 88 (else -> TOKEN_KW_ELSE block .)
    TOKEN_BIT_NOT   reduce using rule 88 (else -> TOKEN_KW_ELSE block .)
    TOKEN_AMPERSAND reduce using rule 88 (else -> TOKEN_KW_ELSE block .)
    TOKEN_STAR      reduce using rule 88 (else -> TOKEN_KW_ELSE block .)
    TOKEN_KW_AWAIT  reduce using rule 88 (else -> TOKEN_KW_ELSE block .)
    TOKEN_KW_CONST  reduce using rule 88 (else -> TOKEN_KW_ELSE block .)
    TOKEN_KW_MUT    reduce using rule 88 (else -> TOKEN_KW_ELSE block .)
    TOKEN_KW_STATIC reduce using rule 88 (else -> TOKEN_KW_ELSE block .)
    TOKEN_KW_VOLATILE reduce using rule 88 (else -> TOKEN_KW_ELSE block .)
    TOKEN_KW_ATOMIC reduce using rule 88 (else -> TOKEN_KW_ELSE block .)
    TOKEN_KW_SHARED reduce using rule 88 (else -> TOKEN_KW_ELSE block .)
    TOKEN_KW_PRIVATE reduce using rule 88 (else -> TOKEN_KW_ELSE block .)
    TOKEN_KW_PUBLIC reduce using rule 88 (else -> TOKEN_KW_ELSE block .)
    TOKEN_IDENTIFIER reduce using rule 88 (else -> TOKEN_KW_ELSE block .)
    TOKEN_LPAREN    reduce using rule 88 (else -> TOKEN_KW_ELSE block .)
    TOKEN_KW_NULL   reduce using rule 88 (else -> TOKEN_KW_ELSE block .)
    TOKEN_INT_LITERAL reduce using rule 88 (else -> TOKEN_KW_ELSE block .)
    TOKEN_FLOAT_LITERAL reduce using rule 88 (else -> TOKEN_KW_ELSE block .)
    TOKEN_CHAR_LITERAL reduce using rule 88 (else -> TOKEN_KW_ELSE block .)
    TOKEN_STRING_LITERAL reduce using rule 88 (else -> TOKEN_KW_ELSE block .)
    TOKEN_BOOL_LITERAL reduce using rule 88 (else -> TOKEN_KW_ELSE block .)


state 380

    (90) lower_than_else -> TOKEN_KW_ELSE if_stmt .

    TOKEN_RBRACE    reduce using rule 90 (lower_than_else -> TOKEN_KW_ELSE if_stmt .)
    TOKEN_KW_IF     reduce using rule 90 (lower_than_else -> TOKEN_KW_ELSE if_stmt .)
    TOKEN_KW_WHILE  reduce using rule 90 (lower_than_else -> TOKEN_KW_ELSE if_stmt .)
    TOKEN_KW_DO     reduce using rule 90 (lower_than_else -> TOKEN_KW_ELSE if_stmt .)
    TOKEN_KW_FOR    reduce using rule 90 (lower_than_else -> TOKEN_KW_ELSE if_stmt .)
    TOKEN_KW_SWITCH reduce using rule 90 (lower_than_else -> TOKEN_KW_ELSE if_stmt .)
    TOKEN_KW_RETURN reduce using rule 90 (lower_than_else -> TOKEN_KW_ELSE if_stmt .)
    TOKEN_KW_BREAK  reduce using rule 90 (lower_than_else -> TOKEN_KW_ELSE if_stmt .)
    TOKEN_KW_CONTINUE reduce using rule 90 (lower_than_else -> TOKEN_KW_ELSE if_stmt .)
    TOKEN_KW_MATCH  reduce using rule 90 (lower_than_else -> TOKEN_KW_ELSE if_stmt .)
    TOKEN_KW_DEFER  reduce using rule 90 (lower_than_else -> TOKEN_KW_ELSE if_stmt .)
    TOKEN_GT        reduce using rule 90 (lower_than_else -> TOKEN_KW_ELSE if_stmt .)
    TOKEN_KW_MODULE reduce using rule 90 (lower_than_else -> TOKEN_KW_ELSE if_stmt .)
    TOKEN_KW_TRY    reduce using rule 90 (lower_than_else -> TOKEN_KW_ELSE if_stmt .)
    TOKEN_KW_CATCH  reduce using rule 90 (lower_than_else -> TOKEN_KW_ELSE if_stmt .)
    TOKEN_KW_RAISE  reduce using rule 90 (lower_than_else -> TOKEN_KW_ELSE if_stmt .)
    TOKEN_KW_SPAWN  reduce using rule 90 (lower_than_else -> TOKEN_KW_ELSE if_stmt .)
    TOKEN_KW_SELECT reduce using rule 90 (lower_than_else -> TOKEN_KW_ELSE if_stmt .)
    TOKEN_KW_LOCK   reduce using rule 90 (lower_than_else -> TOKEN_KW_ELSE if_stmt .)
    TOKEN_LBRACE    reduce using rule 90 (lower_than_else -> TOKEN_KW_ELSE if_stmt .)
    TOKEN_KW_CAST   reduce using rule 90 (lower_than_else -> TOKEN_KW_ELSE if_stmt .)
    TOKEN_KW_CHAN   reduce using rule 90 (lower_than_else -> TOKEN_KW_ELSE if_stmt .)
    TOKEN_KW_MUTEX  reduce using rule 90 (lower_than_else -> TOKEN_KW_ELSE if_stmt .)
    TOKEN_PLUS      reduce using rule 90 (lower_than_else -> TOKEN_KW_ELSE if_stmt .)
    TOKEN_MINUS     reduce using rule 90 (lower_than_else -> TOKEN_KW_ELSE if_stmt .)
    TOKEN_NOT       reduce using rule 90 (lower_than_else -> TOKEN_KW_ELSE if_stmt .)
    TOKEN_BIT_NOT   reduce using rule 90 (lower_than_else -> TOKEN_KW_ELSE if_stmt .)
    TOKEN_AMPERSAND reduce using rule 90 (lower_than_else -> TOKEN_KW_ELSE if_stmt .)
    TOKEN_STAR      reduce using rule 90 (lower_than_else -> TOKEN_KW_ELSE if_stmt .)
    TOKEN_KW_AWAIT  reduce using rule 90 (lower_than_else -> TOKEN_KW_ELSE if_stmt .)
    TOKEN_KW_CONST  reduce using rule 90 (lower_than_else -> TOKEN_KW_ELSE if_stmt .)
    TOKEN_KW_MUT    reduce using rule 90 (lower_than_else -> TOKEN_KW_ELSE if_stmt .)
    TOKEN_KW_STATIC reduce using rule 90 (lower_than_else -> TOKEN_KW_ELSE if_stmt .)
    TOKEN_KW_VOLATILE reduce using rule 90 (lower_than_else -> TOKEN_KW_ELSE if_stmt .)
    TOKEN_KW_ATOMIC reduce using rule 90 (lower_than_else -> TOKEN_KW_ELSE if_stmt .)
    TOKEN_KW_SHARED reduce using rule 90 (lower_than_else -> TOKEN_KW_ELSE if_stmt .)
    TOKEN_KW_PRIVATE reduce using rule 90 (lower_than_else -> TOKEN_KW_ELSE if_stmt .)
    TOKEN_KW_PUBLIC reduce using rule 90 (lower_than_else -> TOKEN_KW_ELSE if_stmt .)
    TOKEN_IDENTIFIER reduce using rule 90 (lower_than_else -> TOKEN_KW_ELSE if_stmt .)
    TOKEN_LPAREN    reduce using rule 90 (lower_than_else -> TOKEN_KW_ELSE if_stmt .)
    TOKEN_KW_NULL   reduce using rule 90 (lower_than_else -> TOKEN_KW_ELSE if_stmt .)
    TOKEN_INT_LITERAL reduce using rule 90 (lower_than_else -> TOKEN_KW_ELSE if_stmt .)
    TOKEN_FLOAT_LITERAL reduce using rule 90 (lower_than_else -> TOKEN_KW_ELSE if_stmt .)
    TOKEN_CHAR_LITERAL reduce using rule 90 (lower_than_else -> TOKEN_KW_ELSE if_stmt .)
    TOKEN_STRING_LITERAL reduce using rule 90 (lower_than_else -> TOKEN_KW_ELSE if_stmt .)
    TOKEN_BOOL_LITERAL reduce using rule 90 (lower_than_else -> TOKEN_KW_ELSE if_stmt .)


state 381

    (94) do_stmt -> TOKEN_KW_DO block TOKEN_KW_WHILE TOKEN_LPAREN expr TOKEN_RPAREN TOKEN_SEMICOLON .

    TOKEN_RBRACE    reduce using rule 94 (do_stmt -> TOKEN_KW_DO block TOKEN_KW_WHILE TOKEN_LPAREN expr TOKEN_RPAREN TOKEN_SEMICOLON .)
    TOKEN_KW_IF     reduce using rule 94 (do_stmt -> TOKEN_KW_DO block TOKEN_KW_WHILE TOKEN_LPAREN expr TOKEN_RPAREN TOKEN_SEMICOLON .)
    TOKEN_KW_WHILE  reduce using rule 94 (do_stmt -> TOKEN_KW_DO block TOKEN_KW_WHILE TOKEN_LPAREN expr TOKEN_RPAREN TOKEN_SEMICOLON .)
    TOKEN_KW_DO     reduce using rule 94 (do_stmt -> TOKEN_KW_DO block TOKEN_KW_WHILE TOKEN_LPAREN expr TOKEN_RPAREN TOKEN_SEMICOLON .)
    TOKEN_KW_FOR    reduce using rule 94 (do_stmt -> TOKEN_KW_DO block TOKEN_KW_WHILE TOKEN_LPAREN expr TOKEN_RPAREN TOKEN_SEMICOLON .)
    TOKEN_KW_SWITCH reduce using rule 94 (do_stmt -> TOKEN_KW_DO block TOKEN_KW_WHILE TOKEN_LPAREN expr TOKEN_RPAREN TOKEN_SEMICOLON .)
    TOKEN_KW_RETURN reduce using rule 94 (do_stmt -> TOKEN_KW_DO block TOKEN_KW_WHILE TOKEN_LPAREN expr TOKEN_RPAREN TOKEN_SEMICOLON .)
    TOKEN_KW_BREAK  reduce using rule 94 (do_stmt -> TOKEN_KW_DO block TOKEN_KW_WHILE TOKEN_LPAREN expr TOKEN_RPAREN TOKEN_SEMICOLON .)
    TOKEN_KW_CONTINUE reduce using rule 94 (do_stmt -> TOKEN_KW_DO block TOKEN_KW_WHILE TOKEN_LPAREN expr TOKEN_RPAREN TOKEN_SEMICOLON .)
    TOKEN_KW_MATCH  reduce using rule 94 (do_stmt -> TOKEN_KW_DO block TOKEN_KW_WHILE TOKEN_LPAREN expr TOKEN_RPAREN TOKEN_SEMICOLON .)
    TOKEN_KW_DEFER  reduce using rule 94 (do_stmt -> TOKEN_KW_DO block TOKEN_KW_WHILE TOKEN_LPAREN expr TOKEN_RPAREN TOKEN_SEMICOLON .)
    TOKEN_GT        reduce using rule 94 (do_stmt -> TOKEN_KW_DO block TOKEN_KW_WHILE TOKEN_LPAREN expr TOKEN_RPAREN TOKEN_SEMICOLON .)
    TOKEN_KW_MODULE reduce using rule 94 (do_stmt -> TOKEN_KW_DO block TOKEN_KW_WHILE TOKEN_LPAREN expr TOKEN_RPAREN TOKEN_SEMICOLON .)
    TOKEN_KW_TRY    reduce using rule 94 (do_stmt -> TOKEN_KW_DO block TOKEN_KW_WHILE TOKEN_LPAREN expr TOKEN_RPAREN TOKEN_SEMICOLON .)
    TOKEN_KW_CATCH  reduce using rule 94 (do_stmt -> TOKEN_KW_DO block TOKEN_KW_WHILE TOKEN_LPAREN expr TOKEN_RPAREN TOKEN_SEMICOLON .)
    TOKEN_KW_RAISE  reduce using rule 94 (do_stmt -> TOKEN_KW_DO block TOKEN_KW_WHILE TOKEN_LPAREN expr TOKEN_RPAREN TOKEN_SEMICOLON .)
    TOKEN_KW_SPAWN  reduce using rule 94 (do_stmt -> TOKEN_KW_DO block TOKEN_KW_WHILE TOKEN_LPAREN expr TOKEN_RPAREN TOKEN_SEMICOLON .)
    TOKEN_KW_SELECT reduce using rule 94 (do_stmt -> TOKEN_KW_DO block TOKEN_KW_WHILE TOKEN_LPAREN expr TOKEN_RPAREN TOKEN_SEMICOLON .)
    TOKEN_KW_LOCK   reduce using rule 94 (do_stmt -> TOKEN_KW_DO block TOKEN_KW_WHILE TOKEN_LPAREN expr TOKEN_RPAREN TOKEN_SEMICOLON .)
    TOKEN_LBRACE    reduce using rule 94 (do_stmt -> TOKEN_KW_DO block TOKEN_KW_WHILE TOKEN_LPAREN expr TOKEN_RPAREN TOKEN_SEMICOLON .)
    TOKEN_KW_CAST   reduce using rule 94 (do_stmt -> TOKEN_KW_DO block TOKEN_KW_WHILE TOKEN_LPAREN expr TOKEN_RPAREN TOKEN_SEMICOLON .)
    TOKEN_KW_CHAN   reduce using rule 94 (do_stmt -> TOKEN_KW_DO block TOKEN_KW_WHILE TOKEN_LPAREN expr TOKEN_RPAREN TOKEN_SEMICOLON .)
    TOKEN_KW_MUTEX  reduce using rule 94 (do_stmt -> TOKEN_KW_DO block TOKEN_KW_WHILE TOKEN_LPAREN expr TOKEN_RPAREN TOKEN_SEMICOLON .)
    TOKEN_PLUS      reduce using rule 94 (do_stmt -> TOKEN_KW_DO block TOKEN_KW_WHILE TOKEN_LPAREN expr TOKEN_RPAREN TOKEN_SEMICOLON .)
    TOKEN_MINUS     reduce using rule 94 (do_stmt -> TOKEN_KW_DO block TOKEN_KW_WHILE TOKEN_LPAREN expr TOKEN_RPAREN TOKEN_SEMICOLON .)
    TOKEN_NOT       reduce using rule 94 (do_stmt -> TOKEN_KW_DO block TOKEN_KW_WHILE TOKEN_LPAREN expr TOKEN_RPAREN TOKEN_SEMICOLON .)
    TOKEN_BIT_NOT   reduce using rule 94 (do_stmt -> TOKEN_KW_DO block TOKEN_KW_WHILE TOKEN_LPAREN expr TOKEN_RPAREN TOKEN_SEMICOLON .)
    TOKEN_AMPERSAND reduce using rule 94 (do_stmt -> TOKEN_KW_DO block TOKEN_KW_WHILE TOKEN_LPAREN expr TOKEN_RPAREN TOKEN_SEMICOLON .)
    TOKEN_STAR      reduce using rule 94 (do_stmt -> TOKEN_KW_DO block TOKEN_KW_WHILE TOKEN_LPAREN expr TOKEN_RPAREN TOKEN_SEMICOLON .)
    TOKEN_KW_AWAIT  reduce using rule 94 (do_stmt -> TOKEN_KW_DO block TOKEN_KW_WHILE TOKEN_LPAREN expr TOKEN_RPAREN TOKEN_SEMICOLON .)
    TOKEN_KW_CONST  reduce using rule 94 (do_stmt -> TOKEN_KW_DO block TOKEN_KW_WHILE TOKEN_LPAREN expr TOKEN_RPAREN TOKEN_SEMICOLON .)
    TOKEN_KW_MUT    reduce using rule 94 (do_stmt -> TOKEN_KW_DO block TOKEN_KW_WHILE TOKEN_LPAREN expr TOKEN_RPAREN TOKEN_SEMICOLON .)
    TOKEN_KW_STATIC reduce using rule 94 (do_stmt -> TOKEN_KW_DO block TOKEN_KW_WHILE TOKEN_LPAREN expr TOKEN_RPAREN TOKEN_SEMICOLON .)
    TOKEN_KW_VOLATILE reduce using rule 94 (do_stmt -> TOKEN_KW_DO block TOKEN_KW_WHILE TOKEN_LPAREN expr TOKEN_RPAREN TOKEN_SEMICOLON .)
    TOKEN_KW_ATOMIC reduce using rule 94 (do_stmt -> TOKEN_KW_DO block TOKEN_KW_WHILE TOKEN_LPAREN expr TOKEN_RPAREN TOKEN_SEMICOLON .)
    TOKEN_KW_SHARED reduce using rule 94 (do_stmt -> TOKEN_KW_DO block TOKEN_KW_WHILE TOKEN_LPAREN expr TOKEN_RPAREN TOKEN_SEMICOLON .)
    TOKEN_KW_PRIVATE reduce using rule 94 (do_stmt -> TOKEN_KW_DO block TOKEN_KW_WHILE TOKEN_LPAREN expr TOKEN_RPAREN TOKEN_SEMICOLON .)
    TOKEN_KW_PUBLIC reduce using rule 94 (do_stmt -> TOKEN_KW_DO block TOKEN_KW_WHILE TOKEN_LPAREN expr TOKEN_RPAREN TOKEN_SEMICOLON .)
    TOKEN_IDENTIFIER reduce using rule 94 (do_stmt -> TOKEN_KW_DO block TOKEN_KW_WHILE TOKEN_LPAREN expr TOKEN_RPAREN TOKEN_SEMICOLON .)
    TOKEN_LPAREN    reduce using rule 94 (do_stmt -> TOKEN_KW_DO block TOKEN_KW_WHILE TOKEN_LPAREN expr TOKEN_RPAREN TOKEN_SEMICOLON .)
    TOKEN_KW_NULL   reduce using rule 94 (do_stmt -> TOKEN_KW_DO block TOKEN_KW_WHILE TOKEN_LPAREN expr TOKEN_RPAREN TOKEN_SEMICOLON .)
    TOKEN_INT_LITERAL reduce using rule 94 (do_stmt -> TOKEN_KW_DO block TOKEN_KW_WHILE TOKEN_LPAREN expr TOKEN_RPAREN TOKEN_SEMICOLON .)
    TOKEN_FLOAT_LITERAL reduce using rule 94 (do_stmt -> TOKEN_KW_DO block TOKEN_KW_WHILE TOKEN_LPAREN expr TOKEN_RPAREN TOKEN_SEMICOLON .)
    TOKEN_CHAR_LITERAL reduce using rule 94 (do_stmt -> TOKEN_KW_DO block TOKEN_KW_WHILE TOKEN_LPAREN expr TOKEN_RPAREN TOKEN_SEMICOLON .)
    TOKEN_STRING_LITERAL reduce using rule 94 (do_stmt -> TOKEN_KW_DO block TOKEN_KW_WHILE TOKEN_LPAREN expr TOKEN_RPAREN TOKEN_SEMICOLON .)
    TOKEN_BOOL_LITERAL reduce using rule 94 (do_stmt -> TOKEN_KW_DO block TOKEN_KW_WHILE TOKEN_LPAREN expr TOKEN_RPAREN TOKEN_SEMICOLON .)


state 382

    (96) for_init -> type TOKEN_IDENTIFIER TOKEN_ASSIGN expr TOKEN_COMMA . expr TOKEN_COMMA expr
    (113) expr -> . assignment
    (159) expr -> . TOKEN_KW_CAST type TOKEN_ARROW expr
    (3) assignment -> . unary TOKEN_LSHIFT_ASSIGN assignment
    (14) assignment -> . unary TOKEN_RSHIFT_ASSIGN assignment
    (131) assignment -> . ternary
    (142) assignment -> . unary TOKEN_ASSIGN assignment
    (153) assignment -> . unary TOKEN_PLUS_EQ assignment
    (164) assignment -> . unary TOKEN_MINUS_EQ assignment
    (175) assignment -> . unary TOKEN_STAR_EQ assignment
    (186) assignment -> . unary TOKEN_SLASH_EQ assignment
    (197) assignment -> . unary TOKEN_MOD_EQ assignment
    (143) unary -> . TOKEN_PLUS unary
    (144) unary -> . TOKEN_MINUS unary
    (145) unary -> . TOKEN_NOT unary
    (146) unary -> . TOKEN_BIT_NOT unary
    (147) unary -> . TOKEN_AMPERSAND unary
    (148) unary -> . TOKEN_STAR unary
    (149) unary -> . TOKEN_KW_AWAIT unary
    (150) unary -> . postfix
    (25) ternary -> . logical_or
    (36) ternary -> . logical_or TOKEN_QUESTION expr TOKEN_COLON ternary
    (151) postfix -> . primary
    (152) postfix -> . postfix TOKEN_LPAREN arg_list TOKEN_RPAREN
    (154) postfix -> . postfix TOKEN_LBRACKET expr TOKEN_RBRACKET
    (155) postfix -> . postfix TOKEN_DOT TOKEN_IDENTIFIER
    (156) postfix -> . postfix TOKEN_SCOPE_RES TOKEN_IDENTIFIER
    (157) postfix -> . postfix TOKEN_ARROW TOKEN_IDENTIFIER
    (158) postfix -> . postfix TOKEN_LEFT_ARROW TOKEN_IDENTIFIER
    (47) logical_or -> . logical_and
    (58) logical_or -> . logical_or TOKEN_OR logical_and
    (160) primary -> . TOKEN_IDENTIFIER
    (161) primary -> . factor
    (162) primary -> . TOKEN_LPAREN expr TOKEN_RPAREN
    (163) primary -> . TOKEN_KW_NULL
    (69) logical_and -> . bit_or
    (80) logical_and -> . logical_and TOKEN_AND bit_or
    (54) factor -> . TOKEN_INT_LITERAL
    (55) factor -> . TOKEN_FLOAT_LITERAL
    (56) factor -> . TOKEN_CHAR_LITERAL
    (57) factor -> . TOKEN_STRING_LITERAL
    (59) factor -> . TOKEN_BOOL_LITERAL
    (91) bit_or -> . xor
    (102) bit_or -> . bit_or TOKEN_BIT_OR xor
    (114) xor -> . bit_and
    (122) xor -> . xor TOKEN_XOR bit_and
    (123) bit_and -> . equality
    (124) bit_and -> . bit_and TOKEN_AMPERSAND equality
    (125) bit_and -> . bit_and TOKEN_NAND equality
    (126) equality -> . relational
    (127) equality -> . equality TOKEN_EQ relational
    (128) equality -> . equality TOKEN_NEQ relational
    (129) relational -> . additive
    (130) relational -> . relational TOKEN_LT additive
    (132) relational -> . relational TOKEN_GT additive
    (133) relational -> . relational TOKEN_LE additive
    (134) relational -> . relational TOKEN_GE additive
    (135) additive -> . multiplicative
    (136) additive -> . additive TOKEN_PLUS multiplicative
    (137) additive -> . additive TOKEN_MINUS multiplicative
    (138) multiplicative -> . unary
    (139) multiplicative -> . multiplicative TOKEN_STAR unary
    (140) multiplicative -> . multiplicative TOKEN_SLASH unary
    (141) multiplicative -> . multiplicative TOKEN_MOD unary

    TOKEN_KW_CAST   shift and go to state 75
    TOKEN_PLUS      shift and go to state 78
    TOKEN_MINUS     shift and go to state 79
    TOKEN_NOT       shift and go to state 80
    TOKEN_BIT_NOT   shift and go to state 81
    TOKEN_AMPERSAND shift and go to state 82
    TOKEN_STAR      shift and go to state 83
    TOKEN_KW_AWAIT  shift and go to state 84
    TOKEN_IDENTIFIER shift and go to state 72
    TOKEN_LPAREN    shift and go to state 88
    TOKEN_KW_NULL   shift and go to state 91
    TOKEN_INT_LITERAL shift and go to state 93
    TOKEN_FLOAT_LITERAL shift and go to state 94
    TOKEN_CHAR_LITERAL shift and go to state 95
    TOKEN_STRING_LITERAL shift and go to state 96
    TOKEN_BOOL_LITERAL shift and go to state 97

    expr                           shift and go to state 389
    assignment                     shift and go to state 74
    unary                          shift and go to state 76
    ternary                        shift and go to state 77
    postfix                        shift and go to state 85
    logical_or                     shift and go to state 86
    primary                        shift and go to state 87
    logical_and                    shift and go to state 89
    factor                         shift and go to state 90
    bit_or                         shift and go to state 92
    xor                            shift and go to state 98
    bit_and                        shift and go to state 99
    equality                       shift and go to state 100
    relational                     shift and go to state 101
    additive                       shift and go to state 102
    multiplicative                 shift and go to state 103

state 383

    (73) match_block -> TOKEN_LBRACE match_list . default_match_stmt TOKEN_RBRACE
    (74) match_block -> TOKEN_LBRACE match_list . TOKEN_RBRACE
    (75) match_list -> match_list . match_arm
    (108) default_match_stmt -> . TOKEN_KW_DEFAULT TOKEN_FAT_ARROW block TOKEN_SEMICOLON
    (77) match_arm -> . expr TOKEN_FAT_ARROW block TOKEN_SEMICOLON
    (113) expr -> . assignment
    (159) expr -> . TOKEN_KW_CAST type TOKEN_ARROW expr
    (3) assignment -> . unary TOKEN_LSHIFT_ASSIGN assignment
    (14) assignment -> . unary TOKEN_RSHIFT_ASSIGN assignment
    (131) assignment -> . ternary
    (142) assignment -> . unary TOKEN_ASSIGN assignment
    (153) assignment -> . unary TOKEN_PLUS_EQ assignment
    (164) assignment -> . unary TOKEN_MINUS_EQ assignment
    (175) assignment -> . unary TOKEN_STAR_EQ assignment
    (186) assignment -> . unary TOKEN_SLASH_EQ assignment
    (197) assignment -> . unary TOKEN_MOD_EQ assignment
    (143) unary -> . TOKEN_PLUS unary
    (144) unary -> . TOKEN_MINUS unary
    (145) unary -> . TOKEN_NOT unary
    (146) unary -> . TOKEN_BIT_NOT unary
    (147) unary -> . TOKEN_AMPERSAND unary
    (148) unary -> . TOKEN_STAR unary
    (149) unary -> . TOKEN_KW_AWAIT unary
    (150) unary -> . postfix
    (25) ternary -> . logical_or
    (36) ternary -> . logical_or TOKEN_QUESTION expr TOKEN_COLON ternary
    (151) postfix -> . primary
    (152) postfix -> . postfix TOKEN_LPAREN arg_list TOKEN_RPAREN
    (154) postfix -> . postfix TOKEN_LBRACKET expr TOKEN_RBRACKET
    (155) postfix -> . postfix TOKEN_DOT TOKEN_IDENTIFIER
    (156) postfix -> . postfix TOKEN_SCOPE_RES TOKEN_IDENTIFIER
    (157) postfix -> . postfix TOKEN_ARROW TOKEN_IDENTIFIER
    (158) postfix -> . postfix TOKEN_LEFT_ARROW TOKEN_IDENTIFIER
    (47) logical_or -> . logical_and
    (58) logical_or -> . logical_or TOKEN_OR logical_and
    (160) primary -> . TOKEN_IDENTIFIER
    (161) primary -> . factor
    (162) primary -> . TOKEN_LPAREN expr TOKEN_RPAREN
    (163) primary -> . TOKEN_KW_NULL
    (69) logical_and -> . bit_or
    (80) logical_and -> . logical_and TOKEN_AND bit_or
    (54) factor -> . TOKEN_INT_LITERAL
    (55) factor -> . TOKEN_FLOAT_LITERAL
    (56) factor -> . TOKEN_CHAR_LITERAL
    (57) factor -> . TOKEN_STRING_LITERAL
    (59) factor -> . TOKEN_BOOL_LITERAL
    (91) bit_or -> . xor
    (102) bit_or -> . bit_or TOKEN_BIT_OR xor
    (114) xor -> . bit_and
    (122) xor -> . xor TOKEN_XOR bit_and
    (123) bit_and -> . equality
    (124) bit_and -> . bit_and TOKEN_AMPERSAND equality
    (125) bit_and -> . bit_and TOKEN_NAND equality
    (126) equality -> . relational
    (127) equality -> . equality TOKEN_EQ relational
    (128) equality -> . equality TOKEN_NEQ relational
    (129) relational -> . additive
    (130) relational -> . relational TOKEN_LT additive
    (132) relational -> . relational TOKEN_GT additive
    (133) relational -> . relational TOKEN_LE additive
    (134) relational -> . relational TOKEN_GE additive
    (135) additive -> . multiplicative
    (136) additive -> . additive TOKEN_PLUS multiplicative
    (137) additive -> . additive TOKEN_MINUS multiplicative
    (138) multiplicative -> . unary
    (139) multiplicative -> . multiplicative TOKEN_STAR unary
    (140) multiplicative -> . multiplicative TOKEN_SLASH unary
    (141) multiplicative -> . multiplicative TOKEN_MOD unary

    TOKEN_RBRACE    shift and go to state 391
    TOKEN_KW_DEFAULT shift and go to state 393
    TOKEN_KW_CAST   shift and go to state 75
    TOKEN_PLUS      shift and go to state 78
    TOKEN_MINUS     shift and go to state 79
    TOKEN_NOT       shift and go to state 80
    TOKEN_BIT_NOT   shift and go to state 81
    TOKEN_AMPERSAND shift and go to state 82
    TOKEN_STAR      shift and go to state 83
    TOKEN_KW_AWAIT  shift and go to state 84
    TOKEN_IDENTIFIER shift and go to state 72
    TOKEN_LPAREN    shift and go to state 88
    TOKEN_KW_NULL   shift and go to state 91
    TOKEN_INT_LITERAL shift and go to state 93
    TOKEN_FLOAT_LITERAL shift and go to state 94
    TOKEN_CHAR_LITERAL shift and go to state 95
    TOKEN_STRING_LITERAL shift and go to state 96
    TOKEN_BOOL_LITERAL shift and go to state 97

    default_match_stmt             shift and go to state 390
    match_arm                      shift and go to state 392
    expr                           shift and go to state 385
    assignment                     shift and go to state 74
    unary                          shift and go to state 76
    ternary                        shift and go to state 77
    postfix                        shift and go to state 85
    logical_or                     shift and go to state 86
    primary                        shift and go to state 87
    logical_and                    shift and go to state 89
    factor                         shift and go to state 90
    bit_or                         shift and go to state 92
    xor                            shift and go to state 98
    bit_and                        shift and go to state 99
    equality                       shift and go to state 100
    relational                     shift and go to state 101
    additive                       shift and go to state 102
    multiplicative                 shift and go to state 103

state 384

    (76) match_list -> match_arm .

    TOKEN_RBRACE    reduce using rule 76 (match_list -> match_arm .)
    TOKEN_KW_DEFAULT reduce using rule 76 (match_list -> match_arm .)
    TOKEN_KW_CAST   reduce using rule 76 (match_list -> match_arm .)
    TOKEN_PLUS      reduce using rule 76 (match_list -> match_arm .)
    TOKEN_MINUS     reduce using rule 76 (match_list -> match_arm .)
    TOKEN_NOT       reduce using rule 76 (match_list -> match_arm .)
    TOKEN_BIT_NOT   reduce using rule 76 (match_list -> match_arm .)
    TOKEN_AMPERSAND reduce using rule 76 (match_list -> match_arm .)
    TOKEN_STAR      reduce using rule 76 (match_list -> match_arm .)
    TOKEN_KW_AWAIT  reduce using rule 76 (match_list -> match_arm .)
    TOKEN_IDENTIFIER reduce using rule 76 (match_list -> match_arm .)
    TOKEN_LPAREN    reduce using rule 76 (match_list -> match_arm .)
    TOKEN_KW_NULL   reduce using rule 76 (match_list -> match_arm .)
    TOKEN_INT_LITERAL reduce using rule 76 (match_list -> match_arm .)
    TOKEN_FLOAT_LITERAL reduce using rule 76 (match_list -> match_arm .)
    TOKEN_CHAR_LITERAL reduce using rule 76 (match_list -> match_arm .)
    TOKEN_STRING_LITERAL reduce using rule 76 (match_list -> match_arm .)
    TOKEN_BOOL_LITERAL reduce using rule 76 (match_list -> match_arm .)


state 385

    (77) match_arm -> expr . TOKEN_FAT_ARROW block TOKEN_SEMICOLON

    TOKEN_FAT_ARROW shift and go to state 394


state 386

    (117) catch_stmt -> TOKEN_KW_CATCH TOKEN_LPAREN TOKEN_IDENTIFIER TOKEN_RPAREN TOKEN_COLON TOKEN_LBRACE stmt_list . TOKEN_RBRACE
    (192) stmt_list -> stmt_list . stmt
    (169) stmt -> . var_decl
    (170) stmt -> . expr_stmt
    (171) stmt -> . if_stmt
    (172) stmt -> . while_stmt
    (173) stmt -> . do_stmt
    (174) stmt -> . for_stmt
    (176) stmt -> . switch_stmt
    (177) stmt -> . return_stmt
    (178) stmt -> . break_stmt
    (179) stmt -> . continue_stmt
    (180) stmt -> . match_stmt
    (181) stmt -> . defer_stmt
    (182) stmt -> . import_stmt
    (183) stmt -> . module_stmt
    (184) stmt -> . try_stmt
    (185) stmt -> . catch_stmt
    (187) stmt -> . raise_stmt
    (188) stmt -> . spawn_stmt
    (189) stmt -> . select_stmt
    (190) stmt -> . lock_stmt
    (191) stmt -> . block
    (12) var_decl -> . type TOKEN_IDENTIFIER TOKEN_ASSIGN expr TOKEN_SEMICOLON
    (13) var_decl -> . type TOKEN_IDENTIFIER TOKEN_SEMICOLON
    (15) var_decl -> . type TOKEN_IDENTIFIER array_struct TOKEN_ASSIGN array_init TOKEN_SEMICOLON
    (16) var_decl -> . type TOKEN_IDENTIFIER array_struct TOKEN_SEMICOLON
    (2) expr_stmt -> . expr TOKEN_SEMICOLON
    (87) if_stmt -> . TOKEN_KW_IF TOKEN_LPAREN expr TOKEN_RPAREN block else
    (93) while_stmt -> . TOKEN_KW_WHILE TOKEN_LPAREN expr TOKEN_RPAREN stmt
    (94) do_stmt -> . TOKEN_KW_DO block TOKEN_KW_WHILE TOKEN_LPAREN expr TOKEN_RPAREN TOKEN_SEMICOLON
    (95) for_stmt -> . TOKEN_KW_FOR TOKEN_LPAREN for_init TOKEN_RPAREN stmt
    (97) switch_stmt -> . TOKEN_KW_SWITCH TOKEN_LPAREN expr TOKEN_RPAREN case_block
    (105) return_stmt -> . TOKEN_KW_RETURN expr TOKEN_SEMICOLON
    (106) return_stmt -> . TOKEN_KW_RETURN TOKEN_SEMICOLON
    (101) break_stmt -> . TOKEN_KW_BREAK TOKEN_SEMICOLON
    (100) continue_stmt -> . TOKEN_KW_CONTINUE TOKEN_SEMICOLON
    (107) match_stmt -> . TOKEN_KW_MATCH TOKEN_LPAREN expr TOKEN_RPAREN TOKEN_COLON match_block
    (109) defer_stmt -> . TOKEN_KW_DEFER TOKEN_LPAREN expr TOKEN_RPAREN TOKEN_SEMICOLON
    (110) import_stmt -> . TOKEN_GT TOKEN_KW_IMPORT TOKEN_IDENTIFIER
    (111) module_stmt -> . TOKEN_KW_MODULE module_list TOKEN_SEMICOLON
    (116) try_stmt -> . TOKEN_KW_TRY TOKEN_COLON TOKEN_LBRACE stmt_list TOKEN_RBRACE catch_stmt
    (117) catch_stmt -> . TOKEN_KW_CATCH TOKEN_LPAREN TOKEN_IDENTIFIER TOKEN_RPAREN TOKEN_COLON TOKEN_LBRACE stmt_list TOKEN_RBRACE
    (118) raise_stmt -> . TOKEN_KW_RAISE expr TOKEN_SEMICOLON
    (119) spawn_stmt -> . TOKEN_KW_SPAWN expr TOKEN_SEMICOLON
    (120) select_stmt -> . TOKEN_KW_SELECT case_block
    (121) lock_stmt -> . TOKEN_KW_LOCK TOKEN_LPAREN expr TOKEN_RPAREN block
    (68) block -> . TOKEN_LBRACE stmt_list TOKEN_RBRACE
    (70) block -> . TOKEN_LBRACE TOKEN_RBRACE
    (31) type -> . channel_type
    (32) type -> . pointer_type
    (113) expr -> . assignment
    (159) expr -> . TOKEN_KW_CAST type TOKEN_ARROW expr
    (37) channel_type -> . TOKEN_KW_CHAN type
    (33) pointer_type -> . pointer_type TOKEN_STAR
    (34) pointer_type -> . pointer_type TOKEN_AMPERSAND
    (35) pointer_type -> . base_type
    (3) assignment -> . unary TOKEN_LSHIFT_ASSIGN assignment
    (14) assignment -> . unary TOKEN_RSHIFT_ASSIGN assignment
    (131) assignment -> . ternary
    (142) assignment -> . unary TOKEN_ASSIGN assignment
    (153) assignment -> . unary TOKEN_PLUS_EQ assignment
    (164) assignment -> . unary TOKEN_MINUS_EQ assignment
    (175) assignment -> . unary TOKEN_STAR_EQ assignment
    (186) assignment -> . unary TOKEN_SLASH_EQ assignment
    (197) assignment -> . unary TOKEN_MOD_EQ assignment
    (38) base_type -> . modifier_list TOKEN_KW_INT
    (39) base_type -> . modifier_list TOKEN_KW_SHORT
    (40) base_type -> . modifier_list TOKEN_KW_LONG
    (41) base_type -> . modifier_list TOKEN_KW_BYTE
    (42) base_type -> . modifier_list TOKEN_KW_FLOAT
    (43) base_type -> . modifier_list TOKEN_KW_DOUBLE
    (44) base_type -> . modifier_list TOKEN_KW_CHAR
    (45) base_type -> . modifier_list TOKEN_KW_STRING
    (46) base_type -> . modifier_list TOKEN_KW_BOOL
    (48) base_type -> . modifier_list TOKEN_KW_STRUCT
    (49) base_type -> . modifier_list TOKEN_KW_ENUM
    (50) base_type -> . modifier_list TOKEN_KW_UNION
    (51) base_type -> . modifier_list TOKEN_KW_VOID
    (52) base_type -> . TOKEN_KW_MUTEX
    (53) base_type -> . modifier_list TOKEN_IDENTIFIER
    (143) unary -> . TOKEN_PLUS unary
    (144) unary -> . TOKEN_MINUS unary
    (145) unary -> . TOKEN_NOT unary
    (146) unary -> . TOKEN_BIT_NOT unary
    (147) unary -> . TOKEN_AMPERSAND unary
    (148) unary -> . TOKEN_STAR unary
    (149) unary -> . TOKEN_KW_AWAIT unary
    (150) unary -> . postfix
    (25) ternary -> . logical_or
    (36) ternary -> . logical_or TOKEN_QUESTION expr TOKEN_COLON ternary
    (29) modifier_list -> . modifier_list modifier
    (30) modifier_list -> . modifier
    (151) postfix -> . primary
    (152) postfix -> . postfix TOKEN_LPAREN arg_list TOKEN_RPAREN
    (154) postfix -> . postfix TOKEN_LBRACKET expr TOKEN_RBRACKET
    (155) postfix -> . postfix TOKEN_DOT TOKEN_IDENTIFIER
    (156) postfix -> . postfix TOKEN_SCOPE_RES TOKEN_IDENTIFIER
    (157) postfix -> . postfix TOKEN_ARROW TOKEN_IDENTIFIER
    (158) postfix -> . postfix TOKEN_LEFT_ARROW TOKEN_IDENTIFIER
    (47) logical_or -> . logical_and
    (58) logical_or -> . logical_or TOKEN_OR logical_and
    (20) modifier -> . TOKEN_KW_CONST
    (21) modifier -> . TOKEN_KW_MUT
    (22) modifier -> . TOKEN_KW_STATIC
    (23) modifier -> . TOKEN_KW_VOLATILE
    (24) modifier -> . TOKEN_KW_ATOMIC
    (26) modifier -> . TOKEN_KW_SHARED
    (27) modifier -> . TOKEN_KW_PRIVATE
    (28) modifier -> . TOKEN_KW_PUBLIC
    (160) primary -> . TOKEN_IDENTIFIER
    (161) primary -> . factor
    (162) primary -> . TOKEN_LPAREN expr TOKEN_RPAREN
    (163) primary -> . TOKEN_KW_NULL
    (69) logical_and -> . bit_or
    (80) logical_and -> . logical_and TOKEN_AND bit_or
    (54) factor -> . TOKEN_INT_LITERAL
    (55) factor -> . TOKEN_FLOAT_LITERAL
    (56) factor -> . TOKEN_CHAR_LITERAL
    (57) factor -> . TOKEN_STRING_LITERAL
    (59) factor -> . TOKEN_BOOL_LITERAL
    (91) bit_or -> . xor
    (102) bit_or -> . bit_or TOKEN_BIT_OR xor
    (114) xor -> . bit_and
    (122) xor -> . xor TOKEN_XOR bit_and
    (123) bit_and -> . equality
    (124) bit_and -> . bit_and TOKEN_AMPERSAND equality
    (125) bit_and -> . bit_and TOKEN_NAND equality
    (126) equality -> . relational
    (127) equality -> . equality TOKEN_EQ relational
    (128) equality -> . equality TOKEN_NEQ relational
    (129) relational -> . additive
    (130) relational -> . relational TOKEN_LT additive
    (132) relational -> . relational TOKEN_GT additive
    (133) relational -> . relational TOKEN_LE additive
    (134) relational -> . relational TOKEN_GE additive
    (135) additive -> . multiplicative
    (136) additive -> . additive TOKEN_PLUS multiplicative
    (137) additive -> . additive TOKEN_MINUS multiplicative
    (138) multiplicative -> . unary
    (139) multiplicative -> . multiplicative TOKEN_STAR unary
    (140) multiplicative -> . multiplicative TOKEN_SLASH unary
    (141) multiplicative -> . multiplicative TOKEN_MOD unary

    TOKEN_RBRACE    shift and go to state 395
    TOKEN_KW_IF     shift and go to state 271
    TOKEN_KW_WHILE  shift and go to state 272
    TOKEN_KW_DO     shift and go to state 273
    TOKEN_KW_FOR    shift and go to state 274
    TOKEN_KW_SWITCH shift and go to state 275
    TOKEN_KW_RETURN shift and go to state 276
    TOKEN_KW_BREAK  shift and go to state 277
    TOKEN_KW_CONTINUE shift and go to state 278
    TOKEN_KW_MATCH  shift and go to state 279
    TOKEN_KW_DEFER  shift and go to state 280
    TOKEN_GT        shift and go to state 281
    TOKEN_KW_MODULE shift and go to state 282
    TOKEN_KW_TRY    shift and go to state 283
    TOKEN_KW_CATCH  shift and go to state 284
    TOKEN_KW_RAISE  shift and go to state 285
    TOKEN_KW_SPAWN  shift and go to state 286
    TOKEN_KW_SELECT shift and go to state 287
    TOKEN_KW_LOCK   shift and go to state 288
    TOKEN_LBRACE    shift and go to state 246
    TOKEN_KW_CAST   shift and go to state 75
    TOKEN_KW_CHAN   shift and go to state 20
    TOKEN_KW_MUTEX  shift and go to state 23
    TOKEN_PLUS      shift and go to state 78
    TOKEN_MINUS     shift and go to state 79
    TOKEN_NOT       shift and go to state 80
    TOKEN_BIT_NOT   shift and go to state 81
    TOKEN_AMPERSAND shift and go to state 82
    TOKEN_STAR      shift and go to state 83
    TOKEN_KW_AWAIT  shift and go to state 84
    TOKEN_KW_CONST  shift and go to state 25
    TOKEN_KW_MUT    shift and go to state 26
    TOKEN_KW_STATIC shift and go to state 27
    TOKEN_KW_VOLATILE shift and go to state 28
    TOKEN_KW_ATOMIC shift and go to state 29
    TOKEN_KW_SHARED shift and go to state 30
    TOKEN_KW_PRIVATE shift and go to state 31
    TOKEN_KW_PUBLIC shift and go to state 32
    TOKEN_IDENTIFIER shift and go to state 72
    TOKEN_LPAREN    shift and go to state 88
    TOKEN_KW_NULL   shift and go to state 91
    TOKEN_INT_LITERAL shift and go to state 93
    TOKEN_FLOAT_LITERAL shift and go to state 94
    TOKEN_CHAR_LITERAL shift and go to state 95
    TOKEN_STRING_LITERAL shift and go to state 96
    TOKEN_BOOL_LITERAL shift and go to state 97

    stmt                           shift and go to state 293
    var_decl                       shift and go to state 249
    expr_stmt                      shift and go to state 250
    if_stmt                        shift and go to state 251
    while_stmt                     shift and go to state 252
    do_stmt                        shift and go to state 253
    for_stmt                       shift and go to state 254
    switch_stmt                    shift and go to state 255
    return_stmt                    shift and go to state 256
    break_stmt                     shift and go to state 257
    continue_stmt                  shift and go to state 258
    match_stmt                     shift and go to state 259
    defer_stmt                     shift and go to state 260
    import_stmt                    shift and go to state 261
    module_stmt                    shift and go to state 262
    try_stmt                       shift and go to state 263
    catch_stmt                     shift and go to state 264
    raise_stmt                     shift and go to state 265
    spawn_stmt                     shift and go to state 266
    select_stmt                    shift and go to state 267
    lock_stmt                      shift and go to state 268
    block                          shift and go to state 269
    type                           shift and go to state 11
    expr                           shift and go to state 270
    channel_type                   shift and go to state 18
    pointer_type                   shift and go to state 19
    assignment                     shift and go to state 74
    base_type                      shift and go to state 21
    unary                          shift and go to state 76
    ternary                        shift and go to state 77
    modifier_list                  shift and go to state 22
    postfix                        shift and go to state 85
    logical_or                     shift and go to state 86
    modifier                       shift and go to state 24
    primary                        shift and go to state 87
    logical_and                    shift and go to state 89
    factor                         shift and go to state 90
    bit_or                         shift and go to state 92
    xor                            shift and go to state 98
    bit_and                        shift and go to state 99
    equality                       shift and go to state 100
    relational                     shift and go to state 101
    additive                       shift and go to state 102
    multiplicative                 shift and go to state 103

state 387

    (99) default_stmt -> TOKEN_KW_DEFAULT TOKEN_COLON block TOKEN_KW_BREAK . TOKEN_SEMICOLON

    TOKEN_SEMICOLON shift and go to state 396


state 388

    (98) case_stmt -> TOKEN_KW_CASE expr TOKEN_COLON block TOKEN_KW_BREAK . TOKEN_SEMICOLON

    TOKEN_SEMICOLON shift and go to state 397


state 389

    (96) for_init -> type TOKEN_IDENTIFIER TOKEN_ASSIGN expr TOKEN_COMMA expr . TOKEN_COMMA expr

    TOKEN_COMMA     shift and go to state 398


state 390

    (73) match_block -> TOKEN_LBRACE match_list default_match_stmt . TOKEN_RBRACE

    TOKEN_RBRACE    shift and go to state 399


state 391

    (74) match_block -> TOKEN_LBRACE match_list TOKEN_RBRACE .

    TOKEN_RBRACE    reduce using rule 74 (match_block -> TOKEN_LBRACE match_list TOKEN_RBRACE .)
    TOKEN_KW_IF     reduce using rule 74 (match_block -> TOKEN_LBRACE match_list TOKEN_RBRACE .)
    TOKEN_KW_WHILE  reduce using rule 74 (match_block -> TOKEN_LBRACE match_list TOKEN_RBRACE .)
    TOKEN_KW_DO     reduce using rule 74 (match_block -> TOKEN_LBRACE match_list TOKEN_RBRACE .)
    TOKEN_KW_FOR    reduce using rule 74 (match_block -> TOKEN_LBRACE match_list TOKEN_RBRACE .)
    TOKEN_KW_SWITCH reduce using rule 74 (match_block -> TOKEN_LBRACE match_list TOKEN_RBRACE .)
    TOKEN_KW_RETURN reduce using rule 74 (match_block -> TOKEN_LBRACE match_list TOKEN_RBRACE .)
    TOKEN_KW_BREAK  reduce using rule 74 (match_block -> TOKEN_LBRACE match_list TOKEN_RBRACE .)
    TOKEN_KW_CONTINUE reduce using rule 74 (match_block -> TOKEN_LBRACE match_list TOKEN_RBRACE .)
    TOKEN_KW_MATCH  reduce using rule 74 (match_block -> TOKEN_LBRACE match_list TOKEN_RBRACE .)
    TOKEN_KW_DEFER  reduce using rule 74 (match_block -> TOKEN_LBRACE match_list TOKEN_RBRACE .)
    TOKEN_GT        reduce using rule 74 (match_block -> TOKEN_LBRACE match_list TOKEN_RBRACE .)
    TOKEN_KW_MODULE reduce using rule 74 (match_block -> TOKEN_LBRACE match_list TOKEN_RBRACE .)
    TOKEN_KW_TRY    reduce using rule 74 (match_block -> TOKEN_LBRACE match_list TOKEN_RBRACE .)
    TOKEN_KW_CATCH  reduce using rule 74 (match_block -> TOKEN_LBRACE match_list TOKEN_RBRACE .)
    TOKEN_KW_RAISE  reduce using rule 74 (match_block -> TOKEN_LBRACE match_list TOKEN_RBRACE .)
    TOKEN_KW_SPAWN  reduce using rule 74 (match_block -> TOKEN_LBRACE match_list TOKEN_RBRACE .)
    TOKEN_KW_SELECT reduce using rule 74 (match_block -> TOKEN_LBRACE match_list TOKEN_RBRACE .)
    TOKEN_KW_LOCK   reduce using rule 74 (match_block -> TOKEN_LBRACE match_list TOKEN_RBRACE .)
    TOKEN_LBRACE    reduce using rule 74 (match_block -> TOKEN_LBRACE match_list TOKEN_RBRACE .)
    TOKEN_KW_CAST   reduce using rule 74 (match_block -> TOKEN_LBRACE match_list TOKEN_RBRACE .)
    TOKEN_KW_CHAN   reduce using rule 74 (match_block -> TOKEN_LBRACE match_list TOKEN_RBRACE .)
    TOKEN_KW_MUTEX  reduce using rule 74 (match_block -> TOKEN_LBRACE match_list TOKEN_RBRACE .)
    TOKEN_PLUS      reduce using rule 74 (match_block -> TOKEN_LBRACE match_list TOKEN_RBRACE .)
    TOKEN_MINUS     reduce using rule 74 (match_block -> TOKEN_LBRACE match_list TOKEN_RBRACE .)
    TOKEN_NOT       reduce using rule 74 (match_block -> TOKEN_LBRACE match_list TOKEN_RBRACE .)
    TOKEN_BIT_NOT   reduce using rule 74 (match_block -> TOKEN_LBRACE match_list TOKEN_RBRACE .)
    TOKEN_AMPERSAND reduce using rule 74 (match_block -> TOKEN_LBRACE match_list TOKEN_RBRACE .)
    TOKEN_STAR      reduce using rule 74 (match_block -> TOKEN_LBRACE match_list TOKEN_RBRACE .)
    TOKEN_KW_AWAIT  reduce using rule 74 (match_block -> TOKEN_LBRACE match_list TOKEN_RBRACE .)
    TOKEN_KW_CONST  reduce using rule 74 (match_block -> TOKEN_LBRACE match_list TOKEN_RBRACE .)
    TOKEN_KW_MUT    reduce using rule 74 (match_block -> TOKEN_LBRACE match_list TOKEN_RBRACE .)
    TOKEN_KW_STATIC reduce using rule 74 (match_block -> TOKEN_LBRACE match_list TOKEN_RBRACE .)
    TOKEN_KW_VOLATILE reduce using rule 74 (match_block -> TOKEN_LBRACE match_list TOKEN_RBRACE .)
    TOKEN_KW_ATOMIC reduce using rule 74 (match_block -> TOKEN_LBRACE match_list TOKEN_RBRACE .)
    TOKEN_KW_SHARED reduce using rule 74 (match_block -> TOKEN_LBRACE match_list TOKEN_RBRACE .)
    TOKEN_KW_PRIVATE reduce using rule 74 (match_block -> TOKEN_LBRACE match_list TOKEN_RBRACE .)
    TOKEN_KW_PUBLIC reduce using rule 74 (match_block -> TOKEN_LBRACE match_list TOKEN_RBRACE .)
    TOKEN_IDENTIFIER reduce using rule 74 (match_block -> TOKEN_LBRACE match_list TOKEN_RBRACE .)
    TOKEN_LPAREN    reduce using rule 74 (match_block -> TOKEN_LBRACE match_list TOKEN_RBRACE .)
    TOKEN_KW_NULL   reduce using rule 74 (match_block -> TOKEN_LBRACE match_list TOKEN_RBRACE .)
    TOKEN_INT_LITERAL reduce using rule 74 (match_block -> TOKEN_LBRACE match_list TOKEN_RBRACE .)
    TOKEN_FLOAT_LITERAL reduce using rule 74 (match_block -> TOKEN_LBRACE match_list TOKEN_RBRACE .)
    TOKEN_CHAR_LITERAL reduce using rule 74 (match_block -> TOKEN_LBRACE match_list TOKEN_RBRACE .)
    TOKEN_STRING_LITERAL reduce using rule 74 (match_block -> TOKEN_LBRACE match_list TOKEN_RBRACE .)
    TOKEN_BOOL_LITERAL reduce using rule 74 (match_block -> TOKEN_LBRACE match_list TOKEN_RBRACE .)


state 392

    (75) match_list -> match_list match_arm .

    TOKEN_RBRACE    reduce using rule 75 (match_list -> match_list match_arm .)
    TOKEN_KW_DEFAULT reduce using rule 75 (match_list -> match_list match_arm .)
    TOKEN_KW_CAST   reduce using rule 75 (match_list -> match_list match_arm .)
    TOKEN_PLUS      reduce using rule 75 (match_list -> match_list match_arm .)
    TOKEN_MINUS     reduce using rule 75 (match_list -> match_list match_arm .)
    TOKEN_NOT       reduce using rule 75 (match_list -> match_list match_arm .)
    TOKEN_BIT_NOT   reduce using rule 75 (match_list -> match_list match_arm .)
    TOKEN_AMPERSAND reduce using rule 75 (match_list -> match_list match_arm .)
    TOKEN_STAR      reduce using rule 75 (match_list -> match_list match_arm .)
    TOKEN_KW_AWAIT  reduce using rule 75 (match_list -> match_list match_arm .)
    TOKEN_IDENTIFIER reduce using rule 75 (match_list -> match_list match_arm .)
    TOKEN_LPAREN    reduce using rule 75 (match_list -> match_list match_arm .)
    TOKEN_KW_NULL   reduce using rule 75 (match_list -> match_list match_arm .)
    TOKEN_INT_LITERAL reduce using rule 75 (match_list -> match_list match_arm .)
    TOKEN_FLOAT_LITERAL reduce using rule 75 (match_list -> match_list match_arm .)
    TOKEN_CHAR_LITERAL reduce using rule 75 (match_list -> match_list match_arm .)
    TOKEN_STRING_LITERAL reduce using rule 75 (match_list -> match_list match_arm .)
    TOKEN_BOOL_LITERAL reduce using rule 75 (match_list -> match_list match_arm .)


state 393

    (108) default_match_stmt -> TOKEN_KW_DEFAULT . TOKEN_FAT_ARROW block TOKEN_SEMICOLON

    TOKEN_FAT_ARROW shift and go to state 400


state 394

    (77) match_arm -> expr TOKEN_FAT_ARROW . block TOKEN_SEMICOLON
    (68) block -> . TOKEN_LBRACE stmt_list TOKEN_RBRACE
    (70) block -> . TOKEN_LBRACE TOKEN_RBRACE

    TOKEN_LBRACE    shift and go to state 246

    block                          shift and go to state 401

state 395

    (117) catch_stmt -> TOKEN_KW_CATCH TOKEN_LPAREN TOKEN_IDENTIFIER TOKEN_RPAREN TOKEN_COLON TOKEN_LBRACE stmt_list TOKEN_RBRACE .

    TOKEN_RBRACE    reduce using rule 117 (catch_stmt -> TOKEN_KW_CATCH TOKEN_LPAREN TOKEN_IDENTIFIER TOKEN_RPAREN TOKEN_COLON TOKEN_LBRACE stmt_list TOKEN_RBRACE .)
    TOKEN_KW_IF     reduce using rule 117 (catch_stmt -> TOKEN_KW_CATCH TOKEN_LPAREN TOKEN_IDENTIFIER TOKEN_RPAREN TOKEN_COLON TOKEN_LBRACE stmt_list TOKEN_RBRACE .)
    TOKEN_KW_WHILE  reduce using rule 117 (catch_stmt -> TOKEN_KW_CATCH TOKEN_LPAREN TOKEN_IDENTIFIER TOKEN_RPAREN TOKEN_COLON TOKEN_LBRACE stmt_list TOKEN_RBRACE .)
    TOKEN_KW_DO     reduce using rule 117 (catch_stmt -> TOKEN_KW_CATCH TOKEN_LPAREN TOKEN_IDENTIFIER TOKEN_RPAREN TOKEN_COLON TOKEN_LBRACE stmt_list TOKEN_RBRACE .)
    TOKEN_KW_FOR    reduce using rule 117 (catch_stmt -> TOKEN_KW_CATCH TOKEN_LPAREN TOKEN_IDENTIFIER TOKEN_RPAREN TOKEN_COLON TOKEN_LBRACE stmt_list TOKEN_RBRACE .)
    TOKEN_KW_SWITCH reduce using rule 117 (catch_stmt -> TOKEN_KW_CATCH TOKEN_LPAREN TOKEN_IDENTIFIER TOKEN_RPAREN TOKEN_COLON TOKEN_LBRACE stmt_list TOKEN_RBRACE .)
    TOKEN_KW_RETURN reduce using rule 117 (catch_stmt -> TOKEN_KW_CATCH TOKEN_LPAREN TOKEN_IDENTIFIER TOKEN_RPAREN TOKEN_COLON TOKEN_LBRACE stmt_list TOKEN_RBRACE .)
    TOKEN_KW_BREAK  reduce using rule 117 (catch_stmt -> TOKEN_KW_CATCH TOKEN_LPAREN TOKEN_IDENTIFIER TOKEN_RPAREN TOKEN_COLON TOKEN_LBRACE stmt_list TOKEN_RBRACE .)
    TOKEN_KW_CONTINUE reduce using rule 117 (catch_stmt -> TOKEN_KW_CATCH TOKEN_LPAREN TOKEN_IDENTIFIER TOKEN_RPAREN TOKEN_COLON TOKEN_LBRACE stmt_list TOKEN_RBRACE .)
    TOKEN_KW_MATCH  reduce using rule 117 (catch_stmt -> TOKEN_KW_CATCH TOKEN_LPAREN TOKEN_IDENTIFIER TOKEN_RPAREN TOKEN_COLON TOKEN_LBRACE stmt_list TOKEN_RBRACE .)
    TOKEN_KW_DEFER  reduce using rule 117 (catch_stmt -> TOKEN_KW_CATCH TOKEN_LPAREN TOKEN_IDENTIFIER TOKEN_RPAREN TOKEN_COLON TOKEN_LBRACE stmt_list TOKEN_RBRACE .)
    TOKEN_GT        reduce using rule 117 (catch_stmt -> TOKEN_KW_CATCH TOKEN_LPAREN TOKEN_IDENTIFIER TOKEN_RPAREN TOKEN_COLON TOKEN_LBRACE stmt_list TOKEN_RBRACE .)
    TOKEN_KW_MODULE reduce using rule 117 (catch_stmt -> TOKEN_KW_CATCH TOKEN_LPAREN TOKEN_IDENTIFIER TOKEN_RPAREN TOKEN_COLON TOKEN_LBRACE stmt_list TOKEN_RBRACE .)
    TOKEN_KW_TRY    reduce using rule 117 (catch_stmt -> TOKEN_KW_CATCH TOKEN_LPAREN TOKEN_IDENTIFIER TOKEN_RPAREN TOKEN_COLON TOKEN_LBRACE stmt_list TOKEN_RBRACE .)
    TOKEN_KW_CATCH  reduce using rule 117 (catch_stmt -> TOKEN_KW_CATCH TOKEN_LPAREN TOKEN_IDENTIFIER TOKEN_RPAREN TOKEN_COLON TOKEN_LBRACE stmt_list TOKEN_RBRACE .)
    TOKEN_KW_RAISE  reduce using rule 117 (catch_stmt -> TOKEN_KW_CATCH TOKEN_LPAREN TOKEN_IDENTIFIER TOKEN_RPAREN TOKEN_COLON TOKEN_LBRACE stmt_list TOKEN_RBRACE .)
    TOKEN_KW_SPAWN  reduce using rule 117 (catch_stmt -> TOKEN_KW_CATCH TOKEN_LPAREN TOKEN_IDENTIFIER TOKEN_RPAREN TOKEN_COLON TOKEN_LBRACE stmt_list TOKEN_RBRACE .)
    TOKEN_KW_SELECT reduce using rule 117 (catch_stmt -> TOKEN_KW_CATCH TOKEN_LPAREN TOKEN_IDENTIFIER TOKEN_RPAREN TOKEN_COLON TOKEN_LBRACE stmt_list TOKEN_RBRACE .)
    TOKEN_KW_LOCK   reduce using rule 117 (catch_stmt -> TOKEN_KW_CATCH TOKEN_LPAREN TOKEN_IDENTIFIER TOKEN_RPAREN TOKEN_COLON TOKEN_LBRACE stmt_list TOKEN_RBRACE .)
    TOKEN_LBRACE    reduce using rule 117 (catch_stmt -> TOKEN_KW_CATCH TOKEN_LPAREN TOKEN_IDENTIFIER TOKEN_RPAREN TOKEN_COLON TOKEN_LBRACE stmt_list TOKEN_RBRACE .)
    TOKEN_KW_CAST   reduce using rule 117 (catch_stmt -> TOKEN_KW_CATCH TOKEN_LPAREN TOKEN_IDENTIFIER TOKEN_RPAREN TOKEN_COLON TOKEN_LBRACE stmt_list TOKEN_RBRACE .)
    TOKEN_KW_CHAN   reduce using rule 117 (catch_stmt -> TOKEN_KW_CATCH TOKEN_LPAREN TOKEN_IDENTIFIER TOKEN_RPAREN TOKEN_COLON TOKEN_LBRACE stmt_list TOKEN_RBRACE .)
    TOKEN_KW_MUTEX  reduce using rule 117 (catch_stmt -> TOKEN_KW_CATCH TOKEN_LPAREN TOKEN_IDENTIFIER TOKEN_RPAREN TOKEN_COLON TOKEN_LBRACE stmt_list TOKEN_RBRACE .)
    TOKEN_PLUS      reduce using rule 117 (catch_stmt -> TOKEN_KW_CATCH TOKEN_LPAREN TOKEN_IDENTIFIER TOKEN_RPAREN TOKEN_COLON TOKEN_LBRACE stmt_list TOKEN_RBRACE .)
    TOKEN_MINUS     reduce using rule 117 (catch_stmt -> TOKEN_KW_CATCH TOKEN_LPAREN TOKEN_IDENTIFIER TOKEN_RPAREN TOKEN_COLON TOKEN_LBRACE stmt_list TOKEN_RBRACE .)
    TOKEN_NOT       reduce using rule 117 (catch_stmt -> TOKEN_KW_CATCH TOKEN_LPAREN TOKEN_IDENTIFIER TOKEN_RPAREN TOKEN_COLON TOKEN_LBRACE stmt_list TOKEN_RBRACE .)
    TOKEN_BIT_NOT   reduce using rule 117 (catch_stmt -> TOKEN_KW_CATCH TOKEN_LPAREN TOKEN_IDENTIFIER TOKEN_RPAREN TOKEN_COLON TOKEN_LBRACE stmt_list TOKEN_RBRACE .)
    TOKEN_AMPERSAND reduce using rule 117 (catch_stmt -> TOKEN_KW_CATCH TOKEN_LPAREN TOKEN_IDENTIFIER TOKEN_RPAREN TOKEN_COLON TOKEN_LBRACE stmt_list TOKEN_RBRACE .)
    TOKEN_STAR      reduce using rule 117 (catch_stmt -> TOKEN_KW_CATCH TOKEN_LPAREN TOKEN_IDENTIFIER TOKEN_RPAREN TOKEN_COLON TOKEN_LBRACE stmt_list TOKEN_RBRACE .)
    TOKEN_KW_AWAIT  reduce using rule 117 (catch_stmt -> TOKEN_KW_CATCH TOKEN_LPAREN TOKEN_IDENTIFIER TOKEN_RPAREN TOKEN_COLON TOKEN_LBRACE stmt_list TOKEN_RBRACE .)
    TOKEN_KW_CONST  reduce using rule 117 (catch_stmt -> TOKEN_KW_CATCH TOKEN_LPAREN TOKEN_IDENTIFIER TOKEN_RPAREN TOKEN_COLON TOKEN_LBRACE stmt_list TOKEN_RBRACE .)
    TOKEN_KW_MUT    reduce using rule 117 (catch_stmt -> TOKEN_KW_CATCH TOKEN_LPAREN TOKEN_IDENTIFIER TOKEN_RPAREN TOKEN_COLON TOKEN_LBRACE stmt_list TOKEN_RBRACE .)
    TOKEN_KW_STATIC reduce using rule 117 (catch_stmt -> TOKEN_KW_CATCH TOKEN_LPAREN TOKEN_IDENTIFIER TOKEN_RPAREN TOKEN_COLON TOKEN_LBRACE stmt_list TOKEN_RBRACE .)
    TOKEN_KW_VOLATILE reduce using rule 117 (catch_stmt -> TOKEN_KW_CATCH TOKEN_LPAREN TOKEN_IDENTIFIER TOKEN_RPAREN TOKEN_COLON TOKEN_LBRACE stmt_list TOKEN_RBRACE .)
    TOKEN_KW_ATOMIC reduce using rule 117 (catch_stmt -> TOKEN_KW_CATCH TOKEN_LPAREN TOKEN_IDENTIFIER TOKEN_RPAREN TOKEN_COLON TOKEN_LBRACE stmt_list TOKEN_RBRACE .)
    TOKEN_KW_SHARED reduce using rule 117 (catch_stmt -> TOKEN_KW_CATCH TOKEN_LPAREN TOKEN_IDENTIFIER TOKEN_RPAREN TOKEN_COLON TOKEN_LBRACE stmt_list TOKEN_RBRACE .)
    TOKEN_KW_PRIVATE reduce using rule 117 (catch_stmt -> TOKEN_KW_CATCH TOKEN_LPAREN TOKEN_IDENTIFIER TOKEN_RPAREN TOKEN_COLON TOKEN_LBRACE stmt_list TOKEN_RBRACE .)
    TOKEN_KW_PUBLIC reduce using rule 117 (catch_stmt -> TOKEN_KW_CATCH TOKEN_LPAREN TOKEN_IDENTIFIER TOKEN_RPAREN TOKEN_COLON TOKEN_LBRACE stmt_list TOKEN_RBRACE .)
    TOKEN_IDENTIFIER reduce using rule 117 (catch_stmt -> TOKEN_KW_CATCH TOKEN_LPAREN TOKEN_IDENTIFIER TOKEN_RPAREN TOKEN_COLON TOKEN_LBRACE stmt_list TOKEN_RBRACE .)
    TOKEN_LPAREN    reduce using rule 117 (catch_stmt -> TOKEN_KW_CATCH TOKEN_LPAREN TOKEN_IDENTIFIER TOKEN_RPAREN TOKEN_COLON TOKEN_LBRACE stmt_list TOKEN_RBRACE .)
    TOKEN_KW_NULL   reduce using rule 117 (catch_stmt -> TOKEN_KW_CATCH TOKEN_LPAREN TOKEN_IDENTIFIER TOKEN_RPAREN TOKEN_COLON TOKEN_LBRACE stmt_list TOKEN_RBRACE .)
    TOKEN_INT_LITERAL reduce using rule 117 (catch_stmt -> TOKEN_KW_CATCH TOKEN_LPAREN TOKEN_IDENTIFIER TOKEN_RPAREN TOKEN_COLON TOKEN_LBRACE stmt_list TOKEN_RBRACE .)
    TOKEN_FLOAT_LITERAL reduce using rule 117 (catch_stmt -> TOKEN_KW_CATCH TOKEN_LPAREN TOKEN_IDENTIFIER TOKEN_RPAREN TOKEN_COLON TOKEN_LBRACE stmt_list TOKEN_RBRACE .)
    TOKEN_CHAR_LITERAL reduce using rule 117 (catch_stmt -> TOKEN_KW_CATCH TOKEN_LPAREN TOKEN_IDENTIFIER TOKEN_RPAREN TOKEN_COLON TOKEN_LBRACE stmt_list TOKEN_RBRACE .)
    TOKEN_STRING_LITERAL reduce using rule 117 (catch_stmt -> TOKEN_KW_CATCH TOKEN_LPAREN TOKEN_IDENTIFIER TOKEN_RPAREN TOKEN_COLON TOKEN_LBRACE stmt_list TOKEN_RBRACE .)
    TOKEN_BOOL_LITERAL reduce using rule 117 (catch_stmt -> TOKEN_KW_CATCH TOKEN_LPAREN TOKEN_IDENTIFIER TOKEN_RPAREN TOKEN_COLON TOKEN_LBRACE stmt_list TOKEN_RBRACE .)


state 396

    (99) default_stmt -> TOKEN_KW_DEFAULT TOKEN_COLON block TOKEN_KW_BREAK TOKEN_SEMICOLON .

    TOKEN_RBRACE    reduce using rule 99 (default_stmt -> TOKEN_KW_DEFAULT TOKEN_COLON block TOKEN_KW_BREAK TOKEN_SEMICOLON .)


state 397

    (98) case_stmt -> TOKEN_KW_CASE expr TOKEN_COLON block TOKEN_KW_BREAK TOKEN_SEMICOLON .

    TOKEN_RBRACE    reduce using rule 98 (case_stmt -> TOKEN_KW_CASE expr TOKEN_COLON block TOKEN_KW_BREAK TOKEN_SEMICOLON .)
    TOKEN_KW_DEFAULT reduce using rule 98 (case_stmt -> TOKEN_KW_CASE expr TOKEN_COLON block TOKEN_KW_BREAK TOKEN_SEMICOLON .)
    TOKEN_KW_CASE   reduce using rule 98 (case_stmt -> TOKEN_KW_CASE expr TOKEN_COLON block TOKEN_KW_BREAK TOKEN_SEMICOLON .)


state 398

    (96) for_init -> type TOKEN_IDENTIFIER TOKEN_ASSIGN expr TOKEN_COMMA expr TOKEN_COMMA . expr
    (113) expr -> . assignment
    (159) expr -> . TOKEN_KW_CAST type TOKEN_ARROW expr
    (3) assignment -> . unary TOKEN_LSHIFT_ASSIGN assignment
    (14) assignment -> . unary TOKEN_RSHIFT_ASSIGN assignment
    (131) assignment -> . ternary
    (142) assignment -> . unary TOKEN_ASSIGN assignment
    (153) assignment -> . unary TOKEN_PLUS_EQ assignment
    (164) assignment -> . unary TOKEN_MINUS_EQ assignment
    (175) assignment -> . unary TOKEN_STAR_EQ assignment
    (186) assignment -> . unary TOKEN_SLASH_EQ assignment
    (197) assignment -> . unary TOKEN_MOD_EQ assignment
    (143) unary -> . TOKEN_PLUS unary
    (144) unary -> . TOKEN_MINUS unary
    (145) unary -> . TOKEN_NOT unary
    (146) unary -> . TOKEN_BIT_NOT unary
    (147) unary -> . TOKEN_AMPERSAND unary
    (148) unary -> . TOKEN_STAR unary
    (149) unary -> . TOKEN_KW_AWAIT unary
    (150) unary -> . postfix
    (25) ternary -> . logical_or
    (36) ternary -> . logical_or TOKEN_QUESTION expr TOKEN_COLON ternary
    (151) postfix -> . primary
    (152) postfix -> . postfix TOKEN_LPAREN arg_list TOKEN_RPAREN
    (154) postfix -> . postfix TOKEN_LBRACKET expr TOKEN_RBRACKET
    (155) postfix -> . postfix TOKEN_DOT TOKEN_IDENTIFIER
    (156) postfix -> . postfix TOKEN_SCOPE_RES TOKEN_IDENTIFIER
    (157) postfix -> . postfix TOKEN_ARROW TOKEN_IDENTIFIER
    (158) postfix -> . postfix TOKEN_LEFT_ARROW TOKEN_IDENTIFIER
    (47) logical_or -> . logical_and
    (58) logical_or -> . logical_or TOKEN_OR logical_and
    (160) primary -> . TOKEN_IDENTIFIER
    (161) primary -> . factor
    (162) primary -> . TOKEN_LPAREN expr TOKEN_RPAREN
    (163) primary -> . TOKEN_KW_NULL
    (69) logical_and -> . bit_or
    (80) logical_and -> . logical_and TOKEN_AND bit_or
    (54) factor -> . TOKEN_INT_LITERAL
    (55) factor -> . TOKEN_FLOAT_LITERAL
    (56) factor -> . TOKEN_CHAR_LITERAL
    (57) factor -> . TOKEN_STRING_LITERAL
    (59) factor -> . TOKEN_BOOL_LITERAL
    (91) bit_or -> . xor
    (102) bit_or -> . bit_or TOKEN_BIT_OR xor
    (114) xor -> . bit_and
    (122) xor -> . xor TOKEN_XOR bit_and
    (123) bit_and -> . equality
    (124) bit_and -> . bit_and TOKEN_AMPERSAND equality
    (125) bit_and -> . bit_and TOKEN_NAND equality
    (126) equality -> . relational
    (127) equality -> . equality TOKEN_EQ relational
    (128) equality -> . equality TOKEN_NEQ relational
    (129) relational -> . additive
    (130) relational -> . relational TOKEN_LT additive
    (132) relational -> . relational TOKEN_GT additive
    (133) relational -> . relational TOKEN_LE additive
    (134) relational -> . relational TOKEN_GE additive
    (135) additive -> . multiplicative
    (136) additive -> . additive TOKEN_PLUS multiplicative
    (137) additive -> . additive TOKEN_MINUS multiplicative
    (138) multiplicative -> . unary
    (139) multiplicative -> . multiplicative TOKEN_STAR unary
    (140) multiplicative -> . multiplicative TOKEN_SLASH unary
    (141) multiplicative -> . multiplicative TOKEN_MOD unary

    TOKEN_KW_CAST   shift and go to state 75
    TOKEN_PLUS      shift and go to state 78
    TOKEN_MINUS     shift and go to state 79
    TOKEN_NOT       shift and go to state 80
    TOKEN_BIT_NOT   shift and go to state 81
    TOKEN_AMPERSAND shift and go to state 82
    TOKEN_STAR      shift and go to state 83
    TOKEN_KW_AWAIT  shift and go to state 84
    TOKEN_IDENTIFIER shift and go to state 72
    TOKEN_LPAREN    shift and go to state 88
    TOKEN_KW_NULL   shift and go to state 91
    TOKEN_INT_LITERAL shift and go to state 93
    TOKEN_FLOAT_LITERAL shift and go to state 94
    TOKEN_CHAR_LITERAL shift and go to state 95
    TOKEN_STRING_LITERAL shift and go to state 96
    TOKEN_BOOL_LITERAL shift and go to state 97

    expr                           shift and go to state 402
    assignment                     shift and go to state 74
    unary                          shift and go to state 76
    ternary                        shift and go to state 77
    postfix                        shift and go to state 85
    logical_or                     shift and go to state 86
    primary                        shift and go to state 87
    logical_and                    shift and go to state 89
    factor                         shift and go to state 90
    bit_or                         shift and go to state 92
    xor                            shift and go to state 98
    bit_and                        shift and go to state 99
    equality                       shift and go to state 100
    relational                     shift and go to state 101
    additive                       shift and go to state 102
    multiplicative                 shift and go to state 103

state 399

    (73) match_block -> TOKEN_LBRACE match_list default_match_stmt TOKEN_RBRACE .

    TOKEN_RBRACE    reduce using rule 73 (match_block -> TOKEN_LBRACE match_list default_match_stmt TOKEN_RBRACE .)
    TOKEN_KW_IF     reduce using rule 73 (match_block -> TOKEN_LBRACE match_list default_match_stmt TOKEN_RBRACE .)
    TOKEN_KW_WHILE  reduce using rule 73 (match_block -> TOKEN_LBRACE match_list default_match_stmt TOKEN_RBRACE .)
    TOKEN_KW_DO     reduce using rule 73 (match_block -> TOKEN_LBRACE match_list default_match_stmt TOKEN_RBRACE .)
    TOKEN_KW_FOR    reduce using rule 73 (match_block -> TOKEN_LBRACE match_list default_match_stmt TOKEN_RBRACE .)
    TOKEN_KW_SWITCH reduce using rule 73 (match_block -> TOKEN_LBRACE match_list default_match_stmt TOKEN_RBRACE .)
    TOKEN_KW_RETURN reduce using rule 73 (match_block -> TOKEN_LBRACE match_list default_match_stmt TOKEN_RBRACE .)
    TOKEN_KW_BREAK  reduce using rule 73 (match_block -> TOKEN_LBRACE match_list default_match_stmt TOKEN_RBRACE .)
    TOKEN_KW_CONTINUE reduce using rule 73 (match_block -> TOKEN_LBRACE match_list default_match_stmt TOKEN_RBRACE .)
    TOKEN_KW_MATCH  reduce using rule 73 (match_block -> TOKEN_LBRACE match_list default_match_stmt TOKEN_RBRACE .)
    TOKEN_KW_DEFER  reduce using rule 73 (match_block -> TOKEN_LBRACE match_list default_match_stmt TOKEN_RBRACE .)
    TOKEN_GT        reduce using rule 73 (match_block -> TOKEN_LBRACE match_list default_match_stmt TOKEN_RBRACE .)
    TOKEN_KW_MODULE reduce using rule 73 (match_block -> TOKEN_LBRACE match_list default_match_stmt TOKEN_RBRACE .)
    TOKEN_KW_TRY    reduce using rule 73 (match_block -> TOKEN_LBRACE match_list default_match_stmt TOKEN_RBRACE .)
    TOKEN_KW_CATCH  reduce using rule 73 (match_block -> TOKEN_LBRACE match_list default_match_stmt TOKEN_RBRACE .)
    TOKEN_KW_RAISE  reduce using rule 73 (match_block -> TOKEN_LBRACE match_list default_match_stmt TOKEN_RBRACE .)
    TOKEN_KW_SPAWN  reduce using rule 73 (match_block -> TOKEN_LBRACE match_list default_match_stmt TOKEN_RBRACE .)
    TOKEN_KW_SELECT reduce using rule 73 (match_block -> TOKEN_LBRACE match_list default_match_stmt TOKEN_RBRACE .)
    TOKEN_KW_LOCK   reduce using rule 73 (match_block -> TOKEN_LBRACE match_list default_match_stmt TOKEN_RBRACE .)
    TOKEN_LBRACE    reduce using rule 73 (match_block -> TOKEN_LBRACE match_list default_match_stmt TOKEN_RBRACE .)
    TOKEN_KW_CAST   reduce using rule 73 (match_block -> TOKEN_LBRACE match_list default_match_stmt TOKEN_RBRACE .)
    TOKEN_KW_CHAN   reduce using rule 73 (match_block -> TOKEN_LBRACE match_list default_match_stmt TOKEN_RBRACE .)
    TOKEN_KW_MUTEX  reduce using rule 73 (match_block -> TOKEN_LBRACE match_list default_match_stmt TOKEN_RBRACE .)
    TOKEN_PLUS      reduce using rule 73 (match_block -> TOKEN_LBRACE match_list default_match_stmt TOKEN_RBRACE .)
    TOKEN_MINUS     reduce using rule 73 (match_block -> TOKEN_LBRACE match_list default_match_stmt TOKEN_RBRACE .)
    TOKEN_NOT       reduce using rule 73 (match_block -> TOKEN_LBRACE match_list default_match_stmt TOKEN_RBRACE .)
    TOKEN_BIT_NOT   reduce using rule 73 (match_block -> TOKEN_LBRACE match_list default_match_stmt TOKEN_RBRACE .)
    TOKEN_AMPERSAND reduce using rule 73 (match_block -> TOKEN_LBRACE match_list default_match_stmt TOKEN_RBRACE .)
    TOKEN_STAR      reduce using rule 73 (match_block -> TOKEN_LBRACE match_list default_match_stmt TOKEN_RBRACE .)
    TOKEN_KW_AWAIT  reduce using rule 73 (match_block -> TOKEN_LBRACE match_list default_match_stmt TOKEN_RBRACE .)
    TOKEN_KW_CONST  reduce using rule 73 (match_block -> TOKEN_LBRACE match_list default_match_stmt TOKEN_RBRACE .)
    TOKEN_KW_MUT    reduce using rule 73 (match_block -> TOKEN_LBRACE match_list default_match_stmt TOKEN_RBRACE .)
    TOKEN_KW_STATIC reduce using rule 73 (match_block -> TOKEN_LBRACE match_list default_match_stmt TOKEN_RBRACE .)
    TOKEN_KW_VOLATILE reduce using rule 73 (match_block -> TOKEN_LBRACE match_list default_match_stmt TOKEN_RBRACE .)
    TOKEN_KW_ATOMIC reduce using rule 73 (match_block -> TOKEN_LBRACE match_list default_match_stmt TOKEN_RBRACE .)
    TOKEN_KW_SHARED reduce using rule 73 (match_block -> TOKEN_LBRACE match_list default_match_stmt TOKEN_RBRACE .)
    TOKEN_KW_PRIVATE reduce using rule 73 (match_block -> TOKEN_LBRACE match_list default_match_stmt TOKEN_RBRACE .)
    TOKEN_KW_PUBLIC reduce using rule 73 (match_block -> TOKEN_LBRACE match_list default_match_stmt TOKEN_RBRACE .)
    TOKEN_IDENTIFIER reduce using rule 73 (match_block -> TOKEN_LBRACE match_list default_match_stmt TOKEN_RBRACE .)
    TOKEN_LPAREN    reduce using rule 73 (match_block -> TOKEN_LBRACE match_list default_match_stmt TOKEN_RBRACE .)
    TOKEN_KW_NULL   reduce using rule 73 (match_block -> TOKEN_LBRACE match_list default_match_stmt TOKEN_RBRACE .)
    TOKEN_INT_LITERAL reduce using rule 73 (match_block -> TOKEN_LBRACE match_list default_match_stmt TOKEN_RBRACE .)
    TOKEN_FLOAT_LITERAL reduce using rule 73 (match_block -> TOKEN_LBRACE match_list default_match_stmt TOKEN_RBRACE .)
    TOKEN_CHAR_LITERAL reduce using rule 73 (match_block -> TOKEN_LBRACE match_list default_match_stmt TOKEN_RBRACE .)
    TOKEN_STRING_LITERAL reduce using rule 73 (match_block -> TOKEN_LBRACE match_list default_match_stmt TOKEN_RBRACE .)
    TOKEN_BOOL_LITERAL reduce using rule 73 (match_block -> TOKEN_LBRACE match_list default_match_stmt TOKEN_RBRACE .)


state 400

    (108) default_match_stmt -> TOKEN_KW_DEFAULT TOKEN_FAT_ARROW . block TOKEN_SEMICOLON
    (68) block -> . TOKEN_LBRACE stmt_list TOKEN_RBRACE
    (70) block -> . TOKEN_LBRACE TOKEN_RBRACE

    TOKEN_LBRACE    shift and go to state 246

    block                          shift and go to state 403

state 401

    (77) match_arm -> expr TOKEN_FAT_ARROW block . TOKEN_SEMICOLON

    TOKEN_SEMICOLON shift and go to state 404


state 402

    (96) for_init -> type TOKEN_IDENTIFIER TOKEN_ASSIGN expr TOKEN_COMMA expr TOKEN_COMMA expr .

    TOKEN_RPAREN    reduce using rule 96 (for_init -> type TOKEN_IDENTIFIER TOKEN_ASSIGN expr TOKEN_COMMA expr TOKEN_COMMA expr .)


state 403

    (108) default_match_stmt -> TOKEN_KW_DEFAULT TOKEN_FAT_ARROW block . TOKEN_SEMICOLON

    TOKEN_SEMICOLON shift and go to state 405


state 404

    (77) match_arm -> expr TOKEN_FAT_ARROW block TOKEN_SEMICOLON .

    TOKEN_RBRACE    reduce using rule 77 (match_arm -> expr TOKEN_FAT_ARROW block TOKEN_SEMICOLON .)
    TOKEN_KW_DEFAULT reduce using rule 77 (match_arm -> expr TOKEN_FAT_ARROW block TOKEN_SEMICOLON .)
    TOKEN_KW_CAST   reduce using rule 77 (match_arm -> expr TOKEN_FAT_ARROW block TOKEN_SEMICOLON .)
    TOKEN_PLUS      reduce using rule 77 (match_arm -> expr TOKEN_FAT_ARROW block TOKEN_SEMICOLON .)
    TOKEN_MINUS     reduce using rule 77 (match_arm -> expr TOKEN_FAT_ARROW block TOKEN_SEMICOLON .)
    TOKEN_NOT       reduce using rule 77 (match_arm -> expr TOKEN_FAT_ARROW block TOKEN_SEMICOLON .)
    TOKEN_BIT_NOT   reduce using rule 77 (match_arm -> expr TOKEN_FAT_ARROW block TOKEN_SEMICOLON .)
    TOKEN_AMPERSAND reduce using rule 77 (match_arm -> expr TOKEN_FAT_ARROW block TOKEN_SEMICOLON .)
    TOKEN_STAR      reduce using rule 77 (match_arm -> expr TOKEN_FAT_ARROW block TOKEN_SEMICOLON .)
    TOKEN_KW_AWAIT  reduce using rule 77 (match_arm -> expr TOKEN_FAT_ARROW block TOKEN_SEMICOLON .)
    TOKEN_IDENTIFIER reduce using rule 77 (match_arm -> expr TOKEN_FAT_ARROW block TOKEN_SEMICOLON .)
    TOKEN_LPAREN    reduce using rule 77 (match_arm -> expr TOKEN_FAT_ARROW block TOKEN_SEMICOLON .)
    TOKEN_KW_NULL   reduce using rule 77 (match_arm -> expr TOKEN_FAT_ARROW block TOKEN_SEMICOLON .)
    TOKEN_INT_LITERAL reduce using rule 77 (match_arm -> expr TOKEN_FAT_ARROW block TOKEN_SEMICOLON .)
    TOKEN_FLOAT_LITERAL reduce using rule 77 (match_arm -> expr TOKEN_FAT_ARROW block TOKEN_SEMICOLON .)
    TOKEN_CHAR_LITERAL reduce using rule 77 (match_arm -> expr TOKEN_FAT_ARROW block TOKEN_SEMICOLON .)
    TOKEN_STRING_LITERAL reduce using rule 77 (match_arm -> expr TOKEN_FAT_ARROW block TOKEN_SEMICOLON .)
    TOKEN_BOOL_LITERAL reduce using rule 77 (match_arm -> expr TOKEN_FAT_ARROW block TOKEN_SEMICOLON .)


state 405

    (108) default_match_stmt -> TOKEN_KW_DEFAULT TOKEN_FAT_ARROW block TOKEN_SEMICOLON .

    TOKEN_RBRACE    reduce using rule 108 (default_match_stmt -> TOKEN_KW_DEFAULT TOKEN_FAT_ARROW block TOKEN_SEMICOLON .)

